:020000041000EA
:1000000000B5324B212058609868022188439860DF
:10001000D860186158612E4B002199600221596106
:100020000121F02299502B49196001219960352056
:1000300000F044F80222904214D00621196600F024
:1000400034F8196E01211966002018661A6600F04E
:100050002CF8196E196E196E052000F02FF8012189
:100060000842F9D1002199601B49196000215960AB
:100070001A491B48016001219960EB211966A021F2
:10008000196600F012F800219960164914480160C1
:100090000121996001BC002800D000471248134993
:1000A000086003C880F30888084703B5996A0420EC
:1000B0000142FBD001200142F8D103BD02B5186610
:1000C0001866FFF7F2FF186E186E02BD00000240BE
:1000D000000000180000070000035F00212200005C
:1000E000F4000018222000A00001001008ED00E03C
:1000F00000000000000000000000000074B24E7A12
:1001000000200420E3010010CB010010CD010010FD
:10011000C9010010C9010010C9010010C901001077
:10012000C9010010C9010010C9010010CF01001061
:10013000C9010010C9010010D1010010D301001045
:10014000C1010010C1010010C1010010C101001067
:10015000C1010010C1010010C1010010C101001057
:10016000C1010010C1010010C1010010C101001047
:10017000C1010010C1010010C1010010C101001037
:10018000C1010010C1010010C1010010C101001027
:10019000C1010010C1010010C1010010C101001017
:1001A000C1010010C1010010C1010010C101001007
:1001B000C1010010C1010010C1010010C1010010F7
:1001C000EFF30580103800BE00BE00BE00BE00BECA
:1001D00000BE00BE00202149086006C881F30888DF
:1001E00010471F480068002801D00020F3E70DA445
:1001F0000ECC002902D000F012F8F9E719491A4A8A
:10020000002000E001C19142FCD1184988471849FB
:1002100088471849884700BEFDE701C901C29A42D4
:10022000FBD3704778020010C00000202423002078
:10023000DC24001030230020842600203028001009
:1002400000000420000004203028001000100420CA
:1002500000100420000000007047000008ED00E0DE
:10026000000000D084260020F02A0020392200203F
:10027000090100208D020020B0B500AF054B064AF1
:100280009A60054B1D68054B1B681C002B009D46A2
:10029000A047C04600ED00E0003000100430001020
:1002A00080B500AF00F016F803001A000123534098
:1002B000DBB2002B01D0FFF7DFFFC046BD4680BD9B
:1002C00080B582B000AF7860396000F04FF8FFF77A
:1002D000D3FF0000104B114A1B6812681B6812689C
:1002E000002010B5934215D080211800D21A490180
:1002F00000F016F900280DD009490A4800F060F90D
:10030000002807D008220849064802F083F8434233
:100310005841C0B210BDC046F4250020F025002091
:10032000B827002004FA0320B82400200D4B012038
:1003300070B5002201269C460B4D40420821AB5C63
:1003400058400300644633405B4223404008013973
:1003500058400029F5D1A32301329B009A42EDD1E8
:10036000C04370BD2083B8ED04FA032070B586B099
:10037000FFF7DCFFA323314C9B00E35883425BD1A2
:10038000A368002B58D000238026019376012B4BC5
:10039000019A9B689A4209D3294B186800F0B8F873
:1003A00000216422080001F027FEFEE7E368012B2C
:1003B00011D12000103000F02BF900283CD0206D26
:1003C00000F0A0F9002837D0656DA36D0093002DD3
:1003D00006D100F0AAF9019B503401330193D6E70E
:1003E0000295B54200D90296029800F061F9039097
:1003F000002821D03200009902F00CF8002814D017
:10040000EFF3108372B6F0220593009B12069B183F
:1004100018003100049302F0A9F8320003990498FF
:1004200002F0E6F8059B83F310888022029B5201BC
:10043000ED1A009B9B18C9E706B070BD04FA0320B3
:10044000B8270020FEE7FEE70020704770B5094C92
:10045000094A236810684B43C018EFF3108572B641
:10046000F0231B062168C01802F080F885F310887D
:10047000002070BD84260020B42700200A4810B553
:1004800000680A4C4843821820688018EFF31084F3
:1004900072B6F022120680181900029A02F0A8F82B
:1004A00084F31088002010BD84260020B42700208B
:1004B00010B50C00074908480968614389180268AB
:1004C00018005118029A01F08BFF044B00201C60A9
:1004D00010BDC04684260020B4270020DC26002062
:1004E000802370B5074C05002200046006495B01BB
:1004F000064801F01BF82B6824185A1C6C602A600F
:10050000187870BD04E7032088260020E02600202C
:1005100010B501000148FFF799FF10BD60270020CA
:10052000F8B51C4B0D0018601B4B1700196080229A
:1005300000211A4801F04EFF194C542200212000DE
:1005400001F048FF174BE5616360174BA360174B41
:10055000E360174B236180235B006361A361002D7F
:1005600004D02900380001F07BFE050010236362EF
:10057000F033A362E3620F4B210063630E4B074825
:10058000A3630E4B2562E36300F0EEFDC043C00F92
:10059000F8BDC046B427002084260020E0260020B5
:1005A00060270020F9020020C502002095020020EB
:1005B0009102002004F9032004F8032004F703202B
:1005C000F0B50F4B99B006000D0000930D4A0123C2
:1005D0000D4803A900F0F6FE002802DA002019B049
:1005E000F0BDA427BF003B003200074803A900F07C
:1005F0009DFFB842F2D1054B01201B682B60EEE74E
:1006000004260020C1240020E0260020DC26002053
:10061000F0B500271F4B87B003931F701E4B0200DD
:1006200000931E4901231E4800F0CCFEB8422BDB8C
:1006300005AC022322001949194800F077FF02286F
:1006400022D11649164801F079F823781F2B02D1E0
:1006500063788B2B02D0012007B0F0BD01F09AF92E
:100660008022104C104B2000104912022760676056
:10067000A36001F090F9200001F001FB002805D0F3
:100680000649074801F05AF80020E5E70123039ADC
:100690001370E0E7EC2A0020F825002088260020CF
:1006A000E0260020005203202903002004670320D5
:1006B0000F4B70B51B7805000E4C002B0BD12B0097
:1006C00022000D490D4800F031FF281A43425841DD
:1006D0004042204070BD0A48651944618461C5618B
:1006E00001F068F903000020012BF3D82000F1E7A6
:1006F000EC2A00200457032088260020E026002052
:100700000052032070B5802604007601002C01D130
:10071000012070BD2500B44200D935002800FFF744
:10072000C7FF0028F5D0641BF0E7704710B50B68D1
:1007300004689C4201D1002010BD4068496888428D
:10074000F9D08C42F7D0181A431E9841F4E783057C
:100750009B1501335A42534118188005800D04300F
:1007600070470200836A2832002B03D08B4202D1EB
:100770001B68136070471A001B68F5E7F0B58BB073
:10078000109E0493129B0992F218836E0C00DB6991
:1007900006909A4205D8C36E002B20D0049A93424B
:1007A0001DD8542040420BB0F0BD6168A5684D19BA
:1007B000AE4248D28E4217D3129BAD1B9D4200D948
:1007C0001D00E368711A59182A00119801F008FEFB
:1007D000119B76195B191193129B5B1B1293129B51
:1007E000002B2CD11298DEE7129B8F1B9F422BD936
:1007F0001F0029E0049B2360059BF31A08936360A4
:10080000099B5F1E039BFF18BF191900380001F0F8
:1008100027FDEB697F1A9F4200D91F00059BAA6A3A
:100820009B1BFF18974200D91700A760009728006C
:10083000E368089A0499079DA8470028B3D1236864
:10084000049A9A42B1D0129F069B30009D6E6B694C
:100850001900039301F004FD6B68099A0793129B3A
:1008600005919342C6D30029C4D1039B129A9342A7
:10087000C0D81900380001F0F3FC7B1A280005915C
:10088000039300933200119B0499079DA847002809
:1008900000D088E7039A119BB6189B181193059B0B
:1008A000129ADB1BD31899E7F0B5036886688DB000
:1008B0008905050006938F0DBE4200D93E00002435
:1008C00013680793536808936B680993A64206D888
:1008D000AB680020BB4221D0BB4240411DE0321B2F
:1008E0000592082A01D908230593059B06990293CE
:1008F0000AAB0193089B08001B190093079BFFF7A5
:100900003DFF00280AD1099B059A19190AA801F090
:1009100081FD002804D0C043C00F01300DB0F0BDF0
:10092000059BE418D2E7F8B5C7690C68083F0E00CC
:100930000020BC4215D33900200001F091FC0138A1
:1009400001F088FC023080003900201A01F088FC98
:10095000050001F07FFC8000241A28006F43E41B8F
:100960003460F8BDF0B50C001500496B85B0002B64
:1009700007D05518012B04D00D00022B01D1E56AD8
:100980005519436FAB4232D32E008D4220D0236BDA
:1009900000935B0329D5876EE26BFB699A421AD0FC
:1009A0000291380002A9FFF7BEFF03A901903800A9
:1009B0000395FFF7B8FF019B83420CD1636C039A48
:1009C000934208D8A16C5B189A4204D26563E26333
:1009D000300005B0F0BD009BDB0202D401235B4276
:1009E0002364044B009A1A4022636563F0E71626DD
:1009F0007642EDE7FFFFFBFF10B50C00826AFF2196
:100A0000E06801F0E7FC01235B42236010BD0000B9
:100A1000F0B59FB01393C36E06000F000592002B34
:100A20000BD01268934204D85424644220001FB0B3
:100A3000F0BD059A52689342F6D9002516AB16957B
:100A400017950693079504220292069AAB0001922D
:100A500000220092059A3100D35830000422FFF79B
:100A60008DFE041E62D003005433DFD1069B043395
:100A70000693012D58D1079B05999A00059B9B5819
:100A80003B60079B5B192B400D939B00CB587B6011
:100A900016ABD358BB600023FB6002331193033BBA
:100AA0000793BB4B18AA11CB11C2390001200422B5
:100AB0000831404200F04CFE079B012505930023BE
:100AC000149010930F9309936D4208932800FFF739
:100AD0003EFE089BB26E1B1808930423029315ABCD
:100AE0000193089B3100009330003B68D269FFF707
:100AF00045FE041E26D02300543397D10025FB6801
:100B00000693002B00D04FE13B687A687B600D9B19
:100B10003A609B0016AA9B58BB60119B012B00D129
:100B200082E701231193BCE701258CE70123069A94
:100B30006B409B0016A912685B58D31A834295DD5F
:100B4000079593E70422149815A900F001FE159B60
:100B500014901BBA6B4006931593A34209DAF02355
:100B60002D0DDB001D408B4BED186B425D41EDB24E
:100B7000C5E70698FFF7EBFDB36EDB690C93089BA6
:100B80000C9AC318934200D9FFE0F021A0223B68E1
:100B9000C9001293089B250004330B93069BD200D7
:100BA0001B0D0B40011F0E91934254D1042302935D
:100BB0001CAB01930B9B310000933000129B0C9AED
:100BC000FFF7DCFD041E96D11C9A149B9A4295D126
:100BD000159B069A1B0DDB075A40069214A90422A6
:100BE000F06A00F0B5FDF0621598FFF7B0FD089BC4
:100BF000C018069BF8603B61099BBB82189BBB61D8
:100C0000199BFB610F9BFB7501235B421493059BB2
:100C10000793069D5AE70E9B5B1B0A93082B01D98D
:100C200008230A930C9B31005A1B0A9B3000029345
:100C30001CAB01930B9BEB180093129BFFF79EFDDF
:100C4000041E00D057E70A9A14981CA900F080FDF2
:100C50000A9B1490ED180E9BAB42DCD8159BE0214B
:100C60001D0D2A00C9000A400D421DD1099A1B031F
:100C70009B0D9A4201D8013309931599249B139D2A
:100C8000139A4B401D401A42C3D13B6827981C93CE
:100C90000B9B1CAA1D93269B9847041E58DA030041
:100CA000543300D12BE7C1E68021C9008A4220D10C
:100CB000099A6DB2521992B237490992059A1140B8
:100CC000364A0A43934205D18023059A1B061A43EC
:100CD0000592D2E7059A0132CFD0059A1B03120381
:100CE0009B0D920D9342C8D8059BAD02EB1805935E
:100CF000C3E7C0213B68C9008A4212D10821B26E05
:100D0000029118A901910B9930000091D26931002C
:100D1000FFF734FD041E00D0EDE601231D400F95C2
:100D2000ABE71F4A6D056D0D9542A6D10821B26E45
:100D300002911AA901910B9930000091D2693100FA
:100D4000FFF71CFD543000D1D8E60123109394E73F
:100D50001599002801D105915BE7059B114A4B408D
:100D600013420FD0022800D053E7059B1A030B0350
:100D7000920D9B0D9A4200D24BE780231B060B433A
:100D8000059346E701235B42FAE72500B7E6C04634
:100D9000E024002000FBFFFF00FC0F000000F04FEC
:100DA000FF05000000FCFF7F0023BB759D4236D08D
:100DB000B46E0698A16901F053FA0D1E2FD1109B55
:100DC0008B422CD0E3690A933B680B931A9B0993DF
:100DD00001235B420893099BAB421AD9099B5B1B19
:100DE0000593082B01D9082305930A9B31005A1B50
:100DF000059B300002931CAB0193069B5B1900938B
:100E00000B9BFFF7BBFC041E25D00300543300D01E
:100E10000CE6089A1B9B9B1A5A425341BB75E02370
:100E2000F46BDB00220D1A4226D03000390040302E
:100E3000FFF77CFC00281FD1079A24031203A30D9F
:100E4000920D9A4210D18024079B24061C43259BB7
:100E5000002B15D11FE0059A08981CA900F078FC1A
:100E6000059B0890ED18B6E7079901311CD007994A
:100E70000E480C189A4200D8079C259B002B07D0DF
:100E8000BA8A23039B0D934200D91300259A13803D
:100E9000002C00DBCAE5BA8A23039B0D00249A428A
:100EA00000D8C3E5023CC1E5079CD0E700FCFFFF8A
:100EB000F0B58BB00793CB68C46B0593E0230D6945
:100EC0000692DB00220D0F00049009951A4200D112
:100ED0007FE04030FFF72AFC002800D079E0069B35
:100EE0001B039B0D834200D173E0079B24031B036C
:100EF000A40D9B0D9C424AD09C42A441A40AA60288
:100F00002800FFF724FC059A031D93423FD8059B58
:100F100004991B1A05930423029309AB0193059BC3
:100F20000800009304223B68FFF728FC011E30D123
:100F3000099B069A1BBA6B405B005B08120309937E
:100F4000920D824219D0E0242A0D80211000E40085
:100F5000C9002040884210D10799881B01038C0DDD
:100F60002903890D8C4208D31C4908401C490143C0
:100F7000A9420CD052B292029619079A0699921B76
:100F80006A40114227D1AC05A315013304D10221D7
:100F9000494208000BB0F0BD129BA40D9C4200D941
:100FA0001C00119B059A0193109B049904339B1814
:100FB00002940093080022003B68FFF7DFFB011E4C
:100FC000E7D1129B1A1B119B181901F003FA711932
:100FD000DFE7002694E71D0092E7C04600FC0F0003
:100FE000000010401FB59C05A40D0294069C0194BE
:100FF00000240094FFF75CFF04B010BDF0B593B07F
:101000000D93036A15688B61436A0F00CB612B78DF
:1010100006900A92002B00D190E04B4C230D0B93CD
:10102000022B04D12800494901F03CFA2D18280070
:10103000464901F011FA0490012806D12B782E2B95
:101040000ED16B1C0793079DE8E7049B022B07D189
:1010500028003F49049A01F0DDF9002800D16DE035
:10106000049BEB181E00079301230593374B09934C
:10107000374B0C933000099901F014FA3618300000
:10108000099901F0E9F9089000281CD0012805D140
:1010900033782E2B13D1089BF618EBE7089B022B15
:1010A0000DD11A0030000C9901F0B4F9002806D1D6
:1010B000059B013B05938342EDD1B31CC2E7059B21
:1010C00001330593E7E72B78002B34D00A9B1D6092
:1010D0000B9B022B35D11F4A23039B0D93420DD04E
:1010E0001D4A1E4B224013433A0018320092390029
:1010F0001B4A0698FFF776FF041E1CDB3E001836DD
:101100000FAB0393174B069A02930D9B0F9201931B
:10111000F023049A39001192009206983200DB0500
:101120001095FFF775FC041E05DB00288BD1FB7DB5
:101130008342E5D1023C200013B0F0BD1624644286
:10114000F9E71424FBE7C04600FC2F00D024002060
:10115000D2240020FF03000000FC0F000800002044
:1011600000FC0F70F1060020F0B504000B6A99B086
:10117000E3664B6B0800A166E360002B03D08B6B2A
:10118000002B02D1E3610C20E1E0E3612100FFF7D5
:1011900033FC2100A06E1031FFF72EFCA16ECB6B4B
:1011A000002B01D16366EEE763660B6C002B5BD00E
:1011B00023674B6C002B00D1784B6367886C002849
:1011C00000D17748A0670B6D5A1C51D0002B0AD173
:1011D000CA6C8B6A002A49D0D208834200D9030026
:1011E000934200D913000125002620006D42E367D9
:1011F00031000C22A662E662256265623C3001F095
:10120000E9F8200031000C22303001F0E3F8200032
:1012100031000C22483001F0DDF831001C2210A80A
:1012200001F0D8F801231E00179304930595169B2F
:101230005A1C03D0179A511C00D0A6E0226BD30F82
:101240009B1823632200230030323C3323CA23C37C
:10125000E56EE06A290001F003F800206165A065F1
:10126000E065256619B0F0BDFF23A1E7CA69B3E7C1
:101270000023B8E7AB4203D105998A4200D18BE045
:101280000499B14205D1150000260499059349003F
:10129000049107AB0393434B434A02930023089204
:1012A00008220193414B099200932000404B16AA5B
:1012B00010A90794FFF7ACFB0028D3DB49D08005C9
:1012C0008015013045D0109B0AAF2362119B20008E
:1012D0006362374A374B009710A9FFF783FE002857
:1012E000C0DB0A990B0C022B30D189B201292DD811
:1012F000236B314A134001224A40520213432363B5
:101300000D9B002B03D0226F93421FD823670E9BA7
:10131000002B03D0626F934218D863670F9B002B9A
:1013200008D0A26F934211D8E26FA3679A4200D906
:101330001A00E267A36E0C9A196A002901D0914243
:1013400004D1E266DB690B9A9A4202D01620404231
:1013500088E70AAF2000194B194A009710A9FFF738
:1013600041FE002804DA831C00D07BE701365EE7EB
:10137000236B0A9A534023637A68636B5340636319
:10138000BA68A36B5340A363F0E705998B4200D082
:1013900070E7AA4200D073E75420D8E7FFFFFF7F31
:1013A000FE030000F1060020D52400200800F00F05
:1013B00000FCFF7F18001020FFFDFFFF0C00F07FF6
:1013C0000000F07FF0B589B00B6300234B63CB6363
:1013D000CB640B00079208330E9A03930A650B1D2A
:1013E0000C0007AA03990600FFF708FE051E12DA93
:1013F000831C2BD1474B079F19003800049301F041
:101400002BF804990590381801F04CF8059B3F180B
:10141000FB5C002B1AD10123A371B36A2360B46271
:10142000AB1C13D02B0D04931525012B49D1A28899
:10143000394B920213432200283200923000374A7F
:101440000399FFF7CFFD0027051E09DA21003000C0
:10145000FFF787F916E0226B04990A4215D101378C
:10146000236D9A689742F6D31B68E364002B27D05C
:101470002100B06E4031FFF7BFFA294A2B0D93428D
:1014800021D00025280009B0F0BD0C21C0207943EF
:101490005A68A388521891689B020B431178800008
:1014A0005268091809050B43009230001D4A039940
:1014B000FFF798FD0028D2DA831CD0D00500C5E7DD
:1014C0000C256D42C2E78023216B5B030B43236332
:1014D000002302226364B36EAD059B6A5242AD0DD8
:1014E000A262E5622264A364CCD0A2880E49920273
:1014F0008B4200D90B001A4380239B051343E26CF7
:10150000300000920399054AFFF76CFD051EB8DA1A
:101510009CE7C046D02400200800002000FC0F708B
:101520000102000000FCFF7FFE030000F0B597B051
:101530000C000A924A6BC96A070000208A4200D355
:10154000D7E08A1A08929A4200D90893089B06931A
:10155000069B002B01D10898CBE08022236BD2029E
:10156000134204D0BA6EE66BD269964215D180223E
:101570005203666B134200D08BE0A26AE36A1392B7
:101580001496002B4CD101221E005242A263E36349
:101590008022236BD20213432363BA6E0699D26969
:1015A0000992921B05928A4200D90591802252032A
:1015B000134200D19FE0059B099A9B199A4200D2E1
:1015C000B4E0230008331093A3885A4A9B021A43BD
:1015D0000A9B11920B93059B0793079B002B00D14D
:1015E00097E0E36C0F93236C023356D1616CA56CCA
:1015F0004D19AE4251D28E424FD3079BAD1B9D4237
:1016000000D91D000F9B711A59182A000B9800F081
:10161000E7FE0B9B76195B190B93079B5B1BDBE7C4
:101620002200BE6E4032013B15A93000099215938D
:10163000FFF779F914A905003000FFF774F9079056
:10164000139B0593079BAB4204D3059B149EA36396
:10165000E6639DE7079BE81A00F0F0FD060028000E
:1016600000F0F2FD1F239E1B864200D906000423D2
:10167000029313AB0193B300009304223800059B3F
:101680000999FFF77BF8002833D10123B340ED1A05
:10169000D6E702235B42A363DAE702235B422364BB
:1016A000BB6E30000D935B6919000C9300F0D8FD00
:1016B000731A0C9A0E936364099B11009D18013DE7
:1016C000AD19280000F0CCFD0D9B6D1A9B6A9D4260
:1016D00000D91D000F9BA56401930E9B3800009359
:1016E000154A119B10990295FFF7E2FB002800DBD9
:1016F00077E717B0F0BD2100059B009602930A9B87
:1017000038000193A36B099A4031FFF737F800289E
:10171000EFD1059A636B9B186363E36B9B18E363DC
:101720000A9B9B180A93069B9B1A10E75420404281
:10173000DFE7C0460000102000FCF7FF002310B5D3
:101740001A00FFF70FF9002800DD002010BD00008F
:1017500070B50F250A4C8A18914200D170BD0B78E4
:10176000060958402840800000591B094640734034
:101770002B409B001B59300958400131ECE7C04613
:10178000E8240020F0B50D0016000021202289B0C9
:10179000040000F01FFE2A00A81990420ED1002379
:1017A00069461A002380E05A5A5202331218202B3D
:1017B000F9D10022B24208D109B0F0BD137801324C
:1017C0005B00E15A0131E152E7E7A85C002806D04E
:1017D00040000B5A5F1C10335B000F52E252013283
:1017E000E8E70368426810B5934203D25A1C0260CE
:1017F000187810BD8368841D002B07D0E27F002A73
:1018000004D19847002801DBC0B2F2E70123002091
:10181000E377EEE7036910B55A1E04000261002B5E
:1018200004D1FFF7DEFF0723E0602361E06843088F
:10183000E3600123184010BDF7B5002517000190A3
:10184000A94204D0012426008E40B44201D3781965
:10185000FEBD0198FFF7DEFF604364002D18F4E73A
:10186000F7B500250B000F002C00203301908E1CD3
:1018700000930198FFF7CEFF009B9E420DD06D00B4
:101880002818358802362B19451B04D52418103426
:101890006400385BFEBD1C00EBE703204042F9E723
:1018A000F0B5D5B0039202220091FF320521050068
:1018B000FFF7C2FF0122052106002800FFF7BCFF49
:1018C0000422029011002800FFF7B6FF1322070040
:1018D000002104A800F07EFD0024BC4218D10024A1
:1018E0001322009804A9FFF74DFF029BF318019300
:1018F000019B9C4217D304AC320021000098FFF7F3
:1019000041FF0398029AA119FFF73CFF002012E063
:10191000002203212800FFF78FFF1D4B04AA1B5D47
:101920000134D054D9E728000099FFF799FF002827
:1019300003DA0320404255B0F0BD112820D0122810
:1019400022D0102818D1002CF3D02300413304AA50
:10195000FF339B1802210322423BFF3B1F782800E4
:10196000FFF76AFF019B20189842E2D804ABA0421F
:10197000BED0E7540134FAE704AB18550134B7E799
:10198000032211000027EAE70B220721FAE7C046ED
:10199000282500207047002310B5841DE37701241B
:1019A00064420361C3628462C2638163036403634C
:1019B00010BD0000F8B50400A36A013375D1200002
:1019C000A56AFFF727FF0022E06202212000FFF74F
:1019D00033FFA062012800D0CBE085426BD021000C
:1019E00000230831A21DD38702318B87CB870231B8
:1019F000CB870231CB8740310B804B8023001821ED
:101A000052331980803159802839998021008023F0
:101A1000183064315B00FF300B8001339BB2023120
:101A20008342F9D1200000239430590043520133FE
:101A3000902BFAD1D7218C204900400050521A2017
:101A40000231FF3050520231013050521C2002311D
:101A5000FF3050520231013050521E200231FF300F
:101A6000505202310130505220200231FF3050528A
:101A70002200C532FF32BC39138001339BB20232DF
:101A80008B42F9D1A922002320219200A352A2184F
:101A9000518153809380D3801381B1229200A11889
:101AA0005A008B520133202BFAD1A66A002E6FD038
:101AB000013E012E69D8236B002B38D12100200074
:101AC0004431FFF7CDFEA31DDB7F002B5DD1FF2846
:101AD00000DC7FE080235B00984200D1A5E0023863
:101AE000FF381C2851DC554B4200D25A544B195C2C
:101AF0002000FFF7A1FEA9239B002063E11820002E
:101B0000FFF7AEFE1D2840DC4E4B4200D25A4E4B32
:101B1000195C2000FFF790FEA36B002B75D0E26BE1
:101B2000904200D987E0236C1B1A6BD46363A16BCE
:101B3000A369626B002972D0581CA0618A5C1A707C
:101B4000A36B002B0BD0226C616B501C2064595C82
:101B50009954226CE36B9A4201D100232364636B96
:101B6000E26B0133934258D06363236B013B2363E1
:101B700041E0022899D1A92321009B002000E2180E
:101B80004431FFF78DFE00288FD00320404251E002
:101B9000206BB04217D12000FFF723FE0500200084
:101BA000FFF71FFE000245192000FFF71AFE07008D
:101BB0002000FFF716FE254B0002C01943409D424E
:101BC000E3D1681C26610138206300282DD0200055
:101BD000FFF707FEA3695A1CA2611870A26B002AC6
:101BE00009D0236C591C2164D054226CE36B9A42B7
:101BF00001D100232364A269E3699A4200D2DBE6A3
:101C0000002017E0D218626391E7A36962699B1A0A
:101C10009842BAD84042606389E70023A4E79A5CFF
:101C20001A70A3690133A3619FE7E36A002B00D117
:101C3000C5E60120F8BD0520A8E7C046962500208E
:101C4000D22500203C25002078250020FFFF000041
:101C500070B505000C00002C00D170BD2800013CBF
:101C6000FFF7BFFDF7E770B50400FFF7BAFD050009
:101C70002000FFF7B6FD0002284380B270BD70B5AA
:101C80000400FFF7AEFD1F2804D12000FFF7A9FDD7
:101C90008B2802D00320404270BD2000FFF7A1FD39
:101CA0000828F7D12000FFF79CFD05001F28F1D878
:101CB00006212000FFF7CCFF6B0706D52000FFF7B9
:101CC000D2FF01002000FFF7C3FF2B0704D520003F
:101CD000FFF787FD0028FAD1EB0604D52000FFF7B7
:101CE00080FD0028FAD10226354202D02000FFF7FD
:101CF000BAFF631DDE7701235B4200202362CBE73E
:101D0000044B0548054A1900043308609342FAD190
:101D10007047C04600E400E08080808020E400E05E
:101D2000044A1078431CDBB2172B00D91023137020
:101D30007047C046102600200021044B044ABFF320
:101D40005F8F02C39342FAD17047C046000100D0B2
:101D5000800100D0024BC918890001607047C0465D
:101D60004000003410B50400FFF7DAFF0100200046
:101D7000FFF7F0FFFF232371BFF35F8F10BD10B596
:101D80000400FFF7CDFF01002000FFF7E3FFFF2372
:101D9000A380BFF35F8F10BD10B50848084B984271
:101DA00000D310BD040003680834002B03D0FFF7F4
:101DB000E6FF2000F2E7FFF7D5FFFAE74026002014
:101DC00048260020142310B5010018889B889847E6
:101DD00010BD162310B5010018885B88984710BD08
:101DE000F8B50F00040000260125BE4201D12800ED
:101DF000F8BD2068FFF7E6FF01C4431E9841013695
:101E00000540F2E7F7B50C2444430193244B0092BC
:101E1000E4186368089A05000E00934200D26260DD
:101E2000C0232F1F9B01FFB2E318012F27D8012EDB
:101E300025D103221A60A3683342FCD0009B22689C
:101E40005B015340E022134080225201A350012F36
:101E500009D80321236873400B40A3500123B340EA
:101E6000A2681342FCD0802380229B011201E25021
:101E7000089B019A63600B4BAD00EA50F7BD8022CE
:101E800012011A60074BAA00D1580029D6D0586910
:101E900000F0E6F9431C032058430338FDD2CDE798
:101EA00000800040BC28002073B50D000699040096
:101EB0001800160000F0D4F9069A03001202290057
:101EC000009220003200FFF79DFF73BD13B5802400
:101ED00064000094FFF796FF13BD0000014B8000E3
:101EE000C0587047BC280020F8B504001F481700F0
:101EF0001E000D0000F0B4F90100380000F0B0F948
:101F0000069A3304120313432268002A0FDA3F2192
:101F100022680A40AA420AD1A2681205120D824222
:101F200005D1EE21E268C9020A409A421CD0104A4B
:101F3000104EA1184A42514101220C318A400E49EB
:101F40000A600E490A60170031688F43391EFAD1C2
:101F50000B4A2131A2182560A06011602168002978
:101F6000FCDAE36008231360F8BDC046001BB7002D
:101F70000040FDBF08C0004000E0004000F000400D
:101F800004300000024B1A68024B5A607047C0468A
:101F9000E4280020008005408022114BD20510B5B6
:101FA000104C1A60104A1460E022104CD204002930
:101FB00006D02260002805D180231B06236010BDB7
:101FC0001A60F7E7FA23DB005843094B094A9842A5
:101FD00000D918001060FFF7D5FF8023DB05EDE77F
:101FE00000B00540FCFF01000820014000A00540B2
:101FF000FFFFFF00E428002070B580240A4BE405B1
:102000001C600A4B00280DD00124094D04430948E7
:102010006540D8611D6259629C6200211000FFF783
:10202000BBFF70BDD861F8E700B0054000800540F7
:102030002D3FF84FD3C007B08023024A9B000B43CB
:10204000D362704700800540AA22064B12011A6035
:102050002132FF32DA600449044A11605A68002ACA
:10206000FCDA70470040024000B0FA000060024015
:102070007047000010B5044C044B9C4200D310BDC7
:1020800008CC9847F8E7C046482600208426002060
:10209000054B064A06491A60064B074A13601800AA
:1020A0000A689043FBD1704700E00040BFCDFBFEC3
:1020B00008C00040FE7F3C0000F00040044BDB6C99
:1020C000002B03D18022034BD2021A607047C04616
:1020D000000011504C201150044A054B1A60054A6B
:1020E0001368DB018033FBD17047C046FFFFFF015F
:1020F00000F0004008C000404022034B9A675A6736
:102100001A67DA667047C04600F0014010B5FFF765
:1021100013FE10BD70B50B490B4C0C4D641AA4088E
:102120002200302C00D930222800920000F058F90B
:10213000074B2F2C02D9074B9D6070BDA200AB50FE
:102140000134F6E700010010C0010010000000207B
:10215000C101001000ED00E0002373B5284DAB670E
:10216000FFF772FF0122274B1A606B6C012BFCD129
:102170000322254B1A60AC6B012CFCD102260525ED
:10218000210000960623214A2148FFF7ADFE2B00CF
:10219000210000951F4A2048FFF7A6FE31000022CB
:1021A00004201E4BFFF792FE2800210000221C4B4A
:1021B000FFF78CFE0022072011001A4BFFF786FE66
:1021C000002208201100174BFFF780FE8023002219
:1021D000DB00110000930920124BFFF765FE00227F
:1021E0000F4B11000620FFF771FE0420FFF776FE6B
:1021F0000D4900F035F801000020FFF71DFF73BD09
:10220000008000403CB0004030B00040002F6859D2
:1022100000800240008C864700C00240001BB700CF
:1022200040597307006CDC0240420F000148042152
:10223000014B184720260020291C0020014B5B6819
:102240001847000020260020014B9B68184700001B
:1022500020260020014B1B68184700002026002084
:10226000114A936F9B0813D210665166002905D05E
:10227000FFE7FFE7FFE7516F106F704704B50028D5
:1022800001D00020C04300F0C3F8002104BDC046C7
:10229000F0B5146E556E576F166FFFF7E5FF1466B5
:1022A000556657671667F0BD000000D0132370B560
:1022B0001C78114D012C0ED1002310499A000133D6
:1022C000A950202BFAD10D4BAB640D48FFF77AFDD6
:1022D0000C4B186070BD012CF5DD0B48FFF779FD44
:1022E00006000A48FFF775FD80223100280000F043
:1022F00077F8022CE9D1E6E7E828002059210020F0
:102300004C330000E82900205344000053460000ED
:1023100007B5604601880A0A0230DF2AFAD1C9B23D
:10232000820804D3028840880004104300E000685B
:10233000014A5050039007BDE8280020132310B530
:1023400010481C78FFF745FD0100012C13D10E4CFD
:102350005422200000F044F815230C4A9900013360
:102360006250202BFAD12262E2610948FFF72AFD70
:10237000084B186010BD012CF7DD8022024800F0E8
:102380002FF8F2E753460000EC290020E12100205D
:102390004C330000E829002007B5604601880A0A8E
:1023A0000230DF2AFAD1C9B2820804D302884088F9
:1023B0000004104300E00068014A5050039007BD3C
:1023C000EC29002001480421014B18473026002049
:1023D000291C0020014B1B681847000030260020F4
:1023E000014B5B6818470000302600207047000052
:1023F00010B5FFF73FFE044C044B9C4200D310BDC8
:1024000008CC9847F8E7C0468426002084260020A0
:102410007047C04630B50400032A18D90B000343A7
:102420009B070BD00023013A02E09A4211D00133FE
:10243000E05CCD5CA842F8D0401B0BE020680B6844
:102440009842EFD1043A04340431032AF6D8002A22
:10245000E8D1002030BDC04630B50C00017884467C
:1024600000291CD02578002D14D022002B0003E079
:1024700053780132002B04D08B42F9D16346C01A45
:1024800030BD417801300029EFD1F7E78378023081
:10249000002BF3D04378002BF8D10130EEE7002079
:1024A000EEE7C04630B50C000178844600200029D4
:1024B00012D025786046002D0CD022002B0003E0BE
:1024C00053780132002B05D09942F9D1417801307F
:1024D0000029F2D16346C01A30BDC046084A10B583
:1024E0001378002B0AD18023064807495B051C6836
:1024F000C45004338B42FAD10123137010BDC0467F
:10250000ED2A0020BC2700100001001010B5014B7F
:10251000984710BDBD270020002310B5011D064CB3
:102520009A00145901338C50062BF8D1A0235B0577
:102530001B68036010BDC04604000240002330B594
:10254000041D9A00A158054D01335151062BF8D1B5
:10255000A02302685B051A6030BDC046040002403B
:102560008023F0B5421807000E008DB05B049A423C
:1025700001D9FDF762FF14251824288823881549FE
:102580009847238801901449288898472388029007
:10259000124928889847238811490390288898472A
:1025A0000400FFF79BFF05A8FFF7B6FF019B9847C4
:1025B000029B98478022D823310038005202039DA5
:1025C000A847A047FFF7A2FF05A8FFF7B7FF0DB088
:1025D000F0BDC04649460000455800005245000085
:1025E000464300008023F0B517008DB08218060026
:1025F00000915B049A4201D9FDF71FFF14251824AE
:1026000028882388134998472388019012492888ED
:1026100098472388029011492888984723881049B1
:102620000390288898470400FFF758FF05A8FFF794
:1026300073FF019B9847029B98473A00300000992E
:10264000039B9847A047FFF761FF05A8FFF776FFB8
:102650000DB0F0BD49460000455800005250000042
:10266000464300005069636F204F5441006F74610E
:10267000636F6D6D616E642E62696E002F002E2E89
:10268000006C6974746C656673000000FFFFFFFFE7
:10269000FFFFFFFF000000006410B71DC8206E3B65
:1026A000AC30D9269041DC76F4516B6B5861B24D59
:1026B0003C7105502083B8ED44930FF0E8A3D6D6C3
:1026C0008CB361CBB0C2649BD4D2D38678E20AA02B
:1026D0001CF2BDBD10111200080709060A050B0403
:1026E0000C030D020E010F000100020003000400A4
:1026F0000500070009000D0011001900210031003C
:10270000410061008100C10001018101010201035A
:10271000010401060108010C01100118012001301B
:1027200001400160000000000101020203030404F3
:10273000050506060707080809090A0A0B0B0C0C11
:102740000D0D030004000500060007000800090045
:102750000A000B000D000F001100130017001B00F2
:102760001F0023002B0033003B0043005300630095
:1027700073008300A300C300E30002010000000017
:102780000000000000000101010102020202030337
:10279000030304040404050505050000F42F0010DC
:1027A000F02F001000500320000000000000000087
:1027B0000051032000000000000000001000000095
:1027C0000000000000000000000000005033000086
:1027D0004C33000054330000523300004D530000CE
:1027E0004D4300005334000043340000000000005B
:1027F00000000000752000200D220020E9000020CC
:10280000D91E0020051F0020F52000208521002072
:10281000A11F0020211F0020411F0020551F002064
:10282000E11B00205D1F0020B91E0020491B002075
:102830000000000000000000000000000000000098
:102840000000000000000000000000000000000088
:102850000000000000000000000000000000000078
:102860000000000000000000000000000000000068
:102870000000000000000000000000000000000058
:102880000000000000000000000000000000000048
:102890000000000000000000000000000000000038
:1028A0000000000000000000000000000000000028
:1028B0000000000000000000000000000000000018
:1028C0000000000000000000000000000000000008
:1028D00000000000000000000000000000000000F8
:1028E00000000000000000000000000000000000E8
:1028F00000000000000000000000000000000000D8
:1029000000000000000000000000000000000000C7
:1029100000000000000000000000000000000000B7
:1029200000000000000000000000000000000000A7
:102930000000000000000000000000000000000097
:102940000000000000000000000000000000000087
:102950000000000000000000000000000000000077
:102960000000000000000000000000000000000067
:102970000000000000000000000000000000000057
:102980000000000000000000000000000000000047
:102990000000000000000000000000000000000037
:1029A0000000000000000000000000000000000027
:1029B0000000000000000000000000000000000017
:1029C0000000000000000000000000000000000007
:1029D00000000000000000000000000000000000F7
:1029E00000000000000000000000000000000000E7
:1029F00000000000000000000000000000000000D7
:102A000000000000000000000000000000000000C6
:102A100000000000000000000000000000000000B6
:102A200000000000000000000000000000000000A6
:102A30000000000000000000000000000000000096
:102A40000000000000000000000000000000000086
:102A50000000000000000000000000000000000076
:102A60000000000000000000000000000000000066
:102A70000000000000000000000000000000000056
:102A80000000000000000000000000000000000046
:102A90000000000000000000000000000000000036
:102AA0000000000000000000000000000000000026
:102AB0000000000000000000000000000000000016
:102AC0000000000000000000000000000000000006
:102AD00000000000000000000000000000000000F6
:102AE00000000000000000000000000000000000E6
:102AF00000000000000000000000000000000000D6
:102B000000000000000000000000000000000000C5
:102B100000000000000000000000000000000000B5
:102B200000000000000000000000000000000000A5
:102B30000000000000000000000000000000000095
:102B40000000000000000000000000000000000085
:102B50000000000000000000000000000000000075
:102B60000000000000000000000000000000000065
:102B70000000000000000000000000000000000055
:102B80000000000000000000000000000000000045
:102B90000000000000000000000000000000000035
:102BA0000000000000000000000000000000000025
:102BB0000000000000000000000000000000000015
:102BC0000000000000000000000000000000000005
:102BD00000000000000000000000000000000000F5
:102BE00000000000000000000000000000000000E5
:102BF00000000000000000000000000000000000D5
:102C000000000000000000000000000000000000C4
:102C100000000000000000000000000000000000B4
:102C200000000000000000000000000000000000A4
:102C30000000000000000000000000000000000094
:102C40000000000000000000000000000000000084
:102C50000000000000000000000000000000000074
:102C60000000000000000000000000000000000064
:102C70000000000000000000000000000000000054
:102C80000000000000000000000000000000000044
:102C90000000000000000000000000000000000034
:102CA0000000000000000000000000000000000024
:102CB0000000000000000000000000000000000014
:102CC0000000000000000000000000000000000004
:102CD00000000000000000000000000000000000F4
:102CE00000000000000000000000000000000000E4
:102CF00000000000000000000000000000000000D4
:102D000000000000000000000000000000000000C3
:102D100000000000000000000000000000000000B3
:102D200000000000000000000000000000000000A3
:102D30000000000000000000000000000000000093
:102D40000000000000000000000000000000000083
:102D50000000000000000000000000000000000073
:102D60000000000000000000000000000000000063
:102D70000000000000000000000000000000000053
:102D80000000000000000000000000000000000043
:102D90000000000000000000000000000000000033
:102DA0000000000000000000000000000000000023
:102DB0000000000000000000000000000000000013
:102DC0000000000000000000000000000000000003
:102DD00000000000000000000000000000000000F3
:102DE00000000000000000000000000000000000E3
:102DF00000000000000000000000000000000000D3
:102E000000000000000000000000000000000000C2
:102E100000000000000000000000000000000000B2
:102E200000000000000000000000000000000000A2
:102E30000000000000000000000000000000000092
:102E40000000000000000000000000000000000082
:102E50000000000000000000000000000000000072
:102E60000000000000000000000000000000000062
:102E70000000000000000000000000000000000052
:102E80000000000000000000000000000000000042
:102E90000000000000000000000000000000000032
:102EA0000000000000000000000000000000000022
:102EB0000000000000000000000000000000000012
:102EC0000000000000000000000000000000000002
:102ED00000000000000000000000000000000000F2
:102EE00000000000000000000000000000000000E2
:102EF00000000000000000000000000000000000D2
:102F000000000000000000000000000000000000C1
:102F100000000000000000000000000000000000B1
:102F200000000000000000000000000000000000A1
:102F30000000000000000000000000000000000091
:102F40000000000000000000000000000000000081
:102F50000000000000000000000000000000000071
:102F60000000000000000000000000000000000061
:102F70000000000000000000000000000000000051
:102F80000000000000000000000000000000000041
:102F90000000000000000000000000000000000031
:102FA0000000000000000000000000000000000021
:102FB0000000000000000000000000000000000011
:102FC0000000000000000000000000000000000001
:102FD00000000000000000000000000000000000F1
:102FE00000000000000000000000000000000000E1
:102FF00000F01F1000F01F1000F01F1000F01F0065
:1030000000200420E3300010CB300010CD30001041
:10301000C9300010C9300010C9300010C93000108C
:10302000C9300010C9300010C9300010CF30001076
:10303000C9300010C9300010D1300010D33000105A
:10304000C1300010C1300010C1300010C13000107C
:10305000C1300010C1300010C1300010C13000106C
:10306000C1300010C1300010C1300010C13000105C
:10307000C1300010C1300010C1300010C13000104C
:10308000C1300010C1300010C1300010C13000103C
:10309000C1300010C1300010C1300010C13000102C
:1030A000C1300010C1300010C1300010C13000101C
:1030B000C1300010C1300010C1300010C13000100C
:1030C000EFF30580103800BE00BE00BE00BE00BE9B
:1030D00000BE00BE00201E49086006C881F30888B3
:1030E00010471C480068002801D00020F3E70DA419
:1030F0000ECC002902D000F012F8F9E71649174A61
:10310000002000E001C19142FCD1154988471549D2
:1031100088471549884700BEFDE701C901C29A42A8
:10312000FBD37047D8030110C0000020A812002074
:10313000C01501100000042000000420C01501107B
:103140000010042000100420000000007047000060
:1031500008ED00E0000000D0A8120020C8220020E6
:1031600081EC0010E53E0010AD3E0010F8B5C04601
:103170000448054B10B5834203D0044B002B00D00C
:10318000984710BDA8120020A812002000000000DF
:1031900006480749091A8B10C90FC91810B54910FC
:1031A00003D0044B002B00D0984710BDA81200207C
:1031B000A81200200000000010B5074C2378002B57
:1031C00009D1FFF7D5FF054B002B02D0044800E0E2
:1031D00000BF0123237010BDC015002000000000B7
:1031E00008FA0010054B10B5002B03D00449054820
:1031F00000E000BFFFF7CCFF10BDC046000000009C
:10320000C415002008FA001010B502210F2000F0AC
:1032100023FF0121152000F01FFF10BD73B50F2003
:1032200000F0A6FF060074427441E4B221001520AC
:1032300000F07CFF074D2B78A34207D00649002EF3
:1032400000D10649064800F0CBFD2C700A2000F0A2
:10325000CBFD73BDC622002010FA001008FA001042
:103260001416002010B50368DB69984710BD13B52C
:103270006B460268D9715468D91D0122A04716BD5A
:1032800030B5040085B002AD00222800104900F0DE
:10329000B7FF237C002B06D11C00280000F0C9FFDB
:1032A000200005B030BD2B79002BF5D00120002186
:1032B000404203F0F5FA6B46DC1D2100002003F0CC
:1032C00013FF002801D02478E7E701246442E4E7F3
:1032D0003016002037B50400002268460C4900F083
:1032E0008FFF237C6D46002B05D11C00280000F0C9
:1032F000A0FF20003EBD2B79002BF6D0012000213D
:10330000404203F0CDFA002003F0CAFE0400EDE7CE
:103310003016002030B5040085B002AD0022280030
:10332000124900F06DFF237C002B02D1012464427E
:1033300016E02B79002BF9D001200021404203F048
:10334000AFFA002003F0ACFE0028EFD06B46DC1D86
:1033500001222100002003F0AFFE0028E6D02478EF
:10336000280000F066FF200005B030BD30160020B8
:1033700037B50400002268460C4900F041FF237C69
:103380006D46002B05D11C00280000F052FF2000E4
:103390003EBD2B79002BF6D001200021404203F0E6
:1033A0007FFA002003F008FF0400EDE7301600204C
:1033B00037B50500002268460A4900F021FF2B7C42
:1033C0006C46002B0AD02379002B07D0002003F095
:1033D00097FE01200021404203F062FA200000F035
:1033E00028FF37BD30160020F0B5050085B00191EB
:1033F00000923A49002202A800F002FF2B7C002B29
:1034000003D002AB1B79002B06D11D0002A800F0EF
:1034100010FF280005B0F0BD03F0CCF8002801D063
:1034200003F0D0F8002003F023FE002851D102223F
:103430002B7E15001D401A424ED100200021284B42
:1034400003C340E0002003F0B7FE009B1E1B864232
:1034500000DD0600002E17D0019B32001919002054
:1034600003F08CFE24182D1801200021404203F0A7
:1034700017FA002003F044FE01F0F4FC184B03C3DC
:10348000009B9C42DED31EE001203100404203F04D
:1034900007FA300003F034FE300003F0E9FDB042DB
:1034A00011D0300003F088FEB042E9D1002701F0CE
:1034B000D9FC0C4E0A4B0CCB92197B41994202D895
:1034C000DED19042DCD901200021404203F0E8F92E
:1034D0009CE700242500D3E70400FBE7301600201A
:1034E0000814002040420F0037B50400002268464F
:1034F0000B4900F085FE247C6D46002C0BD02C7906
:10350000002C08D001200021404203F0C9F900201E
:1035100003F0AEFD0400280000F08BFE20003EBD4D
:10352000301600207FB5067C0400002E23D11248FF
:1035300000F09AFB104800F04DF9A0740E4800F01E
:103540005DF9E0740C4800F045F90C4920750A4813
:1035500000F0DAF942236075029601360221084A2A
:10356000009305482300019600F0B5F96074024805
:1035700000F0AAFB26747FBD3016002019FA001057
:10358000AD36001070B5037C0500002B13D00A483F
:1035900000F06AFB697C084800F0AFF9A97C064896
:1035A00000F026F90448E97C00F035F900230248D0
:1035B0002B7400F089FB70BD301600200023FA2226
:1035C00043600374E12392008260024A5B0302605D
:1035D000836170475CFB0010F0B5160093B0244A7D
:1035E0000C0001A90A800222CA70224A6D4602928A
:1035F000214A44270392214A8C700492204A8C72FB
:103600000592204A0692204A0792204A0892204AB0
:103610000992204A0A92204A0B92204A0C920A22CE
:103620000D921F4A0E921F4A0F921F4A10920022BB
:10363000EA53427D651C0A746A460732D47702AAAF
:10364000D5770B228D76847C6A44D47731226A4404
:1036500015703A22C47C6A4414704122007D6A4489
:1036600010701A00300002F09FFD13B0F0BDC0468C
:10367000080B000002020000090400000102020021
:103680000005240020010524010000042402060591
:1036900024060000070500030800100904000002CA
:1036A00007050002400000070500024010B50400B5
:1036B000180013000A002100FFF78EFF10BD000064
:1036C0000A22836910B593439622D201934214D102
:1036D0000123027E002113430376052000F0D0FE73
:1036E0008023064A5B041360054A0320136001F03F
:1036F000F5FB0021080001F079FD10BD00E000405D
:1037000000F000408900D2000A430C21044810B5A3
:10371000037E0A408B431A430276FFF7D1FF10BDA8
:10372000141600204B780A781B0213438A78084845
:1037300012041A43CB780F2110B51B06134382697C
:103740001B010A4013438361FFF7BAFF10BDC04657
:1037500014160020054B10B5002B06D00448FFF7C7
:10376000B9FD002801D000E000BF10BD000000003E
:103770001416002010B50248FFF720FF10BDC04608
:103780001416002070B50C0005001900200002F08E
:103790000BFDA57070BD000010B5044B187A00F049
:1037A0008FFEFA200021800010BDC0463016002098
:1037B00010B5002106480CF0BFF8002807D0012002
:1037C0000021404203F06CF801480CF06DF810BD88
:1037D0003016002070B5448D0500201E07D001F082
:1037E00043FD0123834080389C436C85C0B270BD8B
:1037F00001238B40428D13434385704770B5848D00
:103800000500201E06D001F02FFD012383409C43BC
:10381000AC85C0B270BD012380398B40828D1343CB
:1038200083857047F8B518201F000D001403089E0B
:1038300008F074FC069B07604360184B2F681A78E9
:10384000511C1970079BB1031B051B0D1C433F2323
:103850001340890B9B040B43C1680481090E0906C0
:103860000B43C360099B39000361002343610029B6
:103870000CD0CC68A403A40BB44204DB002B07D00B
:103880004161586106E00B004969F0E78B42F8D1CD
:10389000476128603F201040F8BDC046A00B0020C3
:1038A00070B50D680C002800002100280AD0837B29
:1038B0001B069B0E934206D1A84207D1456908F02A
:1038C00037FC256070BD01004069EEE743694B613C
:1038D00008F02EFCF6E730B50C00010085B00A9D1B
:1038E00000930395099D13000295089D2200103155
:1038F0000195FFF797FF05B030BD0A00010010B534
:103900001031FFF7CDFF10BDF7B50191417E037E69
:1039100005008B4207D30431C9B24069697689003A
:1039200006F00CFF68612C7E6F69002C03D10C4BF4
:1039300001343B602C760026B300F958019808F05A
:103940004DFE002802D1F4B22000FEBD0136B44283
:10395000F2D8019AA300DA51631C2B76F4E7C04633
:1039600039FA0010F7B5394F04003B78002B03D12A
:103970001921380002F0AAFCE68D002E00D1344E49
:10398000258E002D00D10A35230032331B78009399
:10399000002B04D12F493048FFF7B6FF00902300D9
:1039A00033331B780193002B04D12C492A48FFF7AD
:1039B000ABFF0190230034331A78002A04D1390078
:1039C0002548FFF7A1FF02002000122335300370C5
:1039D000234B0121A363230040273C33E1865E7023
:1039E000360A1F709E702E0A1E712600002741366F
:1039F000DD70327122003770009F4632B770019F30
:103A00007170F7701170268E0333002E12D12A00C8
:103A1000E768002F0FD1BE4203D01500110A1A70BB
:103A2000597000212269002A0AD1914202D01D70EA
:103A30002D0A5D70FEBD3E8A7F6972400E00E8E788
:103A4000118A52694D400121EDE7C04682210020D4
:103A50008A2E000025FA00103016002032FA0010DD
:103A600002EF020110B50248FFF77CFF10BDC0460F
:103A700030160020F8B50023C56806002A0018009B
:103A8000002A05D193420BD1B38300233362F8BDE2
:103A9000138952691B051B0DC01880B20123EFE783
:103AA000B0830028F1D008F039FB8527306204008C
:103AB0000126002DEBD02A89200012056968120D1D
:103AC00002F072FBE671A7712B8901361B051B0DF5
:103AD0006D69E418EDE70000014B586A7047C04675
:103AE00030160020F0B5466A05008FB0002E55D183
:103AF000036AB34225D0394A838B0792384A394F3B
:103B00000892394A07AC0992384A38000A92384A72
:103B10000B92384A23741B120C926374FFF75AFEFF
:103B2000354BE8761B68207523760A2301930F3303
:103B30000093012123003800304A0296FFF7CBFEA4
:103B4000A8760022092617002B69002B28D1330004
:103B5000002A01D10926330029492B852148FFF786
:103B6000D3FE05902B8D1800049308F0D7FA0400BB
:103B700068620021049A02F011FB224B66802380C8
:103B800001236371059B0026A371A0232D69E371B6
:103B9000233B277123720934002D0CD10FB0F0BDE7
:103BA0001A891205120DB6185A7A5B691206120F9D
:103BB000BF180122C9E72A896B681205210030006D
:103BC0002F68120DB8472B891B051B0DE4186B7A63
:103BD0006D691B061B0F9E19DEE7C0460904010034
:103BE000010300003016002000092111010001220C
:103BF0000000070500034000A40B002085370010DB
:103C000039FA001009020000030000290CD10F4B03
:103C10000F4A5A800123C0220133DBB20B485B00FC
:103C20009200134303807047027E00208A42FAD933
:103C30005B698900C8580023044AC15C0029EAD0A6
:103C40000133518002321F2BF7D1E4E724210020F9
:103C50000904000010B50A0001000248FFF7D4FF74
:103C600010BDC0463016002070B5040002F092FC72
:103C7000060014480BF098FE02F0BCFC002E03D0A6
:103C8000FA20400001F062F80E480BF00DFE606A69
:103C900008F04EFA002363622385236A002B09D0C3
:103CA0002000A17EFFF729FE0123E27E9340628D72
:103CB00013436385206A08F03BFA00232362A38341
:103CC00070BDC0463016002010B50400FFF7D2FECC
:103CD0002000FFF707FF04480BF066FE02F094FC9B
:103CE00001480BF0E1FD10BD3016002030B585B065
:103CF000040003F033FC051E30D12000FFF7BAFEAC
:103D00002000FFF7EFFE200000F03AFD2900280018
:103D100003F000FC012000F021FD11492072C0B227
:103D200000F0DEFB0121207A00F0AAFB00F00CFF7E
:103D3000040001F097F8FA220023920012184B4178
:103D4000AB4202DA0122074B5242012102910021CB
:103D5000019105492000009100F04CFF05B030BDF5
:103D6000B1370010FFFFFF7F99370010FF210022BD
:103D7000084B090499610849DA60996207491A6198
:103D80005A619A831A625A62D9621A6334331A707A
:103D90007047C046301600200000FEFFFEFF000006
:103DA00070B505000C00081E07D008F0DFF92B687D
:103DB0000200210028005B68984770BD10B50249D9
:103DC000FFF7EEFF10BDC04637FA001070B50400D3
:103DD000FFF7E6FF05002000FFF7F0FF401970BD78
:103DE00010B5FFF7F3FF10BD10B5002801D000F0AB
:103DF000ADFF10BD10B5D024FF2324062068236535
:103E000004490F3000F06CFB206801210F3000F0F6
:103E100037FB10BDE5000020104B10B51B78002BC0
:103E20000DD1002000210E4B9860D9600D490F3054
:103E300001F0F0F907220C4B1A600C4A5A60FFF7A8
:103E4000D9FF0B4B002B01D000E000BF094B002B2A
:103E500000D1FEE700E000BFF8E7C046B82200202E
:103E600090150020C100002010E000E0FFFFFF00DF
:103E7000000000000000000070470000084B10B573
:103E8000002B01D0FFF766FC064B002B01D000E0B1
:103E900000BF054B002B01D000E000BF10BDC046A5
:103EA00055370010000000000000000010B5014868
:103EB00000F032FA3AFA001010B5074C1022002137
:103EC000200002F06BF90023044923740448013BED
:103ED000E36200F0FDF910BD9015002039FA0010E2
:103EE000F01A0020F0B585B001F058F90B2805D87C
:103EF0000C2001F045F9454B033BFDD2444803AB90
:103F000002AA01A901F0B2F8041E75D0039A029921
:103F1000019801F07BF83F4E002E02D13E4B002B62
:103F200010D04C21012006F0FFFA05003B4B4C223B
:103F30000021186002F032F9394B6B60394BAB60ED
:103F4000394BEB6000220023384D39490F202A609D
:103F50006B6001F05FF90722364B1A60364A5A60EF
:103F6000FFF78AFF3548FFF7C1FEE12134484902D7
:103F7000FFF7D8FA002E02D1274BB34240D0314888
:103F800000F0FEFB1021022006F0CEFA0700E861E7
:103F900000F0DAF9082203000421380000F0B0FF35
:103FA000EF6900F0D1F9103703000822042138002E
:103FB00000F0A6FF2C74FFF71DFF002E02D1164B58
:103FC000B34212D00120FFF70FFF1F4B1B78002BCD
:103FD00018D08020800108F0A1F880221B4B01003E
:103FE000186092011A4802F03FF9FFF70DF9FFF748
:103FF00015F9FFF743FFFAE71648054900F08CF979
:104000003400D7E7124802F049F9EEE7E02E00004D
:10401000400D0300000000000000000078160020A2
:10402000B0120020201300209013002090150020D3
:10403000C100002010E000E0FFFFFF00301600206C
:1040400014160020A4150020B9220020E81A002030
:10405000193E00103FFA0010F7B5040001911D2829
:104060001FD808291DD808000BF07EFC053E1C2D2A
:104070001B4C3E5258000123D022A34012060521BA
:104080002000936200F07AF900222000110000F075
:1040900095F9254B019A1A55192C02D9200000F0E8
:1040A0002BF9F7BD01273E00D025A6402D0605219E
:1040B0002000AE6200F062F900223900200000F01A
:1040C0007DF9AE61E5E701273E00D025A6402D062B
:1040D00005212000AE6200F051F93A0000212000D5
:1040E00000F06CF96E61D4E70521200000F046F97C
:1040F0000121200000F092F90123D022A3401206F2
:104100005362C6E70521200000F038F90021F0E7EE
:104110000521200000F032F90221EAE70521200004
:1041200000F02CF90321E4E76421002070B50500BC
:104130000C001D280DD8052100F020F90B4BD022D2
:10414000595D01231206AB40032903D1002C05D190
:10415000936270BD022903D1012CF9D05362F8E7B4
:10416000002C01D05361F4E79361F2E76421002051
:10417000010000201D2908D80122D0238A401B06F7
:104180005B6813405A1E9341D8B27047D0231B0678
:104190001B6808489B00195830B5002909D0064C07
:1041A00001391A59195055081D5101231A4082F33B
:1041B000108830BD7C16002084160020D0231B06FA
:1041C0001B680C499B005A5810B50F2A02D10A48A7
:1041D00000F0A2F8094A985840009850EFF3108474
:1041E00072B6601E84419858204398505A58013244
:1041F0005A5010BD7C16002071FA00108416002061
:1042000013B500230400080021602371627101A925
:104210000BF092FB002808D1D0231B06019A1B68E3
:104220009A4204D020680BF0BFFB012323712000C9
:1042300016BD10B503790400002B02D000680BF006
:1042400033FB200010BD10B504000068002801D029
:1042500007F06EFF00232360A360636010BD70B59C
:1042600004000D000068013106F068FA031E01D059
:10427000012028C470BD036810B50400002B03D0D2
:10428000436801208B4209D22000FFF7E8FF002895
:1042900004D0A368002B01D12268137010BD70B543
:1042A0000E00110004001500FFF7E5FF002804D1FF
:1042B0002000FFF7C8FF200070BD2A0031002068F1
:1042C000A56001F071FF00212268A368D154F2E7D4
:1042D000002370B504000D000360436083609942C1
:1042E00007D0080007F042FF290002002000FFF776
:1042F000D6FF200070BD000010B502000120002193
:104300000BF0F2FA034C2268636882438B430CC4BF
:1043100010BDC046001400200FB407B5084806F0D1
:10432000EFF8049B002B07D005A91800019104F0B9
:104330008DF8044806F0E4F801200AF088FCC04635
:1043400084FA001039FA0010044A1078431CDBB2DA
:10435000172B00D9102313707047C046A80B0020FC
:1043600013B5044B0100009318221F23024803F0E9
:10437000F8FB16BD94FA0010BC1A0020074B82000F
:1043800010B5D45840236340C0242340044CC000DF
:104390001351044BC018416010BDC04604C0014019
:1043A00004D0014000400140034BC000C0181F234F
:1043B000406818407047C04600400140054B8000EF
:1043C000C358C90092000A435A400C231A40024BBA
:1043D000C250704704C0014004D00140054BC000EA
:1043E000C35809045940C0239B021940024BC150D5
:1043F0007047C0460440014004500140054BC000D6
:10440000C35809035940C0239B011940024BC150B6
:104410007047C0460440014004500140044B8000F6
:10442000C3580901594030231940024BC15070470D
:1044300004C0014004D00140074B10309B6880004D
:10444000C150BFF35F8FBFF35F8F0021034B196033
:1044500082F310887047C04600ED00E0240100D0D0
:10446000044B0548054A1900043308609342FAD109
:104470007047C04600E400E08080808020E400E0D7
:104480001F2318401E3B8340002905D0C021044A49
:104490004900535013607047024AD367FBE7C04698
:1044A00000E100E004E100E001228240034B1B68D0
:1044B00013405A1E9341D8B27047C04600E100E055
:1044C00001238340014A13607047C04600E200E0C8
:1044D000024B10309B688000C058704700ED00E030
:1044E00070B504000D00EFF3108672B60A4A136827
:1044F000002BFCD0BFF35F8F2000FFF7E9FF074BD5
:10450000984201D0A84205D1320029002000FFF7CF
:1045100093FF70BD01F0FAFE240100D0C1300010FD
:10452000F0B587B0049003910292EFF3108372B656
:10453000564A05931368002BFCD0BFF35F8F00230E
:104540005349CB560093002B01DA01F0DFFE0C2318
:104550009C466246009B4F4D53435A199079087010
:104560004D4988680499103189000958481B47282B
:1045700019D94A488142E8D1494959534949023336
:1045800004395B19CB1A1B0547495B0D0B4353805C
:10459000464B9380FF239371029BD371039B9360DF
:1045A0000121114335E001200E0086433400002034
:1045B0000196E779029EB74231D83B4CA4460028C9
:1045C0003AD006268657071D002E33DB384D8488E7
:1045D0005D1963466405241508340419641B043C02
:1045E0002405640D1C436346043AD21B1205520D88
:1045F00013438380009B009A83710C235343254A05
:104600009B182C4A9C801A60029A9E71DA71039A58
:104610009A60059A0498FFF70FFF07B0F0BD0627D0
:10462000E757002F04DB604647432000EC19C0E742
:104630002000C2E71D4CD6E70C206646154C1E4DE7
:104640000199091B49414D432D0D00999F1C484379
:1046500013493F190153134920180439C91B09058F
:10466000490D31434180043301991B19CB1A043B96
:104670001B055B0D33438380029B0199C371039B30
:10468000857183600B4B0B608AE7C046240100D024
:10469000BC220020AC0B002000ED00E0C130001077
:1046A00000A1FFFFF40B002000E0FFFF01BDFFFFB2
:1046B000B00B002001488047AAAA00000123034351
:1046C000F0B51E00EFF30581EFF3108772B61C4BB7
:1046D0001B68002BFBD0BFF35F8F1A4A04001A4BF4
:1046E000A41A644163431B0D5BB29C46174B8900BF
:1046F0009B6814005B581D000023B54214D1134B76
:10470000134A9B685A50134B1A78827162461A708A
:10471000BFF35F8F00230A4A136087F31088F0BD50
:1047200001330C34062BEED0062161566145F7D1DA
:104730000C214B43D318FF229A71074A9A80E2E773
:10474000240100D0AC0B0020AAAA000000ED00E07C
:10475000C1300010BC22002001BDFFFF13B5064B85
:104760000100009300220523044803F0FAF9002811
:1047700001DB1F23181A16BDAFFA0010C522002056
:1047800010B50400FFF7E0FD0100200003F020FA5F
:10479000FF232371BFF35F8F10BD10B50400FFF737
:1047A000D3FD0100200003F013FAFF23A380BFF321
:1047B0005F8F10BD10B50848084B984200D310BD5C
:1047C000040003680834002B03D0FFF7E6FF200045
:1047D000F2E7FFF7D5FFFAE748120020A812002001
:1047E0000A4B1868EFF3108272B601680029FCD0FA
:1047F000BFF35F8F1B68BFF35F8F0021196082F3E7
:10480000108840BF002000217047C04620210020B2
:10481000F8B5C16004001F0016000D00FFF794FDFD
:10482000154B2670C018D0231B061B6880006370D0
:1048300001235B422381A380FB1863800023206156
:104840006781BB4211D101270C4BB200D4503C0010
:10485000B44030002C620A49FFF742FE39003000B4
:10486000FFF70EFE074BEC50F8BD18205843616966
:104870005A1E42520133E4E7400000340C1F00206E
:10488000E14800103820000010B5094C2369002BC6
:1048900009D10321074800F0B1FA102303222000B8
:1048A0000449FFF7B5FF0A21034803F091F910BD51
:1048B000180C00200040054020210020074A10B5B8
:1048C000536A04000020994206D8926A0130A2423D
:1048D00002D2C81A431E984110BDC0460040054090
:1048E000F0B587B0EFF3058203231A40924B039291
:1048F0009200D4580123039A93400493049A8F4B57
:104900001A608F4B049A5A630822A35E0293002B0D
:1049100055DB1823029A656953438948ED18AA6844
:10492000EB680092019300F073FA019B8B4246DC26
:1049300002D1009B834242D8019B002B00DAA5E004
:104940002B69804A6E69934200D08FE03000336952
:104950009847002800D199E0C0CE33003B4300D1F6
:1049600094E0002F00DB8BE000980199801BB94197
:104970000022AB5EA860E960002B20DB62699446F0
:1049800018225A436244D6688E4218DC02D19268DB
:10499000824214D826002381083618225A436244E2
:1049A000D7688F4208DC02D19768874204D8160086
:1049B0000022B35E002BF0DA2B80029B33800422AE
:1049C000A35E002B1ADB2169EFF3108372B60A682D
:1049D000002AFCD0BFF35F8F0422A15E0122524265
:1049E000A2802269BFF35F8F0020106083F31088DC
:1049F000230008330593002900DB5EE0A379002B38
:104A000008D00023A37120000822A35E08305A1C9E
:104A100000D076E00823E15E002924DB18224A4317
:104A200063699B189D68DE686B1C01D1731C10D0F4
:104A3000039B434F9B00DB19B96A1A69681A521A23
:104A4000904205D301220398396A8240114200D175
:104A50001D613B4800F0DCF98E4204DC00D050E7D9
:104A6000854200D84DE740BF07B0F0BD0821605E29
:104A70006A88000431001043984706000F006CE775
:104A80002F4800F0C5F98019794171E72B88216919
:104A90002381EFF3108372B60A68002AFCD0BFF3BB
:104AA0005F8F62882A80029A62802269BFF35F8FDB
:104AB0000021116083F3108881E76369059D0093ED
:104AC00018234B43009AD3189A68DF680292082291
:104AD000A05E00280CDB18224243009EB218D66864
:104AE000BE4205DC09D19668B446029EB44504D99D
:104AF00029800022995E18807DE715000022A85EBB
:104B0000E7E71821594366697218715E0227D65F7C
:104B1000002E0EDA01267642F7179660D760082736
:104B2000E65F9E4203D001802689168023810B0018
:104B30006DE71000FBE7C0460C1F00203C700540ED
:104B400000400540E148001000487047180C002064
:104B5000F0B5010016001F000269EFF3108072B675
:104B60001368002BFCD0BFF35F8F18220223CC5EAA
:104B70004B6962439B18002C01DB1A884A800A6942
:104B8000BFF35F8F0025156080F31088AC422CDBEB
:104B9000059A9E60DF601A61069A5A615A8801324E
:104BA0005204520C101CAA4200D1012082B258803B
:104BB000200410430E69EFF3108272B63568002DA1
:104BC000FCD0BFF35F8F04268D5F1D808C800B6946
:104BD000BFF35F8F00241C6082F3108801220B78E2
:104BE0009A40CB6802495A50F0BD01204042FBE791
:104BF0003C200000F7B51F000AAB1C78050016002A
:104C0000002C09D0099B32000193089B28000093D7
:104C10003B00FFF79DFFFEBD00F024F932003B0092
:104C2000121A8B41A342EDDA2000F4E730B5448933
:104C300003000A140020944225DD183050435A69BD
:104C40001D691218EFF3108472B628680028FCD092
:104C5000BFF35F8F558889B20020A94204D10A486A
:104C600001435180012098711A69BFF35F8F0021C1
:104C7000116084F31088884205D001221978DB681E
:104C80008A4002495A5030BD0080FFFF3C2000009E
:104C9000F0B506000F0006246442E517A4197D4113
:104CA00085B08D4202D803D1844201D90024002569
:104CB00000F0D8F822002B00121A8B41002B08DCE0
:104CC00001D19A4205D13000390000F00FF905B04A
:104CD000F0BD002302930193104B22000093104873
:104CE0002B00FFF787FF0130EDD020002900FFF7F0
:104CF000E5FD0028E7D10B4B1868EFF3108272B680
:104D000001680029FCD0BFF35F8F1B68BFF35F8F82
:104D10000021196082F3108820BFE6E7E147001008
:104D2000180C00202021002070B504000D0000F0B8
:104D300099F800196941002902DA0120024940422C
:104D4000FFF7A6FF70BDC046FFFFFF7FFA2210B538
:104D500000239200002101F0FFF9FFF7E5FF10BDED
:104D6000F0B504000D0087B0EFF30583002B05D0EC
:104D700020002900FFF7A2FD07B0F0BD1C4B0593F2
:104D80001B68834205D1059B5B688B4201D120BF24
:104D9000EEE7184B0493DF68049B38001E7800F0A0
:104DA00037F80436B600BA5926002F000023361A09
:104DB0008F41121ABB4202DCE9D1B242E7D9029319
:104DC00001930D4B2200009304982B00FFF712FF74
:104DD000061ECDDD059B2000290030C3FFF76EFDC8
:104DE000002800D120BF31000498FFF71FFFBFE764
:104DF000100C0020180C0020E147001010B5024AEA
:104E0000024802F090FE10BDCAFA0010B72200203E
:104E10000300416A0A00986A596A8A42FAD17047C7
:104E2000416A9942FCD3994202D1816A914200D3EE
:104E30007047416AF7E770B514001D000600FFF7E0
:104E4000E7FF22002B0012184B41994202D804D1EF
:104E5000904202D901225242D3173000FFF7E0FFFF
:104E600070BD000010B50248FFF7D2FF10BDC0466C
:104E70000040054010B502000B000248FFF7DBFFC1
:104E800010BDC0460040054010B5002905DB826A10
:104E9000836A9B1A8B42FBD310BD08000021FFF7E9
:104EA000E9FFF9E70C4B10B504000800994206D859
:104EB000FA21890041432000FFF7E6FF10BDFA22E6
:104EC00000239200002101F047F902000B002000AE
:104ED000FFF7B1FFF2E7C0469BC4200010B5010008
:104EE0000148FFF7DFFF10BD0040054010B502008C
:104EF0000B000248FFF794FF10BDC046004005407C
:104F000070B50E0019000400150002F061FE0023C8
:104F10003100E581A681A360681C05F005FB606097
:104F2000431E9841C0B270BDF7B50C2444430193B1
:104F3000244B0092E4186368089A05000E0093421F
:104F400000D26260C0232F1F9B01FFB2E318012F24
:104F500027D8012E25D103221A60A3683342FCD042
:104F6000009B22685B015340E022134080225201E3
:104F7000A350012F09D80321236873400B40A3508D
:104F80000123B340A2681342FCD0802380229B01FE
:104F90001201E250089B019A63600B4BAD00EA508E
:104FA000F7BD802212011A60074BAA00D1580029D0
:104FB000D6D0586900F086F9431C032058430338C3
:104FC000FDD2CDE700800040C01A002073B50D006F
:104FD000069904001800160000F074F9069A030000
:104FE00012022900009220003200FFF79DFF73BDDE
:104FF00013B5802464000094FFF796FF13BD0000F2
:10500000014B8000C0587047C01A002073B51400CF
:10501000012205000E0005201100114BFFF7E8FFEB
:1050200033002A00009401210E4800F05BF82100B3
:105030002800714300F046F90400002202210420F8
:10504000094BFFF7D5FF2300002201210520FFF7C0
:10505000CFFF022200210620014BFFF7C9FF73BDDD
:10506000006CDC0200800240001BB700F0B5A025F8
:1050700087B002900391049205936D00154B164A78
:105080006B4301939B18154A072493420BD9013DAA
:105090000F2DF3D100201BE0013E3F1B002E05D158
:1050A000013CB442F3D02700260067433900019841
:1050B00000F008F9029B9842EED10029ECD10120C2
:1050C000074B039A6B431360049B1C60059B1E6097
:1050D00007B0F0BDE02E0000508EF4FF50F80C0039
:1050E000001BB700F8B504001F4817001E000D0094
:1050F00000F0E8F80100380000F0E4F8069A330404
:10510000120313432268002A0FDA3F2122680A4063
:10511000AA420AD1A2681205120D824205D1EE21DF
:10512000E268C9020A409A421CD0104A104EA118E7
:105130004A42514101220C318A400E490A600E490F
:105140000A60170031688F43391EFAD10B4A2131AA
:10515000A2182560A060116021680029FCDAE360D4
:1051600008231360F8BDC046001BB7000040FDBF18
:1051700008C0004000E0004000F0004004300000A3
:10518000044B00011B685840F0231840024B186084
:105190007047C0460040064000500640024B186869
:1051A0000006000F7047C04600400640142310B5AB
:1051B000010018889B88984710BD162310B5010080
:1051C00018885B88984710BDF8B50F0004000026CA
:1051D0000125BE4201D12800F8BD2068FFF7E6FF97
:1051E00001C4431E984101360540F2E770B5040042
:1051F00003480D00FFF7DAFF29000300200098475D
:1052000055420000024B80009B68C0587047C04662
:1052100000ED00E070B504000D00EFF3108672B6EB
:10522000FFF7F0FFA84207D0084B984202D3084B83
:10523000984201D301F06AF8064BA4009B68E55040
:10524000BFF35F8F86F3108870BDC046C03000107A
:10525000D430001000ED00E001480421014B184754
:10526000300C0020C9510010014B9B68184700000A
:10527000300C0020124A936F9B0815D29066D166BD
:10528000002905D0FFE7FFE7FFE7516F106F704778
:1052900004B580210906C2175140002800D0C84338
:1052A0000AF03AFB002104BDF0B5146E556E576F3D
:1052B000166FFFF7E3FF1466556657671667F0BD74
:1052C000000000D0114A936F9B0813D210665166FC
:1052D000002905D0FFE7FFE7FFE7516F106F704728
:1052E00004B5002801D00020C0430AF015FB0021BE
:1052F00004BDC046F0B5146E556E576F166FFFF7BC
:10530000E5FF1466556657671667F0BD000000D0CC
:1053100094464A4A926F9208624601D228E0C046FB
:10532000F0B5464E346E756E776F366F00F020F82C
:105330009446424A14665566576716676246F0BD42
:1053400094463E4A926F9208624601D254E0C046AB
:10535000F0B53A4E346E756E776F366F00F04CF8DC
:105360009446364A14665566576716676246F0BD1E
:10537000002B24DB11D000293EDA00B5C94340429E
:1053800000D1013100F038F8C943404200D1013169
:10539000DB43524200D1013300BD002AEBD100288B
:1053A00001D1002905D00020C90FC90701D1C04390
:1053B000410800B50AF080FA0022002300BD00B5C4
:1053C00000290ADBDB43524200D1013300F014F81C
:1053D000C943404200D1013100BDC943404200D120
:1053E0000131DB43524200D1013300F005F8DB43C9
:1053F000524200D1013300BD002923D1002B18D126
:10540000002A0CD0BC460D4F38667A660021002376
:10541000FFE7FFE7FFE77A6F386F674670470028BE
:1054200001D00748010000B50AF046FA0022002327
:1054300000BD02000B00002000217047000000D0DA
:10544000FFFFFFFF002B00D0BFE0130C28D1002A84
:10545000E7D080B4114F39667A66FFE7FFE730B4D2
:10546000040C7B6F396F1B0423433B667A66FFE7AE
:10547000FFE7FFE7C04684B27B6F3D6F1B04234309
:105480003B667A66FFE7FFE7C04600232C042D0C3D
:105490007A6F386F00196941B0BC7047000000D0C6
:1054A000F0B594460025140E01D112020835140FF0
:1054B00001D112010435940F01D192000235D40FAD
:1054C00001D152000135D40B0134254F7C66254CA7
:1054D0003C660E0C93B2FFE7FFE7FFE73C6F6643C5
:1054E000360C7703BE467343DF0B5B04C01AB94129
:1054F000130C7343DB18C91ACE086643360CB64446
:1055000093B273431F0F1B01C01AB941130C7343AD
:105510001F0B1B05C01AB941860D8F023E4366431F
:10552000360C092D24DB520A7243801A7703460A8F
:105530006643360C16235B1BDE40DF40BF19644612
:105540006643821B7046043506330100D940A840EB
:10555000C01900D30131A24206D20023F0BD0000E1
:10556000000000D0FFFFFFFF121B0130F3D3F1E773
:1055700009277F1BFE406446A2B27243801A00D204
:105580000139220C7243130C1204821A99410B0048
:105590007046043513370100F940A840801900D344
:1055A0000131002B02D1A2420AD2F0BD013000D35A
:1055B0000131121BFAD2013BF8D1A24200D2F0BD58
:1055C000013000D30131121BF7E7F0B51C0C00D0FD
:1055D00080E00CB400251C0A04D11B02160E3343D4
:1055E000120208351C0B04D11B01160F33431201A4
:1055F00004359C0B04D19B00960F33439200023577
:10560000DC0B02D192185B4101351C0097186441F4
:105610000134464F7C66464C3C660E0CFFE7FFE7C4
:10562000FFE7C0463C6F6643360C7703BE4697B231
:105630007743C01B00D20139C01B00D201399FB291
:105640007743C91BC91B170C77437E04FF0B801BD4
:10565000B941CE086643360C0C2D33DBB644120B31
:105660001F053A431B0B97B27743C01B00D2013989
:105670009FB27743C91B170C77433E043F0C801B36
:10568000B941860D8F023E43664329277F1BFE40AA
:105690000C3D7746AF40BF1930BCA2B2ABB27243EB
:1056A0007343801A9941220C7243130C1204801A1E
:1056B000994102000B000137001BA941F9D2781E65
:1056C0000021F0BD0C277F1BFE4077467F0BAF40CB
:1056D000FF19E0E700245D1C07D0144F7D66396692
:1056E000FFE7FFE7FFE7FFE73C6F95B29EB2654338
:1056F0006643401BB141150C1E0C654366433604DE
:105700002F0C3E432D04401BB141994204D20200AC
:105710000B0020000021F0BD01D19042F7D3801A88
:10572000994101349942F2D3F6E70000000000D01D
:10573000FFFFFFFF48404140484018B41B4B5B68E7
:10574000FC46019308BD04DF275A001018B4174B1C
:105750001B68FC46019308BD00DF315A00109446D7
:10576000134A926F920809D2624618B40F4BDB6855
:10577000FC46019308BD0CDFE95C00100C4AF0B553
:10578000146E556E576F166F6246FFF7EEFF084AAC
:105790001466556657671667F0BD18B4034B9B68CF
:1057A000FC46019308BD08DF8D5B00101C1F002024
:1057B000000000D0FFB550404240504059404B409F
:1057C000594000E0FFB5154F4C00640D03D0BC42BA
:1057D00004D10C0314D80020090D09055C00640DE8
:1057E00003D0BC4204D11C030AD800221B0D1B05A8
:1057F00001264B4009D44B4003D58B4200D1824255
:10580000FFBD9942FCD19042FFBD0B43DB1803431F
:105810001343F5D0C9434918FFBD0000FF0700003E
:1058200000B5FFF7CFFF01D0002000BD012000BD73
:1058300000B5FFF7C7FF804100BDC04600B5FFF7C8
:10584000C1FF01D9002000BD012000BD00B5FFF758
:10585000B1FF804100BD012040054A00121804D864
:105860005A00121801D8002070470120704700002C
:105870000021002805D17047C1174840401AFAD0CE
:10588000C90713B5064B1B6898470CBC441CA240C3
:105890001005120B0349091B09051943114310BDDB
:1058A0001C2000201F04000010B54C00620D802356
:1058B000D218DB00D21A5B057E2A10DD9E3A13DA7D
:1058C000CC170903490819435242D14064000134FE
:1058D0001532202A05DAD0400843604310BD00206D
:1058E00010BD0846604310BDC80FC018013810BD78
:1058F00018B4044B5B6AFC46019308BD24DF995E33
:10590000001000001C1F002018B4044BDB6DFC4687
:10591000019308BD5CDFA55F001000001C1F002084
:10592000C94211D300B549004908002200F018F817
:10593000002904D4002240428A41114600BD802142
:105940000906002000BD000018B4044BDB6EFC46C5
:10595000019308BD6CDFA75E001000001C1F002033
:1059600018B4044B9B6FFC46019308BD78DFC35EFF
:10597000001000001C1F002018B4044BDB6FFC4615
:10598000019308BD7CDF315F001000001C1F002068
:10599000132370B51C78114D012C0ED10023104932
:1059A0009A000133A950202BFAD10D4BAB640D485E
:1059B000FFF7FCFB0C4B186070BD012CF5DD0B48AC
:1059C000FFF7FBFB06000A48FFF7F7FB80223100D8
:1059D000280000F0E9FB022CE9D1E6E71C1F0020BB
:1059E000F55900104C3300001C20002053440000E7
:1059F0005346000007B5604601880A0A0230DF2AD4
:105A0000FAD1C9B2820804D3028840880004104346
:105A100000E00068014A5050039007BD1C1F0020A1
:105A20000FB403BC0CBCF0B50124E407634000E0F4
:105A3000F0B50C0DCF0F661E3605891B640503D328
:105A4000C943404200D30131640D03D0661CF60AFD
:105A500007D0E41B00207F00791C89078912803C55
:105A600024031D0DDF0F6E1E36059B1B6D0503D332
:105A7000DB43524200D301336D0D03D06E1CF60A96
:105A800007D0ED1B00227F007B1C9B079B12803DF3
:105A90002D032F1B661B58D4A446202E46DA203730
:105AA0001400BC401D00BD40F24033412A43801821
:105AB0005941CB0F05D0C943C04300226442504135
:105AC000514162464D0D28D10D0D07D100281FD040
:105AD000241940414941013A0D0DF9D0640006D323
:105AE000013000D30131002C01D140084000013ABF
:105AF0000BD4941CE40A04D112051144DB071944A9
:105B0000F0BDD907204B194300E0D9070020F0BDB4
:105B10000029DDD1002CDBD1F0BD0132C6074008E1
:105B2000CD0728434908002EE1D0D9E73C2E29DAD9
:105B3000203E40371400BC4000D00124F240144302
:105B40001A00BB401C43D317ACE7AC46202F08DA41
:105B500020360400B4400D00B540F84039412843D8
:105B6000A5E73C2F0CDA203F40360400B44000D0BB
:105B70000124F84004430800B1400C43C117EAE790
:105B800010001900002494E70000F07FF0B50C0D20
:105B9000661E3605891BE60A6405640D02D0651C85
:105BA000ED0A04D0002001210905803C2403A4460D
:105BB0001C0D671E3F05DB1BE70A6405640D02D060
:105BC000651CED0A04D0002201231B05803C240340
:105BD0007740644497B484B296B27443070C7E4312
:105BE000150C6F4380B26843361802D301200004BD
:105BF0003F183004350C00197D41844688B29AB2B2
:105C000050430C0C62431F0C7C438EB27E439219AE
:105C100002D301263604A4191604170C361867415E
:105C200001BC81B29AB25143040C62431B0C5C4329
:105C300080B25843121802D3012000042418100423
:105C4000130C401863412D185E410020474106BCEB
:105C500088B293B258430C0C6343120C544389B27C
:105C600051435B1802D301210904641819041A0C6A
:105C7000091862416D1856410020474118BCF902CD
:105C8000720D1143F0026A0D1043ED020A0D03D1AB
:105C90006D1940414941013B124E9B1B7600B342B6
:105CA0000ED26D0007D301300026714166463543A0
:105CB00001D1400840001B05C918E4072144F0BD8C
:105CC0000BDA013306D1013004D101314F0D01D07F
:105CD0004908F2E7E1070020F0BD01363105002058
:105CE000EBE70000FF030000F0B51C0D671E3F0549
:105CF000DB1BE70A6405640D02D0661CF60A04D0BB
:105D0000002201231B05803C2403D0252D060026FC
:105D1000F6432E661E096E66CE0FF619B44649008C
:105D20004F0D02D07E1CF60A03D000200021403F18
:105D30003F033E1BB600B444013F7F05C91B490821
:105D40002E6F013676089C02950D25437543ED13A1
:105D50007543AD1301356D10F603761B0CB4CC0200
:105D6000450D2C43A2B2B3B25A43270C7B43350CEA
:105D70006F43A4B26C431B1902D3012424043F19BE
:105D80001C041D0CA4187D4124196D41009A91B288
:105D9000ACB26143170C7C432B0C5F4392B25A4365
:105DA000A41802D301221204BF182204230C521893
:105DB0007B41019C6C431B19520ED9010A434401DB
:105DC000A01A81B2B2B2514303145A43360C734342
:105DD00087B27743D617D21900277E4136049B1924
:105DE0001704160C7F185E417316ED18F301002698
:105DF00080337541A90F06D16400690AE8055B0A82
:105E0000184309D22FE00422944480337541A90A33
:105E1000A8059B0A184326D3404149412404009A0F
:105E2000019B0D005543641B4343E41A95B286B2AF
:105E30007543170C7E43030C5F4392B25A43B61866
:105E400002D301221204BF183204330C52197B41D1
:105E500052429C41002C02D40022013051414008A2
:105E6000CA071043490802B06246D7079210084B90
:105E7000D218084B9A4203D212058918C919F0BDED
:105E80000020002A01DC3900F0BD01331905F5E7D7
:105E9000FD030000FE070000002200B5203200F0E4
:105EA00010F8080000BD002200B500F00CF8CA1779
:105EB0009A4200D100BDD8430121C907414000BD2D
:105EC00000220B150AD410B5944600F0A7F814145C
:105ED000013400DA0021CB17144C204700200021A8
:105EE00070476244343A0CD40C2A07DA040091401B
:105EF000904052422032D440214310BDD843D94370
:105F000010BD203207D40C46944052422032114139
:105F1000D040204310BD0800C917203203D452429C
:105F20002032104110BD1800190010BDE35E0010B2
:105F30004A00520D144BD21A13DDFF2A1EDAD20585
:105F4000CB0FDB071A43C300400F0903490A08437C
:105F500010435B0001D301D0013070474308FBD2EE
:105F6000704702D0C80FC00770470A0312130132EE
:105F7000F8D1420F072AF5D1012200E0FF22C80F15
:105F800000028018C00570478003000000210A004D
:105F9000002104E000210A00C11704E000220023D0
:105FA00006E0C0460022CB1758405940C01A99411C
:105FB00030B5184CA21A002903D1010010D00020DE
:105FC000203A4C1512D104D2013A001849414C0D27
:105FD000FAD3114CA24204D212058918DB07C91862
:105FE00030BDD243520D00200021F5E703D4013A21
:105FF00000184941FBD50B324405C00A4D05284322
:10600000C90A640003D0002460416141E1E7E0D3A4
:106010004408F8E732040000FE0700000A0DCC0F28
:10602000531E1B05C91A520503D3C943404200D36E
:106030000131520D03D0531CDB0A07D0121B002084
:106040006400611C89078912803A1203014BD21A3D
:1060500070470000FF03000007B54840414048403A
:1060600001E0C04607B54200120E03D0FF2A03D15B
:10607000420218D8C00DC0054A00120E03D0FF2AF4
:1060800003D14A020FD8C90DC9050122414005D4E8
:10609000414001D5814207BD884207BD01434918EF
:1060A00001D0C043001807BD00B5FFF7DBFF01D9E1
:1060B000002000BD012000BD01231B064200D218B4
:1060C00004D84A00D21801D8002070470120704738
:1060D000132310B510481C78FFF76FF80100012C4E
:1060E00013D10E4C5422200000F05EF815230C4A08
:1060F000990001336250202BFAD12262E2610948F3
:10610000FFF754F8084B186010BD012CF7DD802212
:10611000024800F049F8F2E7534600002020002032
:106120002D6100104C3300001C20002007B5604694
:1061300001880A0A0230DF2AFAD1C9B2820804D3E0
:10614000028840880004104300E00068014A505073
:10615000039007BD2020002051434343C9188C46BB
:10616000110C83B24B4310B4040C614392B280B261
:10617000504362431C041B0C001910BC594113040A
:10618000120CC018514161447047000001480421BD
:10619000014B1847400C0020C9510010014B1B68EF
:1061A00018470000400C0020014B5B6818470000B6
:1061B000400C0020D02301221B06196D114201D092
:1061C000986D704720BFF8E703BD10B5040000F0DC
:1061D000B1F8A04710BDD02302221B06196D114251
:1061E000FCD0586540BF704710B5FFF7E3FF10BD06
:1061F000F0B5070089B00F200C000092FEF754F9AB
:10620000002101900F20FEF73BF90023012607979C
:10621000D02706941C00009A02ADEA60114A02934E
:1062200056703F066B60AE60A300EB580093002BE6
:1062300003D13B6D334211D140BF0098FFF7CBFF34
:10624000FFF7B8FF009B83420AD10134062CEBD143
:106250000F200199FEF714F909B0F0BDBB6DE8E716
:106260000024E1E7BA22002003239A438B1810B5DB
:106270000C001900064A0C399268086018000838AA
:1062800004600448043B18600348FFF7B1FF10BDE9
:1062900000ED00E0CB610010C96100100549064B1C
:1062A00010B5994201D20121494280221201FFF723
:1062B000DBFF10BD000804200000042010B50248D8
:1062C00001F0BEFC10BDC046BD220020F0B5002389
:1062D0000F260C4C0139994201D9102B02D1002212
:1062E000C254F0BD01275A08A25C9F43BF003A4147
:1062F000324017003737092A01DC30321700C75403
:106300000133E8E7BD2200207047000010B50148C6
:10631000FEF702F8ECFA001010B5044C044B9C4256
:1063200000D310BD08CC9847F8E7C046B8F9001074
:10633000F4F9001010B5044C044B9C4200D310BD7E
:1063400008CC9847F8E7C046ECF90010F4F90010C3
:10635000054B064A06491A60064B074A13601800A7
:106360000A689043FBD1704700E00040BFCDFBFEC0
:1063700008C00040FE7F3C0000F00040044BDB6C96
:10638000002B03D18022034BD2021A607047C04613
:10639000000011504C201150044A054B1A60054A68
:1063A0001368DB018033FBD17047C046FFFFFF015C
:1063B00000F0004008C000404022034B9A675A6733
:1063C0001A67DA667047C04600F0014010B501F068
:1063D000F1FB10BD70B50B490B4C0C4D641AA408B1
:1063E0002200302C00D9302228009200FFF7DCFE7A
:1063F000074B2F2C02D9074B9D6070BDA200AB50FC
:106400000134F6E700300010C0300010000000201A
:10641000C130001000ED00E0002373B5284DAB67DC
:1064200001F0FAFB0122274B1A606B6C012BFCD1A7
:106430000322254B1A60AC6B012CFCD102260525EA
:10644000210000960623214A2148FEF74BFE2B002F
:10645000210000951F4A2048FEF744FE310000222B
:1064600004201E4BFEF7C4FD2800210000221C4B17
:10647000FEF7BEFD0022072011001A4BFEF7B8FD03
:10648000002208201100174BFEF7B2FD80230022E6
:10649000DB00110000930920124BFEF797FD00224C
:1064A0000F4B11000620FEF7A3FD0420FEF7A8FD08
:1064B0000D49FEF707FF0100002001F0A5FB73BDA9
:1064C000008000403CB0004030B00040002F6859D0
:1064D00000800240008C864700C00240001BB700CD
:1064E00040597307006CDC0240420F0000207047E7
:1064F00070B505000C001600486900F023FD32005D
:10650000280001216369984770BD000070B505003F
:106510000024144B1B781A1DA2420FDA54220021CA
:106520001148FFF73BFE1022FF211048FFF736FE0F
:106530002022FF210E48FFF731FE07E0A34206D9D3
:106540000C4B62011B689B18002B04D170BD0A4ADA
:10655000E31A5B019B182800DB6801349847E4B21A
:10656000D7E7C0469C210020A1210020A5210020C2
:10657000B52100208C16002088FB00107047704762
:106580000020704700207047002070477047704718
:1065900070477047024B1878C007C00F7047C0465D
:1065A000A1210020024B5878431E9841C0B2704789
:1065B000A1210020024B18784007C00F7047C04649
:1065C000A1210020094A10B513785B07DC0F002BCE
:1065D00008DA182312781340182B05D1044B1878C9
:1065E00001F0EEFB200010BD0024FBE7A1210020FC
:1065F0006C0C002010B5034B187801F0EFFB012064
:1066000010BDC0466C0C002010B5034B187801F08B
:10661000EDFB012010BDC0466C0C0020034B187828
:10662000FF38431E9841C0B27047C0466C0C002032
:10663000F7B5284F05003B7801240191FF2B02D1CB
:10664000002902D100242000FEBD0021542222484E
:10665000FFF7A4FD0022214C214B20001A70FEF709
:106660008FF8204B20481C6001F0C4FA1F4C20001A
:1066700001F0F6F91E4B1F4E1C601F4B002B04D07F
:10668000300000E000BF1D4B1860002433781A1D55
:10669000A2420ADA280001993D7001F04DFB041E68
:1066A000D1D0280001F07CFBCDE7A3420CD9134BDD
:1066B00062011B689B18002BC4D05B68002BC1D003
:1066C00001349847E4B2E1E70D4AE31A5B019B18F5
:1066D000F3E7C0466C0C0020A1210020AC1900207B
:1066E000B5220020B4190020640C0020500C0020BA
:1066F000B81900209C210020000000008C1600200A
:1067000088FB0010702270B58B780C0000201A42B4
:106710000CD1074B20001D78064B997800F064FFE0
:10672000002803D02100280001F082FB70BDC04684
:106730006C0C0020A1210020F7B50C0016001F00F2
:1067400000250190AE4201DC012003E06378052BB7
:1067500001D00020FEBDE3789B079B0FBB42F8D120
:1067600021000198FFF7CEFF0028F3D0A378DA09C3
:10677000012A05D1099A137023780135E418E1E75D
:10678000089AF8E77F2010B50840C909044B054A6C
:106790003431400040188018196800F0E3FE10BD45
:1067A000B4190020A12100207F2010B50840C9099C
:1067B000044B054A3431400040188018196800F035
:1067C000F8FE10BDB4190020A121002070B57F246F
:1067D0000E480C406400CD09041964193034257941
:1067E0000020ED0710D40125267909482E430078B2
:1067F000267101F051FB002806D104222379AB4316
:10680000237123799343237170BDC046A1210020D9
:106810006C0C002010B50B4B0C00187801F04EFBEF
:106820007F22094B2240520099180223E4090919DA
:1068300030310A7913430B7101230A7913430B7129
:1068400010BDC0466C0C0020A121002010B50B4BE0
:106850000C00187801F04EFB7F22094B22405200B9
:1068600099180222E409091930310B7993430B710D
:106870000B79013A93430B7110BDC0466C0C00209C
:10688000A12100207F22054B0A405200C9099B1814
:106890005B18303318798007C00F7047A1210020A2
:1068A000F0B5B74B8BB01B78FF2B00D193E2B54B03
:1068B0001D686969EFF3108372B60A68002AFCD07C
:1068C000BFF35F8F07ACAB612100280000F0B9FF78
:1068D0006A69AB69BFF35F8F0021116083F3108891
:1068E000884200D177E2607801380728DFD809F0C4
:1068F0000BF8080011009B0281028C0219004D0266
:1069000094022078FFF702FE00F012FB9E4B2279E2
:106910009A70CCE72078FFF7F9FD00F009FBFFF74C
:1069200036FEC4E7994B1A78002A00D153E21A7850
:10693000013A1A7018780028B9D10126924D042125
:106940002B78277833432B702B0034331A78B243DB
:106950001A701A788A431A702B0035331A78B243AA
:106960001A701A788A431A7000F0ECFA60222379C0
:106970001A40602A28D0402A0AD1854800F0E2FA5D
:106980003100380008AAFFF7B1FD00288FD11BE0C5
:10699000DB06DB0E012B00D16AE1022B00D1A0E166
:1069A000002B11D1202A25D1227A0F2A0CD8237A44
:1069B000EB181979774B1B7899420FD2764B490126
:1069C0001B685918002910D107AC2078002101F06C
:1069D00075FA8021207801F071FA68E71A1D8A4261
:1069E000F2DBC91A6D4B4901C91808AA3800FFF734
:1069F0007FFDCAE760790928E6D808F0ADFF2A01D3
:106A00002201E5FF1901E5FF0A00D700E5FF1600A6
:106A10001C0008A800F09CFA3800A17901F0C6F922
:106A200002232A7813432B7041E706AA6B780232BF
:106A30001370012317E1A4796B789C4200D19AE08E
:106A40006B78002B0BD00021380001F0D7F938000B
:106A500001F01EFAAE783800FFF758FDAE706C708A
:106A6000002C00D185E0013CE0B2FDF735F80028AC
:106A70003DD043780393022B39D10121C279931180
:106A800052110B400A4012015B0113432A782F3147
:106A90008A4313432B700500C37882781B0213438B
:106AA000C31809350493049BAB4202D8FFF76EFD6F
:106AB00061E001226B7801920B2B03D1EB780193FB
:106AC0002B78ED186B78042B11D10026049B5B1BEF
:106AD0009BB205932F4B1C78231D9E4207DCB442CA
:106AE00009D92D4A73011468E418002C07D100223B
:106AF000254B5A7068E7294B341B6401E4182900C0
:106B000038002369059A9847029008282ED9059BDA
:106B100083422BD3019B012B0AD12369204A934244
:106B200001D1039A01921F4A934201D1039B019321
:106B300000221549019B9A420DD1330029001A48C1
:106B4000029A00F085FD029BED18124B1B7804336E
:106B50009E42A8DDCBE7AB78D318DBB2CB1818790F
:106B6000FF28C4D101321E71D2B2E3E70136F6B27A
:106B7000B0E7FFF70CFD380008A900F09FF996E692
:106B80006C0C0020B8190020A1210020B5220020A3
:106B9000ED6400109C2100208C16002088FB001062
:106BA000B57200101FEC0010B5210020E3881A0A0E
:106BB000501EDBB20E2800D906E708F0CDFE0F000C
:106BC00024002D0005FF05FF3600240005FF05FF0A
:106BD00005FF05FF05FF05FF05FF1A00FCF742FF53
:106BE0001223021E00D1EFE6380008A900F078F960
:106BF000CBE6FFF7C5FC021E00D1E5E6C37881783D
:106C00001B020B43F0E71800022A02D1FCF764FFD5
:106C1000F1E7FFF7B9FCEEE718002189FDF71AF854
:106C2000021E00D1D0E60378DEE7FFF7ABFCF7E702
:106C3000E388012B00D0C7E62A78073313432B7073
:106C400099E7E388012B00D0BEE608222B78934316
:106C5000F5E72B7806AA980699080223C00F194079
:106C6000023201431180380008A900F039F91EE60C
:106C7000227A0F2A00D9A7E6237AEB181979714BEB
:106C80001B78994224D2704B49011B68591800297E
:106C900000D199E6380008AAFFF72AFC002800D0A6
:106CA00005E66022150023791D401A4200D08BE6CC
:106CB00063790A3B012B00D986E6280000F042F9EF
:106CC00063790A2B00D056E706AB9A1C1570B0E624
:106CD0001A1D8A4200DA77E6C91A5C4B4901C918C5
:106CE000D8E77020237AD9B2184200D06CE67F230F
:106CF0000B405B00C809EB181B181E7D514B1B781D
:106D00009E4216D2504B76011B689E19002A1DD157
:106D1000637902201A008243012A1BD0002B00D085
:106D200052E63800FFF7AEFD06AB9A1C1080022336
:106D300099E7181DB04200DA80E0F61A434B76015D
:106D4000F618002AE4D0310008AA4FE6002E00D140
:106D50003AE6F8E7E288002A04D13800012B12D184
:106D6000FFF774FD002E00D1A1E5310008AA38001C
:106D7000FFF7BEFB3535002000F0E4F82B78DB0789
:106D800000D594E5F7E6FFF745FDEBE77F22217993
:106D90002F4B0A405500C8095B191B181800012623
:106DA00030300579B543057105790336B543057172
:106DB000002A05D162792078A36800F0D7F876E53B
:106DC000204A1B7D1278934207D21F4A5B0112684A
:106DD000D318002B08D10BB0F0BD101D9842FADB80
:106DE0009B1A1A4A5B019B189D6962792078A368F7
:106DF000A8475CE5164B1A78D20700D457E51878F7
:106E00000007C00FFFF7C4FB51E5114B1B78DB07F0
:106E100000D44CE5FFF7BDFB49E56368002B00D1CA
:106E200045E5A068984742E50122094BDB7813420B
:106E300000D13CE56068FFF7A2FB38E5161E00D1E3
:106E400066E7C1E59C2100208C16002088FB00101D
:106E5000A121002070B5124B06009C89D889221A06
:106E6000151C92B2402A00D940251A78ADB27F2A6B
:106E700009D9844210D099682A000A48FFF794F98A
:106E80008021084A03E000210A008442F9D12B0046
:106E90003000FFF79BFC70BD80210022F7E7C04661
:106EA000981900205819002080238B4319000023D3
:106EB00010B51A00FFF78AFC10BD000070B5074C32
:106EC00006000D0008222000FFF76EF900233000B5
:106ED0002978A360E360FFF7E7FF70BD98190020F1
:106EE000F7B5124D16000190082228000C001F0073
:106EF000FFF75AF90023AE60EB81E379A2791B0218
:106F000013431A1CBB4200D93A1C91B2AA81002B30
:106F100007D0002901D0301E02D00198FFF79AFF58
:106F2000FEBD21780198FFF7BFFFF9E7981900200F
:106F300010B5142200210248FFF730F910BDC046F9
:106F400098190020014B18617047C046981900201D
:106F500010B5054C010008222000FFF725F9002399
:106F6000A360E36010BDC0469819002070B5234CA3
:106F70001E0023780500DA09C9098A420FD0002EC5
:106F800001D0002070BD210000F046FF2369B3420C
:106F900003D022000321280098470120F2E77F2B2D
:106FA00006D8A0680028ECD032001549FFF7FCF89D
:106FB000A268E3899219F318A260E2889BB2E38188
:106FC0009A4201D03F2E15D82369002B05D002210B
:106FD000220028009847011E04D028002178FFF7DE
:106FE00063FFCFE7280000F069FF8021280000F050
:106FF00065FFD2E72800FFF72DFFC3E798190020AF
:1070000058190020F8B50500FFF7CCFA002825D064
:10701000FFF7D0FA061E21D19224A4006C43124B34
:107020001F19FA78824219D01034E418200000F0B9
:10703000F7FB3F2812D93000F978FFF7A3FBB042E5
:107040000CD0200000F0ECFBF9783F2807D9074B63
:10705000EA01D21830004023FFF7B8FBF8BD30003A
:10706000FFF7A2FBFAE7C046101700209016002099
:1070700010B50400FFF796FA002801D1002010BDDA
:10708000FFF798FA0028F9D1922080006043034B63
:107090001818037901201840F1E7C04610170020A6
:1070A00092239B00434310B50248181800F090FB50
:1070B00010BDC04620170020094B70B504009A424D
:1070C00000D91A00922080006043064B92B2C0188B
:1070D00000F0D5FB05002000FFF794FF280070BDED
:1070E000FFFF00002017002092239B00434310B5B0
:1070F0000248181800F0E4FB10BDC046201700201D
:10710000F7B50190FFF74EFA002803D0FFF752FAC7
:10711000071E01D00020FEBD9224019BA4005C4309
:107120002600144D24367619300000F051FBB84289
:10713000F0D02D193800A978FFF724FBB842E9D028
:10714000019B3000DC010C4B4022E418210000F0D0
:1071500096FBA9780600B84208D003002200380048
:10716000FFF734FBB842D5D03000D4E7FFF71CFB63
:10717000D0E7C04610170020D016002070B592242A
:10718000A40044430A4B0500E4180A4B9A4200D974
:107190001A00200092B200F0DEFB0600200000F092
:1071A00017FB3F2802D92800FFF7AAFF300070BD67
:1071B00034170020FFFF000092239B00434310B5CB
:1071C0000248181800F02CFB10BDC04634170020F0
:1071D000F7B592220025164C002120009200FEF700
:1071E000DDFF144B80221D70FF236371E1235B02DE
:1071F000A36008231049A37352000095073B0F4872
:1072000000F0B5FA012380220D49009352000D4889
:1072100000F0ADFA0C4F3800FDF7B2FA0B4E30001B
:10722000FDF7AEFAE561276226636563F7BDC046E8
:10723000101700209D210020481700202017002053
:107240004818002034170020481900205019002049
:10725000074B1A6A196B002A02D00022DA611A62FF
:10726000002902D000221A635A6301207047C046E9
:107270001017002010B5052200210A48FEF78EFFE6
:10728000094C2378DB0702D4084800F0E9FB237897
:107290009B0702D4064800F0E3FB0121044800F0FC
:1072A000FEFB10BD101700209D210020201700209C
:1072B00034170020F7B54B790700022B02D18B79E8
:1072C000022B02D000252800FEBD1E4EB378002BF5
:1072D000F8D109258B7833700C780C196378242B3E
:1072E00020D1954219D96378042B12D163790A2BE6
:1072F0000FD1154B26780193144B380000930223CD
:10730000A1191A00FFF718FA0028DBD00E357519FD
:10731000ADB20020FFF776FED5E723785D19ADB258
:10732000E418DBE7052BDED121003800FFF7EAF98E
:107330000028C7D0A378737023785D19ADB2E41824
:10734000D1E7C046101700201217002013170020A5
:10735000F8B504000B001078110060220240202ACA
:1073600007D12B4F4A790D79387812022A4390427F
:1073700001D00020F8BD487820380328F9D808F05B
:10738000F3FA02151837012B06D107232000214AF2
:10739000FFF7A6FD0120EDE7032BFBD11E4B002BD1
:1073A000F8D000201B49FCF7BDF9F3E7012BF1D120
:1073B000EBE7012B03D12000FFF780FDEAE7032B69
:1073C000E8D10126CC788B78310024021C432500BB
:1073D0001248A1433C7100F062FB114B3540002B79
:1073E000D8D06208290000203240FCF78BF9D1E7A1
:1073F000012BE0D0032BCDD10A4B002BCAD08B78C8
:10740000C97800200902194300E000BFC2E7C04666
:1074100010170020181700202537001034170020FF
:107420000537001000000000F0B5334C85B0039024
:107430001D00E3780F008B4206D0A3788B4218D052
:107440000025280005B0F0BD2C4BAAB202932C4BAE
:1074500002991800019300F07EFA2A4B002B15D1F7
:10746000294B002B27D10020FFF7CCFDA378BB428E
:107470000AD1264B002B02D0002000E000BF0020E4
:10748000FFF73EFE00281ED00125DAE763790026CB
:10749000FF2BE5D0AE42E3D0029B62799B5D9A421E
:1074A00007D1019800F0A5F9002802D1617900E028
:1074B00000BF0136EEE7019800F09BF90028D2D119
:1074C00000E000BFCFE7124800F082F90028DBD1CE
:1074D0008542D9D03F232E001E401D42D4D1A17831
:1074E0000398FFF74FF9051ECED033003200A17884
:1074F0000398FFF76BF9A4E71017002090160020FF
:107500002017002000000000000000000000000024
:10751000341700200A0013B500290CD16B46012452
:10752000100001A99C80FFF783F8031E01D00A4ACE
:107530001470180016BD012801D90023F9E7097855
:107540000029FAD0044B195401239942F1D11100BA
:10755000FFF76EF80300ECE79F21002010B5FFF75E
:107560005DF810BDF8B503780400DB070F00DD0FF0
:10757000002B1CD1067876079E4214DB01213800CF
:10758000494208F0E1F92378DB07DD0F002B0CD12D
:1075900023785B0704D40423012522781343237046
:1075A000380008F081F92800F8BDF50FF8E700254C
:1075B000F9E770B50D00012104004942280008F0E8
:1075C000C3F923785B07DE0F002B06DA2378DB078D
:1075D00008D40422237893432370280008F064F928
:1075E000300070BD0026F8E7437902791B0213438F
:1075F000C2785B0592075B0D920F022A0CD0002027
:10760000032A16D0012A13D102394A4251410D4AA8
:1076100089189942404105E0914205D10A4A9818DB
:1076200043425841C0B203E0002040229A42404108
:10763000704702394A1E9141044A49421140802252
:10764000D200E5E7FF03000000FEFFFF40FCFFFF64
:1076500070B57F268A18914200D370BD4C78052CF6
:1076600006D18D782C0034406400ED09041963556F
:107670000C780919EFE78A1892B24000914201D8BC
:10768000824201DB121A92B21000704770B50400FA
:107690000800D11AA58889B29A4202D26E008919CF
:1076A00089B20E1E11D08D4204D295420FD8521BC2
:1076B00093B263819D420CD9E28821685204520C36
:1076C0005343C918FEF770FD0126300070BDAA189B
:1076D000EEE75B1B9BB2EDE7F0B585B003910AA91D
:1076E0000C8801901D1B8688ADB2A34202D27100A6
:1076F0006D18ADB2002D21D0AE4206D29E4220D8E8
:107700009B1B35009CB2019B5C812B1C954200D9D0
:10771000131C9DB2A64216D9019B019ADB88116801
:107720005B045B0C02936343371BBFB2C918BD42B5
:107730000CD8029A03986A43FEF736FD280005B07C
:10774000F0BDF318DDE7A41BA4B2E3E7029B0398A6
:107750005F43BFB23A00FEF727FD039BAE1BD8196B
:10776000029BA2195A43019B92B21968E4E7F7B54C
:10777000019308AB1D78802304000F001600002041
:107780001B029A4223D8E068002803D00121494215
:1077900008F0DAF82069002803D00121494208F0F6
:1077A000D3F8019BED035B045B0C1D430023E068F1
:1077B00063812760A680E5802381984201D008F08C
:1077C00073F82069002801D008F06EF80120FEBD92
:1077D000828803894089834207D31B1A9BB2101CFD
:1077E0009A4200D9181C80B270475100091A5B18E0
:1077F000F4E703894089181A42425041C0B27047E9
:1078000010B50389418984888B4205D35B1A002017
:107810009BB2A342404110BD6200521A9B18F6E78A
:10782000828803894089834207D31B1A9BB20020B8
:107830009A4201D9D21A90B270475100091A5B18C6
:10784000F4E770B5040000690D00002803D00121A1
:10785000494208F079F82900228920006389FFF75E
:1078600015FF050061892A00A088FFF704FF6081E9
:107870002069002801D008F017F8280070BD73B502
:10788000040000690D001600002803D001214942C0
:1078900008F05AF8238962892900009220003200FA
:1078A000FFF71AFF050061892A00A088FFF7E3FEB1
:1078B00060812069002801D007F0F6FF280076BD1E
:1078C00070B5040000690D00002803D00121494271
:1078D00008F03AF82900228920006389FFF7D6FED4
:1078E00005002069002801D007F0DEFF280070BDE8
:1078F000F8B50400C0680E00002803D001214942F9
:1079000008F022F820002589FFF77AFF002804D02C
:10791000E3791B06DF0F002B13DA2800A3888342CC
:1079200016D9E28823685204520C504331001818CB
:10793000FEF73AFC01222900A088FFF79CFE0127F0
:107940002081E068002801D007F0AEFF3800F8BDC4
:10795000C01A80B2E3E7F0B585B00600141E0191AD
:107960003AD0C068002803D00121494207F0ECFF5B
:10797000F3793789B58871891B0634D48F422ED3A9
:10798000791A89B2A94266D2691A0B1C89B2A1423E
:1079900000D9231C9CB20097009BAB4243D2F288D3
:1079A00030685204520C02920299009AEB1A4A4330
:1079B0009BB28018A3423BD30A0062430199FEF7B1
:1079C000F3FB22003900B088FFF755FE2500308117
:1079D000F068002841D12C00200005B0F0BD6B00FC
:1079E000591A7918CDE7AC420CD3002DF0D0631BA7
:1079F000F4880F006404640C5C43019B1B19019321
:107A00002C00C8E76A007B1A8F4201D2531AFB1878
:107A10009BB21B199342BEDB2A1B280092B2FFF7D0
:107A20002AFE0700B7E7009B5B1B9BB20093B3E7FE
:107A3000029A019953439BB21A000393FEF7B4FBD9
:107A4000009B651B5A19029B01995A43039B30689E
:107A500092B2C918B3E70025BAE707F025FFBAE7E5
:107A600010B50400C068002803D00121494207F086
:107A70006BFF2069002803D00121494207F064FF11
:107A80000023E06863812381984201D007F00CFF56
:107A90002069002801D007F007FF012010BD70B554
:107AA0000400C0680D00002803D00121494207F0FE
:107AB0004BFF2069002803D00121494207F044FF11
:107AC0007F23E179ED011940E0682943E171002845
:107AD00001D007F0E9FE2069002801D007F0E4FE9C
:107AE000012070BDEFF3108072B6034A1368002BBB
:107AF000FCD0BFF35F8F70472C0100D0BFF35F8FC6
:107B00000022024B1A6080F3108870472C0100D0CD
:107B10000722CB08C35C0120114088401840431E57
:107B20009841C0B27047F8B505000C001700FFF788
:107B3000D9FF210006002800FFF7EAFF002803D044
:107B400021003800FCF7E8FBE308ED1807231C4090
:107B5000063BA3402A78300013432B70FFF7CEFF7B
:107B6000F8BDF7B505000E0014001F00FFF7BAFFBF
:107B70000190BC4202D9012464420DE0210028009A
:107B8000FFF7C6FF002811D10721012321408B40B8
:107B9000E208A95C0B43AB540198FFF7AFFF002C40
:107BA00006DA002E04D00898FCF7B6FB0134E0E7B3
:107BB0002000FEBD0021044B044ABFF35F8F02C3C7
:107BC0009342FAD17047C046000100D0800100D036
:107BD000024BC918890001607047C046400000345C
:107BE000034BC91889000160BFF35F8F7047C0461F
:107BF0004000003410B504000120FCF7B1FB010087
:107C00002000FFF7EDFF10BD8023024A9B000B43CD
:107C1000D362704700800540AA22064B12011A6009
:107C20002132FF32DA600449044A11605A68002A9E
:107C3000FCDA70470040024000B0FA0000600240E9
:107C400010B588B004000D2200216846FEF7A6FAA0
:107C50000D22002104A8FEF7A1FA6A464B236846CC
:107C6000137004A900230D2207F016FE1521082227
:107C700020006944FEF798FA08B010BD7F23034046
:107C8000F0B5C4095F001A4D3E197601AE19B07007
:107C9000C043C0B2C00970700020F2769A01F07043
:107CA0003183A818D900012C10D1124E8919816294
:107CB00000203F197F01EF19B9680860834209D19C
:107CC00064012C1963600C4BE360F0BD0B4E891905
:107CD0008160EDE7013BDB00012C04D10849AA18C3
:107CE0005B185362F1E7AD18064A9B186B60ECE72E
:107CF000041B002080001050000110508400105020
:107D0000080010500C001050038BC27E3F339B09BB
:107D100010B5D901022A00D09901054A1368C36041
:107D20005B181360034A934201D9FEF7EFFA10BDC6
:107D3000041F0020FF0F105010B500F0F1F80C23C5
:107D4000124CFF22A36705201149FCF7E9FB4022F2
:107D500000211048FEF722FA002240211000FFF710
:107D60008DFF002240218020FFF788FF07F0C4FD2F
:107D70008023012080229B052064E364064B90341D
:107D80002360064B5202DA6410BDC0460000115059
:107D900089060020041B002010D001000020115093
:107DA00010B501210520FCF76BFB10BD002210B5BA
:107DB0001100024800F0D4F810BDC046241B00207A
:107DC0008023044A9B0213608023034A5B01D3642F
:107DD0007047C04690201150002011508022024B65
:107DE0005202DA647047C046003011508022024BC4
:107DF0005202DA647047C04600201150044B1970DB
:107E0000002903D08022034B92021A607047C046BB
:107E10009E210020902011500B785B0605D14B78F5
:107E2000052B02D18A78014B1A607047000011506F
:107E3000CA780020920770B5920F012A0ED07F24D5
:107E40008D780B7949792800090219434905490DB4
:107E50002C40FFF713FF002C01D1012070BDED096C
:107E60006400094B64196401E4182000FFF74CFF1B
:107E7000E37EE168054A9B064A40134380221206CE
:107E8000134362681360E8E7041B002000001050F1
:107E900010B507F031FD10BD7F2010B5084040003F
:107EA000C90940181100044A400180181A0000F066
:107EB00057F8012010BDC046041B00207F2307B5E2
:107EC00008001840194204D14B424B41074A013384
:107ED00093668022C9094000054B401840010021EB
:107EE000C018120107F058FD07BDC0460020115010
:107EF000041B00207F220B0010B5134011420AD052
:107F00000022C9095B005B1803485B01C0180349E4
:107F1000C27007F041FD10BD041B0020FFF7FFFFFA
:107F200080230A4A5B0410B51360094A09481360AC
:107F3000190002689143FBD1802207485201FEF7E5
:107F40002DF90922054B5A6710BDC04600E00040DC
:107F500000F0004008C00040000010500000115028
:107F6000002310B5C382013382828376016104004D
:107F700007F0AAFC002803D08022074B92021A6067
:107F8000200007F0A9FC002802D00123237710BDB0
:107F9000200007F0F1FCFAE7902011508022094BF5
:107FA0005202196D1142FCD009225A67064B053A5C
:107FB0001A60064B1A68064BDA67064B1A68064BBE
:107FC0001A6470470000115080301150FC1A0020D4
:107FD00000400140081F002000C0014010B5FFF71D
:107FE000DDFF0020002110BD1FB51020FCF7DCF9DB
:107FF000082801D1FEF78AF9264B0F20DA6F264BAD
:108000001A60264B1A6C264B1A6001221100FCF7ED
:10801000D5F902210F20FCF7F1F9224B03211A6850
:10802000082353401F2213401F4A0F201360FCF700
:10803000D5F902221D4BDA671D4B9218DA671D4BEA
:1080400008325A671B6D1B079B0F012BD2D1FCF71F
:108050007BFD0400FCF706FFFA22002392001218B1
:108060004B41002B02DA0122134B524201210291B3
:1080700000210191114920000091FCF7BBFD00286F
:1080800006DAFA2000218000FCF7F4FEFFF786FFF5
:108090001FBDC04600400140FC1A002000C0014046
:1080A000081F00207C4001407C50014000201150FE
:1080B0000420115000001150FFFFFF7FDD7F0010F2
:1080C000064B10B51B6D1B079B0F04D0FFF78CFFF1
:1080D0000020002110BDFA208000FAE700001150B6
:1080E0001FB500F02BF8012821D1FCF72DFD04006D
:1080F000FCF7B8FEFA220023920012184B41002B25
:1081000002DA01220A4B524201210291002101911F
:10811000084920000091FCF76DFD002807DA0322D2
:1081200005490B6D9B081342FBD0FFF75DFF1FBD98
:10813000FFFFFF7FC1800010000011508023DB058E
:108140001868000F7047000010B5034A034904483F
:1081500002F080FA10BDC046C00C002049BB0010E0
:10816000740C002041680B4B10B50400994201D0FB
:1081700003F0EAFCA168084B994202D0200003F00A
:10818000E3FCE168054B994202D0200003F0DCFCDF
:1081900010BDC046B0120020201300209013002014
:1081A0008B6E10B5DB0702D48B899B0501D50020AF
:1081B00010BD5831080006F0ACFCF8E78B6E10B526
:1081C000DB0702D48B899B0501D5002010BD5831F7
:1081D000080006F0A2FCF8E7F0B53B4C3B4B3C4AEC
:1081E000200083B000251A6004230822002160309B
:1081F000E36025606560A560A56625616561A56190
:10820000FDF7CCFF2000334F334E344B3449583008
:10821000009363620191A1622462E762266306F023
:1082200073FCD823E5502F4B2000E3678023E550F3
:108230000433E550082204330021D030E55025678F
:108240006567A567FDF7AAFF220090232000703222
:10825000E250009A01990433E2500433E1500433B0
:10826000E750C8300433E65006F04EFCE02320000F
:10827000E5500433E5500433E5501B4A6033E550C4
:108280005C3BE2500433E55041300433E5500822B2
:1082900004330021FF30E550FDF780FF20008023EC
:1082A000E0305B00E0502000009A01990433E25076
:1082B0000433E15039300433E750FF300433E650E3
:1082C00006F022FC03B0F0BDB0120020A81200207E
:1082D0004981001005A7001031A7001099A60010D1
:1082E000C5A600100900010012000200F0B5C64644
:1082F0002C4F804600B5380006F00BFC2A4B1B685B
:10830000002B44D0294E7368013B26D4B46802E0A8
:108310007034013B21D30C22A55E002DF8D1200042
:10832000234B5830E360A56606F0EEFB380006F0FC
:10833000F4FB2000082200212560A560656025610E
:108340006561A5616030FDF729FF6563A563A564DC
:10835000E564200080BCB846F0BD3568002D01D032
:108360002E00D0E7E8214046490006F0DAFB041E63
:1083700010D00423E0220560250043601030002166
:10838000A0605200FDF70AFF34602E00BBE7FFF744
:1083900023FFB7E73060380006F0BFFB0C234246EE
:1083A0001360D6E798120020A8120020C00C00200D
:1083B0000100FFFF70B50500094C200006F0A9FB85
:1083C0002B6A002B05D1074B2B62074B1B68002B38
:1083D00003D0200006F0A1FB70BDFFF7FDFEF8E71B
:1083E0009812002065810010A812002010B50248E4
:1083F00006F08FFB10BDC0469812002010B5024851
:1084000006F08BFB10BDC0469812002010B5044842
:1084100006F07FFB0020034A034902F01BF910BD60
:1084200098120020C00C0020A181001010B5044A51
:108430000449002002F00EF9034806F06EFB10BD5F
:10844000C00C0020BD810010981200200B0010B558
:10845000034902000868816803F028FF10BDC04688
:10846000700C002010B513000A00816803F01EFF95
:1084700010BDC046F0B5DE4657464E4645460C0098
:1084800081468B4600200021E0B592469FB0002235
:108490000490059121001A9219910A780E002D2A54
:1084A00003D8C24C90002058874600210791002134
:1084B0000891302A00D1ADE02F2A01D800F034FD18
:1084C000140030000021002500270BE00130AB0034
:1084D0005D19199004786D00AD18303D2200013708
:1084E0002F2C0FDD392C5ADC082FEFDD8B000130EB
:1084F0005B18199004785B00991830392200013715
:108500002F2CEFDC09910122A94903F05FFE00281E
:1085100000D1FDE00023B846002100220C930A930D
:108520004346002B00D006E1089B0B4360D1002A94
:1085300023D1692C00D191E301DD00F054FD492CD9
:1085400000D18BE34E2C18D19A4919A804F03EFBB8
:10855000002812D0199B1B78282B01D100F03DFE7A
:10856000954804F071FD04000D0043E000220792DD
:108570004E1C19964A78002A99D15346002B46D0B2
:108580005A46002400251A60200029001FB0F0BCC4
:10859000BB46B246A946A046F0BD01317CE7099131
:1085A0000122834903F012FE002846D1199B5A1C70
:1085B00019925B7814001800002F00D0ACE0230063
:1085C0000021302807D11900013319931878302879
:1085D000F9D0091B01310300313B082B00D86EE2B2
:1085E00020239843089B452800D12AE30B43C4D09D
:1085F000002400255246002A01D0199B1360079BD6
:10860000002BC1D0802109066B181D00BCE7002497
:108610000025B9E7727820318A43741C582A01D1A9
:1086200000F0E9FB2600199432780134302AF9D0A1
:10863000002ADDD0012308933EE700230021002219
:108640000A970C93202320009843452800D09AE3F2
:10865000089B3B430B4300D18FE7199BB8469B46D1
:108660000A9F5846431C199344782B2C00D1B6E33B
:108670002D2C00D08DE201230B935846831C1993B7
:1086800084782300303B092B00D962E31998302C01
:108690000ED1431C19931C7818000133302CF9D0EB
:1086A00000230A932300313B082B00D938E701331C
:1086B000441C1994A44644780A932F2C01DC00F042
:1086C00098FC10972F000D00614694460A9A09E025
:1086D00093009B1801315B0019911A190C78303AFC
:1086E0002F2C01DD392CF3DD0A92081A624629008D
:1086F0003D00109F082801DC00F07BFC2F4B0A9303
:108700000B9B002B00D10BE70A9B5B420A9307E708
:10871000199B5A1C19925B7819003039092900D924
:1087200028E28C46002901D100F080FE01233900A7
:108730000A970C93C7E30A9B0C9A9B1A0B93002F82
:1087400000D1474643461C00102B00DD10242800B2
:10875000FDF78EF84346092B3DDC049005910B9BF9
:10876000002B00D112E20B9B002B00DC54E2162BF5
:1087700001DC00F046FC424625239B1A0B9A9342EB
:1087800041DB43460F240E4DE41AE1006918049AB8
:10879000059B03C9FDF701F80B9B1C1BE4002D1979
:1087A0000CCDFCF7FAFF04000D0023E7B8FD001024
:1087B00028FC001038FC001054FD00101F4E000073
:1087C000100301103C00102F00DD10240023B846D8
:1087D0000C930A930B932200D44B093AD2009B18B6
:1087E0000CCBFCF7DAFF049005910998FDF740F8EF
:1087F0000B00020004980599FCF7A8FF434604907B
:1088000005910F2BABDD43460B9A1C1BA418099452
:10881000002C00DCC0E10F22230094431340099494
:1088200000D199E3C14ADB00D11803C9049A059B22
:10883000FCF7B3FF04900591002C00D08CE3434675
:108840003A0031004846009504F03EFF149000289D
:1088500000D178E30B990027CB4300260C9A0A98A5
:10886000DB17101ACA1710401940B3463D0010908C
:108870001591E2E0AE48C91A521A834200DA6EE25C
:1088800001238B40119300231293099BB918B6184A
:10889000F6180A913B008F4200DD0B00B34200DD69
:1088A0003300002B04DD0A9AF61AD21A0A92FF1A34
:1088B000109B002B00DDF8E10A9A002A00DD0EE291
:1088C0000B9B002B00DD3AE2002E00DD2AE2002F98
:1088D00008DD59463A00484605F032F9834600283B
:1088E00000D128E248461A99089A05F0C5F9051EF4
:1088F00000D120E2C36859460A930023C36005F003
:1089000095F9002801DA00F07BFC059B984601D11F
:1089100000F0FDFB5946280005F068FB802300228B
:10892000DB0506000F00FCF789FF002800D1ABE152
:108930000A9B002B00D01FE2049B002B00D0AAE270
:1089400043461B0300D04DE2002230003900794B32
:10895000FCF76EFF002800D0ADE30022764B30001C
:108960003900FCF71AFF0A0001001300129113925C
:10897000802212069B180E900F9343460E9E0F9F67
:108980006E4A13401A0011936D4B9A4200D100E2D7
:10899000099B002B27D0D423119ADB049A4222D8BA
:1089A00012981399674A684BFCF748FF002815D0C6
:1089B00012981399FCF79CFF002800D10130FCF7B6
:1089C00057FF0A9B12901391002B00D06EE3802278
:1089D00012068B1816901793169E179FD623119A7E
:1089E000DB04FB189F1A0C980D9905F015FA02008C
:1089F0000B0030003900FCF7D0FE0C9A0D9BFCF701
:108A0000A5FE0E0004900591099B002B05D14B4B50
:108A1000119A33409A4200D10AE248461A9904F06A
:108A2000DFFD4846089904F0DBFD5946484604F04E
:108A3000D7FD2900484604F0D3FD149C48466168E0
:108A400004F088FD031E089000D174E122690C3304
:108A500002320C34210018009200FDF7A5FB0499A6
:108A6000059A1CAB01931BAB0C910D9200934846E9
:108A700013000A0005F054FA011E1A9000D136E1E5
:108A80000121484604F0EEFE8346002800D152E161
:108A90001B9B002B00DA1EE1109A159E9F18099966
:108AA0001C9A5B1A36219B188A1A2849013B8B4273
:108AB00000DADFE60023129301331193E5E6302359
:108AC0005B429C46199A4B1C0C930023160001270D
:108AD00084440A93AB005B195B0063441D000021D2
:108AE0000A98531C19931C781A002300303B092B59
:108AF00000D9DEE19C464C1CA0466446531C002C69
:108B000001D100F08DFC0C9B44469846A04443469E
:108B10000A900C93012C01D100F0B8FC04007B1CDE
:108B200028000A9298462500099A1AE010030110BD
:108B3000E3FBFFFF0000F03F0000E03F0000F07F9C
:108B40000000E07F0000C0FFFFFFDF4102FCFFFFED
:108B50008400201840000133DC1B013CA14200DCF2
:108B6000ABE15C1E082CF3DD102BF4DC9400A218A2
:108B70005200F0E720218B43452B68D02800FCF7FA
:108B800077FE092F00DD1DE604900591049C059DEC
:108B900030E500230B9374E5099B002B00D14EE6D2
:108BA0000F2211005B421C11194009941A420CD08B
:108BB000CC4BC9005B180CCB04980599FCF7CFFD92
:108BC00004900591002C00D139E6099B1F2B00DD94
:108BD0007AE2099A1023110019408B46134201D002
:108BE0005A339B4604980599099C04972F00BE4D63
:108BF00001E0641008350123234204D164100835D4
:108C000001232342F5D02A686B68FCF7C6FD641087
:108C100000D160E20835F3E70B9B163300DAF2E58A
:108C20000A990C9AAF4B521AD2009B180CCB04989D
:108C30000599FCF794FD04000D00DBE40122079286
:108C400096E4002200270A920C92013202E50023EA
:108C50009346B846002101220C9302E5A34919A8C6
:108C600003F0B4FF002800D187E4199BA049013B21
:108C700019A8199303F0AAFF002802D1199B013308
:108C8000199300249B4DB5E49B4B00223000390022
:108C9000FCF783FD0A9B12901391002B67D1802271
:108CA00012068B180E900F9367E659461A00484635
:108CB00004F0CAFE1A998346002818D00A00010061
:108CC000484604F0E5FD1A99041E10D0484604F009
:108CD00087FC1A94F0E5159A109FD61ADFE61A99C8
:108CE000484604F02DFF011E1A9000D0E8E55E46CC
:108CF0002F0022234A4600247E4D1360484604F08C
:108D00006FFC4846089904F06BFC3100484604F0BB
:108D100067FC4846149904F063FC3900484604F0A7
:108D20005FFC67E432004846089904F009FF0890A8
:108D3000002800D0CBE55E462F001A99D9E74846B7
:108D4000159A089904F080FE0890002800D0BBE531
:108D5000F1E75B46199300230A93FFF7E1FB6749AC
:108D6000CB1A012199400123129111938DE5129B99
:108D7000139C0E930F9400E60023614C0E930F9406
:108D800012931394F9E50023B8460A9F0A93FFF75C
:108D9000C7FB43465B4A9B180593049E059F300022
:108DA000390005F039F80E9A0F9BFCF7F6FC3200FB
:108DB0003B00FCF7CBFC4F4B534A049005910B4012
:108DC000934200D8C3E0514B984502D10C9C01342A
:108DD000B1D001234D4C5B42049305941DE6002362
:108DE0000B934AE400234A4C0E930F940023444C07
:108DF00012931394C1E50293079B484601931AAB63
:108E00000093444A1BAB19A901F03CF80F231F0043
:108E100005000740034201D1FFF7EAFB062F00D00F
:108E2000FCE000231994002500240793FFF7E2FBE0
:108E300012981399FCF774FDFCF766FD02000B0015
:108E400012981399FCF779FC049A0A9B3603134392
:108E5000360B0C900D91304A33430DD10C980D997F
:108E60002E4BFCF7E5FC002800D1D6E55E462F002E
:108E7000049C059D1A9941E7294BFCF7D9FC002871
:108E8000F4D10C980D99274A1B4BFCF7DFFC002806
:108E900000D1C2E5EAE7012BA4D14346002BA1D1C2
:108EA0005E462F0022234A46002400251A991360AB
:108EB00024E701220A90FFF7C5FB09920A9A0A9556
:108EC0000500013941444F1C082900DC02E600215D
:108ED000102F00DD04E6099883001B185B00634433
:108EE0000993FDE510030110B0FE00102CFC0010EA
:108EF00030FC00100000F07F0000E03FE2FBFFFFCD
:108F00000000F03F0000B0FCFFFF9F7CFFFFEF7F01
:108F10000000F0BF88FE00109535A094FFFFCF3F02
:108F2000FFFFDF3F35E5AF3501223000CE4903F0CA
:108F30004DF9002800D1AFE0089B002B01D1FFF7CD
:108F40001CFBFFF755FB22234A46136099E6D42306
:108F50009B04CE18059657E59A23099A5B009A421E
:108F6000F1DC099B1C11012C00D1BCE1049805998E
:108F7000BE4B049508979B4637001D000026012331
:108F8000234203D02A686B68FCF707FC01366410A3
:108F90000835012CF3D1049D0490059134003E0066
:108FA000089F059BB24AE1009B1805935944049A17
:108FB000059B03C9FCF7F1FBAE4BAF4A049005914A
:108FC0000B409342BFD8D420AC4A800409180591C5
:108FD000934204D90123AA4C5B42049305940023D5
:108FE0000993FFF72CFC6E2C01D1FFF7ADFAFFF7C8
:108FF000C4FA0A98A34B984201DCFFF781FBFFF704
:109000007EFB0B9AA04BD100591803C9049A059B0B
:10901000FCF7C3FB04000D00FFF7ECFA1A9A002AD4
:1090200007D035211CA805F029F848461A9904F004
:10903000D7FA052F0ED8954BBF00DB599F461C9AD7
:10904000934904921D9A1B9B0A4092495B181B0589
:109050001A430592ED0511D4059B864A134200D0B0
:1090600094E503F0B5FA222303608FE501238A4CCF
:109070005B4204930594ED0500D487E58023059AAF
:109080001B0613430593E8E77A4B0593F3E71C9B14
:109090001D9C04930594DDE7199C002523000134F1
:1090A0001994587800230993FFF789FA129B139CAF
:1090B0001693179490E40023784C0E930F9400239A
:1090C000774C1293139458E422234A460024002537
:1090D0001360FFF78FFA5B463D00049F04900591F3
:1090E000002B6FD06B234A00520D0C009B1A002BF3
:1090F00068DD1F2B5FDD00210491342B00DC86E14D
:10910000DC239B0405936A230993FFF798FB4246EF
:109110000A9912032F000C9C0D9D5E46129B120BA8
:10912000002900D1C8E05F498A4200D112E1002B3A
:1091300000D129E142461A4238D02000290004F02B
:109140006BFE099B04900591002B00D14DE1434635
:109150005A006B23520D9B1A002B00DC63E11B05A8
:109160009C465149002261440B0004980599FCF784
:1091700014FB02000B0020002900FCF7E7FA0400B2
:109180000D0020002900494B0022FCF706FB394B5B
:1091900004000D000B4200D06CE622234A461A99C7
:1091A0001360ABE542461A4200D0A8E0099B002BB1
:1091B000E7D11A99A2E5012252429A400240049254
:1091C0000498059900220023FCF72AFB002800D010
:1091D0007AE75B460993FFF732FB35491CAA19A8C9
:1091E00003F00CFD052801D0FFF7BAF91D9B214AB9
:1091F0001A431C9B05920493049C059DFFF7FAF902
:109200000A9B2F000499059A0C9C0D9D5E460B430A
:10921000CCD190461303C9D1164B1A40D62393469E
:10922000DB049A42C2D97B69002B02D13B69012B36
:10923000BCDD39000122484604F082FC3100070001
:1092400004F0F4FC0028B1DD099B002B00D1B2E052
:109250005B46184A9B18134A1A4301235B42059246
:109260000493049C059D8CE728FC0010E802011083
:109270000000B0FC0000F07F0000A07C0000907CAB
:10928000FFFFEF7F1F4E00001003011070FE001063
:10929000FFFFEFFF33040000FFFFFF7F0000E0BF90
:1092A0000000E03FFFFF0F000000F03F00005039DA
:1092B0009CFE00100000F0FF002A18D1049A002A3A
:1092C00000D09CE0099B8B4275D04246734B1A40FC
:1092D000D6239346DB049A42BAD8DC239B049A42F5
:1092E00000D94EE7DEE56E4B00249B4659E6002B85
:1092F00000D057E7119B049A134200D156E7200093
:10930000290004F089FD099B04900591002B41D0B0
:1093100043465A006B23520D9B1A002B00DC8AE057
:109320001B059C465F49002261440B000498059987
:10933000FCF733FA02000B0020002900FCF7FDF9CE
:109340000022002304000D00FCF76AFA002800D177
:1093500017E7A7E50999049A81423CD040464F4956
:109360000840D4218446C904884267D86B21000D87
:10937000081A6C3981408A4277D0002B70D042465F
:109380001A4200D1FDE6D8E6119B049A134200D19F
:109390000CE7D2E6049A059B20002900FCF7CDF9E2
:1093A0000022002304000D00FCF73AFA002800D048
:1093B00078E51A99A2E44246384B1A991A401300EC
:1093C000394A9B18394A1A4301235B420592049398
:1093D000049C059D92E4511C32D0002B58D042468B
:1093E0001A4200D0A9E61A9988E42000049A059B45
:1093F0002900FCF7ABF90D0004001A997EE4002B5C
:1094000000D0CFE6119B134200D1CFE677E74B2384
:109410009A1A4C3B93401C40059404980599D1E658
:109420004146FFF75FFB049A059BA4E60C910A975F
:109430000131FFF755FB049A059B7DE7511C9CD138
:1094400042461B4B9A421AD0144B1A4013008022FA
:1094500052039B18059300230493049C059DA5E6E5
:10946000119B134200D18CE667E6802263465203CB
:109470009B18059300230493049C059D81E62223F9
:109480004A4600241A99054D136037E439001AE55D
:10949000119B134200D050E61A992FE40000F07F90
:1094A000E80201100000F03F0000F0FFFFFF0F0096
:1094B000FFFFEF7F10B5024BFEF7DCFF10BDC0468B
:1094C000CC0C0020844610B51300034A10680A0033
:1094D0006146FEF7CFFF10BD700C0020844610B52A
:1094E0000A000349034B08686146FEF7C3FF10BD3D
:1094F000700C0020CC0C0020F8B5CE460400474686
:109500001300274A80B5106891460A002100FEF733
:10951000B1FF02000B0004000D00FCF79CF90028CD
:109520002FD129002000FCF727FA47007F0880464A
:109530001C49381CFCF7C0FD00281DD11949381CF6
:10954000FCF7B2FD002817D101226B005F08200054
:109550003900154B5242FCF77EF9002808D1012250
:1095600020003900104B5242FCF768F9002803D064
:109570004B4622221B681A604046C0BCB946B04622
:10958000F8BD0A48002D06DA03F064FD80221206B9
:1095900083189846F0E703F05DFD8046ECE7C0468F
:1095A000700C0020FFFF7F7FFFFFEF7F54FD001056
:1095B000F0B5C64600B52C4E0A002C4B010082B017
:1095C0003068FEF757FF02000B0004000D00FCF7A7
:1095D00042F9002839D129002000FCF7CDF94700D5
:1095E0007F0880462249381CFCF766FD002823D1FD
:1095F0001F49381CFCF758FD00281DD101226B00C3
:109600005B08019300941B4B524200980199FCF7B0
:1096100022F9002808D1009801990122154B5242E5
:10962000FCF70CF9002807D0222233681A60404664
:1096300002B080BCB846F0BDFF234246DB051342B2
:10964000F5D10D4B2B42F2D0EEE70C48002D06DA97
:1096500003F000FD8022120683189846E7E703F026
:10966000F9FC8046E3E7C046700C0020CC0C0020DB
:10967000FFFF7F7FFFFFEF7F0000F07F54FD0010B2
:10968000F0B5C64600B51D001400002388B0002DBB
:1096900004DA802109066B181D002D23109A13701F
:1096A0002022129B93439846462B5AD0452B3AD002
:1096B00007AB049306AB0393119B220002930E9B0E
:1096C0000193022300932B0001F0F0F8129B060097
:1096D000672B21D10F9BDB0715D50E9BF7180023B5
:1096E000002220002900FCF79BF83B0000280BD14A
:1096F000079B30219F4207D95A1C07921970079B7C
:10970000BB42F9D300E0079B3000139A9B1B136008
:1097100008B080BCB846F0BD129B472BDDD10F9B33
:10972000DB07DAD4EFE70E9B01330E93022307AA7F
:10973000049206AA0392119A009302920E9A2B00A9
:109740000192220001F0B2F80E9B0600C7184346B2
:10975000462BC4D13378302B05D0119B1B68FF18E2
:10976000BDE70323E3E70022002320002900FCF7E4
:1097700057F8002803D0119B1B68FB18C4E701238E
:109780000E9A9B1A119AFF181360A8E7F0B54F467E
:10979000D6464646C0B50C0082B007002B230270A7
:1097A000002901DA4C4202337B70092C31DDBB1CED
:1097B0009A4698466B46DE1D20000A21FBF75AFDAB
:1097C00035003031013E200031700A21FBF752FD97
:1097D00023000400632BEFDC6A46AB1E30340732F3
:1097E0001C7093420DD252461978013311706946AC
:1097F000073101329942F7D109266E445644731B52
:1098000098464346D81B02B0E0BCBA46B146A846CB
:10981000F0BD30233034BB703B1D9846FC70F0E740
:10982000F0B5DE4657464E464546E0B591B088460F
:1098300092461A9C9B46814600F06EFE0368180013
:109840000A9302F093FC00230E9343460B901B7E79
:109850000722089343461968236809910733934305
:109860001A0008322260C0CB434601229E64DF64A6
:109870007B005D0830002900C84B5242FBF7EBFF2C
:10988000002808D1012230002900C44B5242FBF7C6
:10989000D5FF00287CD032003B0030003900FBF7B8
:1098A000DAFF002800D05EE2434659682023089D75
:1098B000099A9D438023DB0013434A1C35D0472D72
:1098C00000D1B9E0424613600022232406920EAA7A
:1098D0000592089A019304920DAA039204AAA4186F
:1098E0003B003200484602940091FFF7C9FE070092
:1098F000089B0D99652B3AD9089B662B00D167E12F
:109900000E9B8B4200DDC1E0434601221B681340E1
:109910005B1842460025136191652378002B51D0D6
:1099200043232D224146CA544CE04246073113607E
:1099300051600022232406920EAA0592089A0193F0
:1099400004920DAA039204AAA4183B0032004846D0
:1099500002940091FFF794FE0700472DC8D10D999E
:10996000CB1C00DB88E0089B023BDBB2089340463F
:10997000089A013950300D91FFF708FF0E9A050043
:109980001318012A00DC86E0013342461361C4E764
:109990000022002330003900FBF74AFF002803D0E3
:1099A00043232D224146CA54089B472B6CD97C4F38
:1099B000032342461361099A01339A431300424636
:1099C000002513605B4641460093484653460FAA64
:1099D00003F058FB431C28D043461B685A0568D443
:1099E00043461B693A0051464846D847431C1CD0A1
:1099F00043461A6841460F9BC868920755D598425E
:109A000053DD454600244E465746193506E0434689
:109A1000D8680F9B0134C21AA24246DD01232A00F6
:109A200039003000D847431CF1D111B0F0BCBB461F
:109A3000B246A946A046F0BD002903D14146012205
:109A40004A600121424613600022232406920EAA96
:109A50000592089A019304920DAA039204AAA418ED
:109A60003B000091320048460294FFF709FE0D9931
:109A70000700CB1C00DA76E743465B68994200DDBD
:109A800071E7672308933BE7464F91E701220029DE
:109A900007DD9B183DE742461268D20700D573E701
:109AA00073E70132521A9B1833E79842BDDA180067
:109AB000BBE7089A652A37D941460022886CC96CF1
:109AC0000023FBF7ADFE002800D18AE001235146B8
:109AD0004846354AD847431CA7D00E9C0D9BA3424D
:109AE00004DB43461A68D30700D483E70B9B514637
:109AF00048460A9AD847431C97D0012C00DC77E7E8
:109B00004646013C4F460025A1461A36544603E01E
:109B100001354D4500D1EFE001233200210038002E
:109B2000D847431CF4D180E70E9A0892012A00DC42
:109B30008CE001233A0051464846D847431C00D1E7
:109B400073E70B9B514648460A9AD847431C00D1FD
:109B50006BE74146089B0022886CC96C5E1E00239F
:109B6000FBF75EFE002821D04746089B00241A37E9
:109B7000012B23DD4B465246B146AA461E00150076
:109B800003E001344C4500D1B1E001233A00290043
:109B90003000D847431CF4D147E7C046FFFFEF7FB2
:109BA00040FC00103CFC00104CFC001033005146FF
:109BB00048467A1CD847431C00D136E742462B0062
:109BC000514648465032D847431C00D010E72CE796
:109BD00043465A68002944DD002A73D001325318E5
:109BE00097E60D9B002B40DD42460E9B956D1C00B9
:109BF0000893AB426CDC002C09DD23003A0051468F
:109C00004846D847431C00D10FE743469D6DE643C5
:109C1000F6172640B54279DD1A23434452461D000B
:109C20004B46BA46B146002417001E0006E04346E4
:109C30004A469B6D01349A1AA24262DD01232A0032
:109C400039003000D847431CF1D1EEE6DB0700D5E0
:109C50006FE701233A0051464846D847431CADD12F
:109C6000E3E6002A36D0931C53E6012351464846CA
:109C7000574AD847431C00D1D7E60D9B0E9A134391
:109C80002FD00B9B514648460A9AD847431C00D117
:109C9000CBE60D9B002B00DB90E045464E460024B2
:109CA000B9461A35574605E00D9B01345B42A34285
:109CB00000DC80E001232A0039003000D847431C33
:109CC000F2D1B2E618680B00C00700D421E685E7A0
:109CD0002C0090E718680123C00700D419E6931CF4
:109CE00017E643461A68D30700D483E6C9E72B007A
:109CF000B14655469A4661E74346B946A2461A68B8
:109D000078E61D003B00B14657469A460D9B0899E0
:109D1000994233DC42461268D2072FD4CB1A4C1B2F
:109D20009C4200DD1C00E5434646ED1725401A36EF
:109D30000024AB4200DC5BE6089B4F469946534645
:109D4000AA461D0007E04A460D9B0134D31A52462D
:109D50009B1AA34236DD0123320029003800D84780
:109D6000431CF0D161E6002F03DA43232D22414644
:109D7000CA54089B472B23D8164F19E60B9B514614
:109D800048460A9AD847431C00D14EE6089A0D9BD4
:109D9000541BD31A9C4200DD1C00002CC3DD2300A1
:109DA000514648467A19D847431C00D13DE60D9BE1
:109DB000089AD31AB7E7BA464F46B1460E9B11E64A
:109DC000054FF5E54346B946AA461A6812E6C0466D
:109DD0004CFC001044FC001048FC0010F0B5CE46CE
:109DE000474603698446994680B54D11AB4209DC6C
:109DF000002362461361002362465361C0BCB9462A
:109E0000B046F0BD1F260400370014349800AB00A4
:109E10002018E3180F400E421AD040CBFE40984263
:109E200028D92022A046D11B1A688A4032434646D0
:109E300004C6B04640CBFE409842F5D84B46591B6D
:109E40008900611804390E60002E0CD004310AE03C
:109E500022009842CCD940CB40C29842FBD84B4616
:109E6000591B8900611862460B1B9B101361A142AC
:109E7000C4D1C0E763465E61002EB9D001236246BB
:109E80001361BBE7F0B557464E46DE464546E0B5A2
:109E90008946096892468A7887B003900593302AEC
:109EA00000D02FE2CB1C1D0001335A1E1278302A3D
:109EB000F9D0691A8B1E0193C14FBB5C002B00D1F6
:109EC000FAE0002200242B789046BE4AFB5C029206
:109ED000002B00D167E12E0073780136FB5C002B6C
:109EE000FAD101223000029902F070F9834600286D
:109EF00052D0002233789346002C02D0A41BA2003B
:109F00009346202234009343502B51D04B461E6081
:109F10004346002B7BD1631B013B0021072B03DD54
:109F200001315B10072BFBDC039803F013FB01905E
:109F3000002800D192E2019B14330493A54200D380
:109F4000F5E19846002399463B0000264746A8467F
:109F50004D4699460CE0202E19D032000436494671
:109F60002378CB5C0F210B4093401D4344455CD0CC
:109F7000013C23782E2BEED14445ECD30122200066
:109F8000029902F023F90028F0D0202EE5D120C755
:109F9000002204260025E2E7002C00D1A5E12022C2
:109FA000A41BA3009B46337834009343502BADD1C0
:109FB00063782B2B00D17FE12D2B00D0E8E001222C
:109FC000A378A11CFB5C2600581E18289ED84E1CA6
:109FD0004978103B795C180000290AD10CE0830015
:109FE0001B185B000136581833781038F95C0029CB
:109FF00001D01929F3DD0300002A00D05B42DC46C2
:10A000009C444B461E604346E346002B83D0019B95
:10A0100006245A4253415B421C40200007B0F0BC6A
:10A02000BB46B246A946A046F0BDA946B84646463C
:10A030004B4608C6049B019AF61AB31013614846B2
:10A0400003F098FB53461D68F600301AA84251DC15
:10A0500000DA33E15A469B689A4200DD23E1534619
:10A060005B689A4200DB96E09C1A671EAC426FDA8E
:10A070000026002F00D075E11F21012339408B40BD
:10A080007A11049992008A58019821002D1B1A42D6
:10A0900000D151E1FFF7A2FE53465B689B46534651
:10A0A000DC68022C00D19BE0032C00D16AE1012C7A
:10A0B00000D195E112246FE0424B012219002800E3
:10A0C000029302F083F8804600286ED16B786C1CF6
:10A0D000FA5C002A6BD02500302B00D084E16B782D
:10A0E0000135302BFBD0FB5C5A425A41904601228D
:10A0F0000192EDE6019F441B2100380003F0E0FFD0
:10A10000061E0FD01F210123601E01408B4042110B
:10A11000049992008A5801261A4203D00136012878
:10A1200000DD25E121000198FFF758FE5346DC468B
:10A130009B68A444E346634500DAB4E053465B6899
:10A140006246634500DCE1E09C1AA54200DDFAE0CE
:10A150005246D268022A37D0032A00D119E1012AD7
:10A1600035D1A54233D1012D07D00198691E03F0E6
:10A17000A7FF00282BD053465B68059A049913600B
:10A180000123019A622413610B60109B1A6044E75B
:10A190000022611C16E70124109B019A1A605A469E
:10A1A000059B1A6039E72E009BE62C002B782022B5
:10A1B0009343502B00D1E7E04B461C6027E7C04695
:10A1C000D8FE001028FC0010119A002AD5D0019961
:10A1D000039803F005FA0023109A502413601CE73B
:10A1E0000123119A9B1A1193119B002B00D19BE024
:10A1F000019B049E1F690021BB00F0189946BC46D4
:10A200003300070003E002C39F4200D8C6E01A688B
:10A21000501CF8D001321A60022C00D1CDE01F236F
:10A220001C002C402B4200D1AAE04B46F318043B03
:10A23000186803F09FFA20231B1B984200DB9FE065
:10A24000019B1969002900DCFAE0019A8900536931
:10A250007118183210005B08914200D8F7E0340002
:10A260001A000368DB07134308C404C8520881427C
:10A27000F7D81300019A8A1A193A92089200311DF0
:10A2800052181360002B00D004320199931B9B10CD
:10A290000B61B24200D1D6E053465A469B68013268
:10A2A000934693426CDA0199039803F099F90023DD
:10A2B000109AA3241360B0E6002281E62C1A220033
:10A2C0000199039803F03CFC5B461A1B53469B68BC
:10A2D000934601909A42E6DC53465B689A4200DB63
:10A2E00059E7010014310491BEE67378741CFA5CDE
:10A2F0002600002A00D104E673780136FA5C002AB1
:10A30000FAD1FBE500238D1C0193D5E50124002E35
:10A3100000D141E75346DB68022B00D160E7032BF5
:10A3200000D161E7012B14D010231C4334E7049BB8
:10A330009846002399467AE6FFF750FD53465B683E
:10A3400002249B46E3E7671E002E00D190E601261B
:10A3500092E6B307E8D5049B1B681E43F60700D5B9
:10A3600046E7E1E73900019803F0AAFE060083E61C
:10A370003800A11E03F0A4FE431E9841861CD1E6BE
:10A38000212409E702242FE700239B460133984646
:10A390000EE6119A002A00D119E7EEE66746019B06
:10A3A0009B689F4223DA019A791CBB001161D31884
:10A3B00001225A61022C00D044E753461B68222434
:10A3C000013BAB4200D0E7E61F21012329408B402F
:10A3D0006A11920094591C4063425C412134DBE6CF
:10A3E000022302241E43B6E70123019373E5019B78
:10A3F00003985968013103F0ADF88046002833D046
:10A40000019E0C30310032690C3102329200FBF7B0
:10A41000CBFE3100039803F0E3F8434642461B6944
:10A420004646591C116101229B0043445A61434630
:10A4300014360193022CC0D08F4200DBEFE601E717
:10A440000023019A13610023019A536124E73360CA
:10A45000002BF5D00123019A13611DE70022E421AE
:10A46000044B054803F050F800228421014B0248B8
:10A4700003F04AF850FC001064FC001030B50400F2
:10A4800089B008000D0001F071FE04AB1B4A019376
:10A490000223069201220293236A0590013004955B
:10A4A0000792A5680390002B23D0AB6EDB0702D484
:10A4B000AB899B0518D52000290001AA01F086FC74
:10A4C000434258410B244042AB6E0440013CDB0741
:10A4D00002D4AB899B0502D5200009B030BD28000D
:10A4E000583004F01AFBF7E72800583004F011FB4D
:10A4F000E1E72000FDF75EFFD7E7C0469CFC0010B7
:10A5000010B5034B01001868FFF7B8FF10BDC04637
:10A51000700C0020F030704700487047BC0D0020E0
:10A5200000487047BC0D002010B5034B0A00010025
:10A53000186804F004FB10BD700C0020F0B5C6468E
:10A540000D00160000B5884213D98C18844210D92A
:10A5500083189C46032A5BD8731E002E06D0D9436D
:10A5600064186144E25CCA54013BFBD280BCB8462B
:10A57000F0BD032E0BD80400711E002EF6D0002370
:10A580000131EA5CE25401339942FAD1EEE703214A
:10A590002A000C00024314400300A446114234D1A7
:10A5A000320004000F2E1CD93109013909012A009B
:10A5B0000F0044181034116819605168596091688F
:10A5C0009960D1681032D9601033A342F3D10F22C1
:10A5D0001C000C23103532403340ED191600002BBF
:10A5E000CAD063466146EB58635004239C446346DB
:10A5F000D31A032BF5D8032616409208013A92008D
:10A6000004350434AD18A418B6E70400711EB6E78B
:10A6100023439B0701D0531EA1E71300043D011FF4
:10A62000EA58CA50043B032BFAD80322B308164059
:10A630006246013B9B00E41AD31A043B9C46043C4F
:10A640008AE7C046062010B502F05EFC012004F047
:10A65000FEFAC046F8B54746CE46884680B58146E4
:10A66000170000267D68013D0ED4BC68A389012B2C
:10A6700007D90E22A35E013303D021004846C0470C
:10A6800006437034013DF1D23F68002FEAD130001B
:10A69000C0BCB946B046F8BD70B50C000E25495F88
:10A6A00001F03EFA002803DB636D1B18636570BD83
:10A6B000A389024A1340A381F9E7C046FFEFFFFFD9
:10A6C00000207047F8B516001F000C228B5E0500B5
:10A6D0000C00DA050AD40A4A28001340A38132008C
:10A6E0000E23E15E3B0002F0B9FCF8BD00220E2310
:10A6F000C95E022301F026FD0C22A35EEBE7C046F3
:10A70000FFEFFFFF70B50C000E25495F01F01AFD49
:10A710000C22A35E421C05D08022520113436065C7
:10A72000A38170BD014A1340FAE7C046FFEFFFFF67
:10A7300010B50E23C95E01F0DFFC10BD10B5034B50
:10A740000A000100186804F00AFA10BD700C00201D
:10A75000F0B5DE46454657464E46E0B503690D69FD
:10A7600087B00A00039183460100AB4200DA9AE009
:10A77000013D1432AB00D6181431CB18376804935E
:10A780001B68013701911800390098460292FAF7C8
:10A7900099FD0400B84546D300270199029A059512
:10A7A000B2463D00914608004B4604CB994613043F
:10A7B0001B0C63439C46BC446346120C62431B0C57
:10A7C000D2180368170C1E04360CB04666463604D1
:10A7D000360C31004646761AB4461204AC44120CCC
:10A7E0001B0C9B1A624612149B18624612041D141D
:10A7F000120C1B04134308C0CA45D5D2049A56460E
:10A800001368059D002B0ED1131F019A934208D99E
:10A81000019903E0043B013D8B4202D91A68002AEA
:10A82000F8D05B461D615846039903F0FFF90028F4
:10A8300031DB002301341F00AC46A046019A029987
:10A8400010C9136825041804000C2D0C401BC019F6
:10A850001B0C270CDB1B0714DB1900041F14000C56
:10A860001B04034308C28E42EAD265460199AB003D
:10A87000CB181A684446002A0DD1043B8B4208D9F4
:10A88000019903E0043B013D8B4202D91A68002A7A
:10A89000F8D05B461D61200007B0F0BCBB46B24655
:10A8A000A946A046F0BD0020F6E7C046F0B54546F3
:10A8B0004E46DE4657461400E0B51D00C6699FB0FF
:10A8C000804604940595002E00D1EFE131680029FF
:10A8D0000AD00123726893404A608B6002F080FEC8
:10A8E00043460022DB691A602E000023002D03DAA4
:10A8F0006E007608059601332B9A13603200D74B11
:10A900001A409A4200D1B4E0049A059B1000190045
:10A910000022002308900991FAF782FF002812D044
:10A9200001232A9A13602C9B002B02D0CC4B2C9A2B
:10A930001360CC4B039303981FB0F0BCBB46B246E8
:10A94000A946A046F0BD1CAB01931DAB0093404649
:10A95000089A099B03F0E4FA1C9F8146320D00D04F
:10A9600099E01D9BF918C04B8A465B18202B00DC30
:10A9700091E24022D31A9E40BC4A30008B18DC4042
:10A980002043FAF775FF56460122B94B013ECB181A
:10A99000069219000022B74BFAF7CFFEB64AB74B22
:10A9A000FAF7FBFEB64AB74BFAF7D0FE04003000C8
:10A9B0000D00FAF761FFB44AB44BFAF7EEFE02005D
:10A9C0000B0020002900FAF7C1FE04000D00FAF781
:10A9D0006BFFBF1B824607907E1E002200232000D3
:10A9E0002900B346FAF724FF002800D06CE1079A4B
:10A9F000162A00D987E108980999A54BD2009B181F
:10AA00000CCBFAF715FF002800D14BE2079B013B66
:10AA1000079300230D9300230A935B46002B04DA6F
:10AA20000123DB1B0A9300239B46079B002B00DAC4
:10AA300060E159460B93C91800238B460C9343469B
:10AA4000DE69289B092B00D9A3E0052B35DD043BEB
:10AA500000242893042B01D100F0F3FD052B35D001
:10AA6000022B01D100F0CDFD032328930023109386
:10AA70002EE0884B2A9A3603360B1360264315D1F5
:10AA80002C9B002B01D101F035F8834B0393083345
:10AA90002C9A13604FE78149814B3603360B3343C1
:10AAA0005618002208980999069272E72C9B002BF1
:10AAB00000D009E27B4B03933DE7289B042B01D197
:10AAC00000F0BEFD052B00D013E3012401231093F9
:10AAD000299B079A9B18149301331D1E069301DCD2
:10AAE00000F0DBFF01220423172D01DC00F0D5FF6D
:10AAF0005B001800143011000132A842F8D97160CF
:10AB0000404602F027FD0390002801D100F0EBFF42
:10AB10004346039ADB691A60069B0E2B00D93EE17F
:10AB2000002C00D13BE10798002801DC00F08CFDEF
:10AB30000F210200564B0A40D2009B18061130CB61
:10AB4000C30500D521E3089A099B0E920F930223B7
:10AB50009A46002E00D1D9E0534F01E07610083715
:10AB60000123334204D17610083701233342F5D054
:10AB700053460133200029009A463A687B68FAF769
:10AB80000CFE761004000D00002E00D1BEE0083748
:10AB9000EBE700232893002300214046736002F076
:10ABA000D9FC0390002801D100F09DFF4346039A91
:10ABB000DB691A601D9B002B03DB079A0E2A00DC61
:10ABC0002DE2069A002A00D0FFE236231C9A0C9F41
:10ABD0009B1A00222992013A06921492DC460A9EA0
:10ABE0009C4401214046E346F51802F03BFE040078
:10ABF000002E01D000F0F1FC0C9B002B09D0002F9F
:10AC000001D000F002FE494640460C9A02F01CFFBB
:10AC100081460B9E0121404602F024FE0B9B0890CA
:10AC2000002B01D000F0EDFD289B012B01DD00F091
:10AC3000E6FB049B002B00D0E1E3059B1B0300D047
:10AC4000DDE3064B059A134200D1D8E35B4601339E
:10AC50009B460123012601350B9358E10000F07F4C
:10AC60004DFC00104CFC00103204000012040000E7
:10AC7000000010FE0000F83F61436F63A787D23FDA
:10AC8000B3C8608B288AC63FFB799F501344D33FDB
:10AC9000100301100F270000A0FC001001FCFFFFB3
:10ACA0000000F03FACFC0010E8020110102001F0A1
:10ACB00035FA4346D861002801D100F0F8FE46601D
:10ACC00086600660C6600FE65046FAF7D5FD2200A2
:10ACD0002B00FAF7A5FD002800D1F1E05346162B12
:10ACE00000D810E20123002F01DC00F055FE0D9387
:10ACF00000230A930A9A079BD21A5B420C93002303
:10AD00000A920B939BE601230D9384E622000E9892
:10AD10000F992B00FAF723FD06000F000D9B002B67
:10AD200008D0002230003900D24BFAF781FD00280C
:10AD300000D077E35046FAF79FFD32003B00FAF768
:10AD40002CFD0022CC4BFAF701FDCC4A1290139156
:10AD50008B181393079B1593069B0E93002B00D023
:10AD600085E3002230003900C54BFAF7E6FC129E5D
:10AD7000139F32003B0004000D00FAF767FD002826
:10AD800038D1802000063B18320020002900FAF755
:10AD90004FFD002801D000F097FC002306931D9B77
:10ADA000002B43DB079A0E2A40DCB64BD2009B18DF
:10ADB00018CB04930594299B002B01DB00F03FFD89
:10ADC000069B002B01DD00F03AFD069B002B01D015
:10ADD00000F07AFC049805990022A94BFAF7DDFCF3
:10ADE00002000B0008980999FAF728FD002801D005
:10ADF00000F06AFC039A0021531C9A463123404616
:10AE0000137002F0EDFB079B02330A93494640465C
:10AE100002F0E6FB002352460A9913702A9B196040
:10AE20002C9B002B00D186E51A6084E5109B002B3B
:10AE300001D000F060FC0A9B002B49D10C9B002B39
:10AE400000D193E10A9D49460C9A404602F0FCFD70
:10AE500001218146404602F005FD0B9B0890002B26
:10AE600051D0002300240B9E0A950B9332004046DC
:10AE7000089902F0E9FD289B0890012B00DC62E1B3
:10AE80000026089A13699B00D318186902F072FC17
:10AE900020231B1A3BE020222000D31A984070E5A3
:10AEA000002307935B46002B01DA00F002FC079AAF
:10AEB0009B189B4600230B920D930C930A93BEE5BF
:10AEC000079B013B079392E56F4B03930333DFE549
:10AED0005B46002B00D165E10A990B00594500DD66
:10AEE0005B460A9AD51A5A46D31A9B460C9B002BEE
:10AEF000A9D10121404602F0B5FC0B9B0890002B24
:10AF000001D000F07CFD002600240A9501331F22A9
:10AF100011005B4419401A4200D15FE11B2900DD9A
:10AF200070E21C235B1A0A9AED1894469C44624610
:10AF3000DC469C44E3460A92002D05DD49462A0082
:10AF4000404602F0FDFD81465B46002B05DD1A0000
:10AF50004046089902F0F4FD08900D9B002B00D0AC
:10AF60002FE2069B002B00DC06E20B9B002B00D09F
:10AF700045E1079B01330A93039B4D465F1E089BE7
:10AF8000A24601263C009946069F07E029000023BF
:10AF90000A22404602F04AFB0500013649462800D5
:10AFA000FFF7D6FB3030A055BE42EFDBA9460600C6
:10AFB0005446069B0025002B00DD5D1E0027039BE9
:10AFC0000133ED1849460122404602F0B9FD0899C7
:10AFD000814602F02BFE002800DCA8E0039902E085
:10AFE0008D4200D1E1E22A00013D2B78392BF7D0C8
:10AFF000924601332B704046089902F0F1FA002C7A
:10B0000000D103E7002F05D0A74203D03900404606
:10B0100002F0E6FA2100404602F0E2FAF6E6194BA9
:10B02000D2009B1860CB089809992A003300049538
:10B030000596FAF794FBFAF737FC0400FAF71CFCC4
:10B040002A003300FAF7A9FB02000B0008980999BF
:10B05000FAF773FB039B30345A1C1C700123924691
:10B060005B420693039B0127013B9B464B46D1461F
:10B0700008932BE00000F03F00001C400000C0FCE3
:10B080000000144010030110ACFC0010049A059B52
:10B0900020002900FAF763FBFAF706FC0600FAF72E
:10B0A000EBFB049A059BFAF778FB02000B002000EB
:10B0B0002900FAF742FB0123994433005A46303302
:10B0C0000137D355069BBB4200D175E30022D04B1C
:10B0D000FAF763FB0022002304000D00FAF7A0FB3F
:10B0E0000028D3D0089BCA469946079B01330A9390
:10B0F0008CE6022B00D183E2032B00D04BE500232A
:10B1000001241093E4E4C34B089809990CCBFAF797
:10B110008FFB002800D1C3E6002E01DA00F076FC98
:10B1200000230D93013B079300230A93E2E50028D7
:10B1300002D1F60700D551E72A00013D2B78302BCC
:10B14000FAD0924657E7049B002B00D098E6059B67
:10B150001B0300D094E6B04B059A134200D18FE652
:10B160005B4601339B46012601358AE601214046B4
:10B1700002F078FB0B9B0890002B01D000F038FC0C
:10B180000026002500240133C1E6A44B0E401A6AB4
:10B190005B6A08980999FAF7E2FA03230E900F9177
:10B1A0009A46D6E40C9B002B00D04BE6012140468A
:10B1B00002F058FB0B9B0890002B01D000F053FCD1
:10B1C000002600240A9D0133A1E6954A0C9F9B1896
:10B1D00000222992013A06921492FFE41C23A2E66F
:10B1E000002321000A22404602F020FA149B0400AA
:10B1F000002B01DC00F03EFC149B079506930A9B94
:10B20000002B05DD21001A00404602F099FC0400E5
:10B21000A346002E00D0AAE2069A039B94461F0084
:10B22000013B9C4463460A93012346464D46B8467B
:10B23000049A1A400C92089B280019009946FFF7BF
:10B2400087FA210007000B90280002F0EFFC494626
:10B2500006905A46300002F00FFDC3688146303731
:10B26000002B36D10100280002F0E0FC824649465E
:10B27000300002F0B5F95346289A13435DD10C9B78
:10B28000002B00D190E3069B002B00DA98E301230A
:10B290004344994643461F700A9B434500D157E3F8
:10B2A000290000230A22300002F0C0F90023050023
:10B2B0000A22210030005C4539D002F0B7F9594626
:10B2C000040000230A22300002F0B0F9C846834689
:10B2D000B1E73200010010003E004746904602F000
:10B2E0007FF9069BA946002B07DB0123049A069DE4
:10B2F0001340289A15432B4331D149460122404639
:10B3000002F01EFC0899814602F090FC002800DC47
:10B3100086E3392E00D134E30B9E31367B1C9A46EE
:10B32000079B3E70013327000A935C4663E602F0F8
:10B330007DF9C846040083467DE7069B002B00DAB2
:10B34000C5E3289A13430C9A134300D1BFE3534635
:10B35000002B9CDD3300A9463E0047469846392E17
:10B3600000D10EE37B1C9A46079B013601333E70E9
:10B370000A9327005C463EE6289B022B00DCF4E59E
:10B38000069B002B00D0E4E108990522404602F01C
:10B390004DF901000890484602F048FC002800DC06
:10B3A000D7E1039A4046531C9A46312308991370FB
:10B3B00002F016F9079B02330A93002C00D029E60D
:10B3C00024E54846089902F031FC002800DBC8E576
:10B3D000079B49460A2240465D1E002302F026F9DB
:10B3E0000B9B8146002B00D0FAE6149B002B00DC5F
:10B3F00028E3079B07950A93149B0693BCE501235A
:10B400000B9384E51C2900D196E53C235B1A8AE561
:10B4100000002440100301100000F07FE80201103A
:10B4200033040000069B002B00D1CFE2149C002CBB
:10B4300000DCB4E4079B0022013B30003900159387
:10B44000D64BFAF7AAF9060050460F000130FAF77A
:10B4500013FA32003B00FAF7A0F90022D04BFAF7BA
:10B4600075F9D04A129013918B1813930E94129B76
:10B47000139C1693179430240E98CB49431EDB007F
:10B48000CB1830001B9106CB189119923900FAF7AE
:10B490000BFAA446844464461A94FAF7EDF90200C4
:10B4A0000B0030003900FAF748F9189A199B039FEE
:10B4B0000400781C0600129010980D00002800D19E
:10B4C000E3E10020B949FAF74AF9169A179BFAF70F
:10B4D00034F91A9B22003B702B0010901191FAF75F
:10B4E000B5F9002800D0D2E200234A4699464346E7
:10B4F000B246109E119F1692109333E00123994497
:10B500000E9B994500DBEAE0002230003900A34B96
:10B51000FAF743F90022A14B06000F002000290092
:10B52000FAF73BF90D000400FAF7BEF98046FAF786
:10B53000A3F902000B0020002900FAF7FEF8534699
:10B5400001339A4643460D0004004946039A3033BE
:10B550005354200032003B002900FAF769F9002813
:10B5600000D066E222002B0000209149FAF7E5F8AE
:10B5700032003B00FAF75CF90028BFD0169B564614
:10B580009946109B0399984602E08E4200D1F1E162
:10B590003200013E3378392BF7D0924603910133C4
:10B5A0003370159B01330A9330E431239246039A9A
:10B5B0001370079B02330A931DE50C9BDF1B069B50
:10B5C000002B01DBFFF70AFB0A9D069B0121404689
:10B5D000EE1A02F047F904000A965B46002B01DCE4
:10B5E000FFF70AFB0A990B00594500DD5B460A9AF2
:10B5F000ED1AD21A0A925A46D31A9B46FFF7FCFA62
:10B60000012400231093299B002B05DD299B1D009D
:10B6100014930693FFF766FA0023002140467360F7
:10B6200001F098FF0390002800D15CE24346039AA2
:10B63000DB691A600123149306932993FFF770FACC
:10B64000012401231093DEE7079B002B00D18BE13F
:10B65000089809990F225C422240534BD2009B1854
:10B660000CCBFAF79AF8241106000F00002C00D139
:10B6700009E202234F4D9A4601E064100835012388
:10B68000234204D16410083501232342F5D05346E8
:10B690000133300039009A462A686B68FAF77DF862
:10B6A000641006000F00002C01D1FFF737FB0835AE
:10B6B000EAE70123DB1B0A93079B9B460B930023BE
:10B6C0000D930C93FFF7BBF90021404601F088FF72
:10B6D000299B5B420A93039B9A46FFF797FB169BB5
:10B6E0009946109B98461D9B002B00DAE5E1079BCD
:10B6F0000E2B00DC1AE1069B5F1E0C9BBB4200DB9D
:10B700005BE70B9A0C9B9446FB1A069A0A9E9C4494
:10B71000634694465A4635006244012140469346AA
:10B720000B93654402F09EF80400002E02D10C97A2
:10B73000FFF769FA0A990B00594500DD5B460A9A42
:10B74000ED1AD21A0A925A46D31A9B460C97FFF763
:10B750005AFA4046089901F043FF299B5B420A933D
:10B76000039B9A46002C00D054E4FFF74FFB404661
:10B77000616801F0EFFE051E00D192E1210022690F
:10B780000C31023292000C30FAF70EFD0122290032
:10B79000404602F0D5F983463EE5C046000024400D
:10B7A00000001C400000C0FC100301100000E03F3E
:10B7B0000000F03FE8020110089BCA4699460200CB
:10B7C0000B00F9F7C3FF079B040001330A93049AA7
:10B7D000059B0D00FAF73AF800280DD1049A059B55
:10B7E00020002900FAF71CF8002801D1FFF70EFB12
:10B7F000F60701D4FFF70AFB079B564603991593FA
:10B80000C6E601230B93FFF731FB21003A004046C7
:10B8100002F01AF94A4601000400404602F038F8E6
:10B8200082464946404601F0DBFE0C9BD146DB1BBD
:10B830000B9E0C9301D1FFF7EDF9FFF7E4F9039BA1
:10B8400001331293049A059B089C099D200029004E
:10B85000F9F785FFFAF728F80600FAF70DF8049AC9
:10B86000059BF9F79AFF02000B0020002900F9F769
:10B8700064FF129B039A9A46330030331370069B81
:10B88000012B01D0FFF7EEFB99E716981799F9F70E
:10B8900084FF1A9B109011910399129F0B700E9BBD
:10B8A000CA189246012B1DD00022944B200029007B
:10B8B000F9F773FF0D000400F9F7F6FF0600F9F73A
:10B8C000DBFF02000B0020002900F9F736FF3036BD
:10B8D0003E70013704000D005745E5D1129B5E1EF6
:10B8E0000E9BF618002210981199854BF9F72EFF40
:10B8F00022002B00F9F79CFF002800D097E0109A57
:10B90000119B00207E49F9F718FF22002B00F9F760
:10B910009DFF002811D11D9B002B01DAFFF78BFA48
:10B92000079B0E2B01DDFFF786FA079B1B9ADB00B6
:10B93000D31818CB0493059484E73300013E327882
:10B94000302AFAD09A46159B01330A93FFF75EFA24
:10B950004B46A9461D00079BB04601333E000A93A3
:10B9600027005C46FFF72EFB0223089E099F9A469C
:10B97000FFF7D4F9159B92460133159303913123B8
:10B980000EE639233B70079B7D1C0133270003998A
:10B990005C460A93FFF727FBDB1B0A9300239B46B9
:10B9A00001330D93FFF7A6F93300A9463E00474641
:10B9B0009846392EE5D0069B002B00DDACE4ADE4C3
:10B9C0003300A9463E0047469846A7E45046F9F79B
:10B9D00053FF32003B00F9F7E0FE0022494BF9F734
:10B9E000B5FE494A129013918B181393FFF7B9F9DA
:10B9F00000230B9E002500240B93FFF737FA00234A
:10BA00000B9E00240B930A95FFF730FA0123DB1BF2
:10BA10000A9300239B460D93013B0793FFF76AF9B6
:10BA2000002800D07AE4F30700D572E476E40399A5
:10BA3000AEE5169B9946109B9846159B01330A93D9
:10BA4000FFF7E4F9289B022B19DC0899FEF780FE2A
:10BA5000039B30301870149B06000693079B0795D4
:10BA60000A93FFF7A6FA00230B9E00240A9D0B936E
:10BA7000FFF7FCF9289B022B01DCFFF7BDFB149BB1
:10BA8000079506937CE402239A46FFF747F9159B36
:10BA9000B24601330A93FFF7B9F900217160FFF74D
:10BAA0002FF82A00194B1A481A4901F02DFD3200CF
:10BAB000EF21194B164801F027FD069B5F1E0C9BDA
:10BAC000BB4200DA1DE6DF1B069BFFF787F8330059
:10BAD00050463E00A94647469846002801DDFFF73C
:10BAE0000CFCFFF71BFCB0210022084B0848FF317B
:10BAF00001F00AFD094B0393FEF71DFF00002440EF
:10BB00000000E03F00001C400000C0FC50FC0010A2
:10BB1000C8FC0010EF020000B0FC0010A0FC0010F8
:10BB200070B50500080011000022064C22601A00C2
:10BB300003F064F8431C00D070BD2368002BFBD0D9
:10BB40002B60F9E7DC150020F8B505000C1E45D088
:10BB5000002802D0036A002B4DD0FCF747FC0121DE
:10BB60000C22A35EA26E0A4234D158229446A44409
:10BB700067469B0542D52100280002F0DFFA236BBF
:10BB80000600002B04D02800216A9847002828DBF3
:10BB9000A3891B062AD4616B002908D023004433F3
:10BBA000994202D0280002F0EAFF00236363A16CEF
:10BBB000002904D0280002F0E2FF0023A364002340
:10BBC000A381A36EDB0728D5380002F0A1FFFCF7A4
:10BBD00015FC04E0002B24D1FCF710FC00263000FB
:10BBE000F8BD0126A38976421B06D4D52800216919
:10BBF00002F0C5FFCFE7FCF7DDFBAEE7380002F04F
:10BC000088FF0C22A35E002BB5D10122A36E134244
:10BC1000E2D1380002F081FFDEE7380002F07DFF5C
:10BC2000D2E758239C46A4446746A4E710B5034BCB
:10BC300001001868FFF788FF10BDC046700C002097
:10BC4000F0B55746DE464E464546E0B58346894642
:10BC500092461D001F0083B0242B3DD8012B3BD002
:10BC60000B000820494E1A0014780133315D084258
:10BC7000F9D198462D2C00D172E02B2C38D0444BB2
:10BC8000009300230193002D4ED1302C00D170E0A1
:10BC90000A270A2539000098F9F714FB43460600E5
:10BCA0008C46002000212200303A092A07D9113A97
:10BCB000192A03D92200613A192A21D80A32954259
:10BCC0001EDD4C1C05D086422BD328D001217843A1
:10BCD00010181C780133E6E700F07AFC16230360A5
:10BCE000002003B0F0BCBB46B246A946A046F0BD5A
:10BCF0001C78931C9846264B009300230193C2E7BF
:10BD00004A1C23D0019A002A00D040425246002A01
:10BD1000E7D0002936D153464A461A60E1E79445F8
:10BD2000D4DA01214942D4E7102DB3D11027302CA9
:10BD3000B0D1434620221B789343582BAAD14346C7
:10BD40005C780223102710259844A3E72222594645
:10BD50000A605246002A17D0013B99460098DAE75C
:10BD60001C78931C984680231B06009301230193A3
:10BD700089E7434620221B789343582BDFD00827BE
:10BD8000083587E70090E7E70098AAE7D9FF001099
:10BD9000FFFFFF7F10B5FFF753FF10BD844610B5BE
:10BDA0001300034A10680A006146FFF749FF10BDFF
:10BDB000700C0020844610B51300034A10680A0076
:10BDC0006146FFF73DFF10BD700C0020F0B5454601
:10BDD000DE4657464E46E0B5936883B00C00904669
:10BDE0000090002B2AD00C23CA5E13072ED50B69B6
:10BDF000002B2BD043461E68930734D5B04B002749
:10BE000000259946002D15D02B004D4500D9AC4B8F
:10BE1000A26A216A924600983A00D047002800DCC6
:10BE2000B4E0434642469B681B1A936006D03F1815
:10BE30002D1AE9D1376875680836E3E7002003B0AA
:10BE4000F0BCBB46B246A946A046F0BD2100009812
:10BE500000F008FC002800D09DE00C23E25E434681
:10BE60001E689307CAD4D30700D597E0802100232A
:10BE7000890000258B4699462368002D4FD05946EE
:10BE80001800A7680A4255D0BA46AF4200D9DDE093
:10BE90009021C9000A422ED0606921695F1A4300CF
:10BEA0001B18D80FC3185B109A467B1C5B195046B1
:10BEB0000197534501D99A461800520500D4E3E092
:10BEC0000100009802F02DFE071E00D1F1E0019A5A
:10BED0002169FAF769F9A3897A4A1340802213434A
:10BEE000A3815246019B2761F818AA462F00D31A56
:10BEF00020606261A36052464946FEF71FFB42463E
:10BF00004146A368DB1BA36092682368521B53441D
:10BF100023608A60002A00D190E70C21625E3168BC
:10BF2000756889460836002DF9D059461800A7686B
:10BF30000A42A9D122699A4271D362699246AA4201
:10BF40006DD8614B28009D4200D918005146F9F781
:10BF500091F953464A464343216AA76A0098B84775
:10BF6000002813DD0700434642469B68ED1BDB1BA0
:10BF7000936000D162E70C23E25EB94423687CE75A
:10BF80002100009802F084F900282BD00C22A35E37
:10BF900040221343A3810120404250E700230027A1
:10BFA000B14600209A461E00002F25D000282BD035
:10BFB0003300BB469F4200D99B46206822696369D3
:10BFC000904203D9A5685D19AB454FDC5B4540DC69
:10BFD000A56A5246216A0098A847051ED6DD0120B1
:10BFE000761BCDD0434642469B685B1B936000D1D5
:10BFF00024E7AA447F1BD9D14B4608225F689144AD
:10C00000002FF9D01B689A463A000A21504600F0EA
:10C010008FFB00284AD053460130C61AC8E7AF420A
:10C0200000D92F003A0018004946FEF787FAA268A7
:10C030002368D21BDB19A2602360002A93D1210060
:10C04000009802F025F900288DD09FE72F00AA461E
:10C0500051E75A465146FEF771FA5A46A3685D46C3
:10C060009B1AA36023685B442360B8E751462A000B
:10C07000FEF764FA236821005B190098236002F040
:10C0800007F90028ABD081E70200009802F067FDB5
:10C09000071E00D025E7009D2169280002F06FFDF2
:10C0A0008022A3899343743A2A6071E77B1C1E00A7
:10C0B0007FE70C23009A13600C22A35E68E7C0465A
:10C0C00000FCFF7F7FFBFFFFFFFFFF7F70B5E025D8
:10C0D000014C6459A04770BDCC0C0020002909D048
:10C0E000FF2A02D801200A7070478A2303600120CA
:10C0F0004042F9E70020F7E7002370B5064C050041
:10C100000800236002F04AFD431C00D070BD236884
:10C11000002BFBD02B60F9E7DC15002010B5034B9A
:10C120000100186802F0FDFC10BDC046700C002034
:10C1300010B5034B0100186802F021FD10BDC04688
:10C14000700C002070B50500080011000022064C9C
:10C1500022601A0002F04AFD431C00D070BD236823
:10C16000002BFBD02B60F9E7DC1500200300844690
:10C170009B070BD00300032102E001330B4206D0E2
:10C180001A78002AF9D16246981A70470300196894
:10C190000C4A0D488A188A4302420FD15968094A4D
:10C1A00004338A188A43024208D15968054A043385
:10C1B0008A188A430242F1D000E001331A78002A3B
:10C1C000FBD1E0E7FFFEFEFE8080808010B5002AF4
:10C1D0002AD003000B439B0715D1032A13D9144B14
:10C1E0009C460CE0043A002A1ED0124C1C199C43B9
:10C1F00063461C4218D104300431032A03D9036872
:10C200000C68A342EED003780C78013A8218A3425E
:10C2100008D00BE0002B07D043784C780130013177
:10C22000A34203D19042F5D1002010BD181BFCE7BA
:10C2300080808080FFFEFEFE936810B5013B936016
:10C24000002B04DA9469A34207DB0A2905D013689E
:10C25000581C10600800197010BD02F08BF8FBE745
:10C26000F8B506000D001400D718002B03D10AE022
:10C270000134BC4207D02A0030002178FFF7DCFFF0
:10C28000431CF5D1F8BD0020FCE7C04610B51400F2
:10C2900092680023002A05D02200FFF797FD0022B4
:10C2A0000300A26000221800626010BDF0B557467E
:10C2B0004E464546DE46E0B58246894615001C00DE
:10C2C0009DB0002803D0036A002B00D166E14B46E5
:10C2D0000C229B5E4A46926ED20702D49A0500D485
:10C2E00054E11B0700D4C2E04B461B69002B00D170
:10C2F000BDE000232A0004AE73612033737610334F
:10C30000B37603941378A74F002B00D19EE014005E
:10C3100004E063780134002B00D1C1E0252BF8D173
:10C32000A31A9846944200D0BEE02378002B00D197
:10C330008CE0012300225B4204920593002200233B
:10C340000692079300234332B354B36501339846F2
:10C35000013405E04346C01B83402C001343336087
:10C3600005223800217800F0E3F9651C32680028C6
:10C37000F0D11300DA0602D543222021B1541A0766
:10C3800002D543222B21B15421782A2900D0A1E0E3
:10C39000039A111D12680391002A00DAC7E0F260C7
:10C3A00029782E2900D1AAE07F4C0322200000F03A
:10C3B000BFF93368002805D04022001B8240134398
:10C3C00001353360802229781A4208D06C2906D1C1
:10C3D0009343802212011343336069780135402270
:10C3E0001A4208D0682906D19343C132FF32134361
:10C3F0003360697801357A294FD074294DD06A2984
:10C4000006D1802332681B011343336069780135FC
:10C4100006226648317600F08BF9002800D18CE0C6
:10C42000634B002B00D17AE003AA009231004A4608
:10C430005046604BFDF7F4F9431C07D073696A1C42
:10C440001B1873611378002B00D060E74B469B6E7E
:10C45000DB0700D490E04B469B895B061AD47069D9
:10C460001DB0F0BCBB46B246A946A046F0BD494649
:10C47000504600F0F7F8002800D13AE74B469B6E93
:10C48000DB0707D44B469B899B0503D448465830AD
:10C4900002F043FB01204042E2E769780135AEE754
:10C4A000A31A98469442D1D0BB4600255746A246CF
:10C4B00014004A463800615DFFF7BEFE0130C5D06A
:10C4C0000135A845F5D8736954464344BA467361AB
:10C4D0005F462AE7080030382500092800D960E7C0
:10C4E000F26893009B185B001A18F26069780135B6
:10C4F000080030380928F4D92E2900D054E76B7889
:10C500002A2B23D1039B1A1D1B6803927360002BF7
:10C5100002DA01235B427360A978023544E70722FF
:10C52000039B0020073393430833039386E752426B
:10C53000F26002221343336032E703AA0092310013
:10C540004A4650461B4B00F039FE75E700237360E6
:10C550006978013508003038092800D924E71A0025
:10C5600093009B185B001A18726069780135080007
:10C5700030380928F4D917E74B469B899A0500D52E
:10C580006BE74846583002F0C8FA64E7484658302E
:10C5900002F0BFFA4B460C229B5EA2E6FBF70AFFB5
:10C5A00095E6C04604FD00100CFD001010FD0010C3
:10C5B0002198001061C20010844610B51300034A90
:10C5C00010680A006146FFF771FE10BD700C002074
:10C5D000014B18687047C046700C0020024670B5C9
:10C5E0000A4392072AD11E4DEE0104C808C9541B04
:10C5F0009443344017D0D0B2D9B2401A2106014337
:10C6000010D190B299B2401A210401430AD110020C
:10C610001902000A090A401A2102014302D1100E30
:10C62000190E401A70BD9A42DFD010BA19BA88426A
:10C6300001D9012070BD0020C04370BD02780B7885
:10C6400001300131002A09D09A4207D102780B78D3
:10C6500001300131002A01D09A42EFD0D01A70BDCA
:10C6600001010101314B70B5050018680C0000286C
:10C6700002D0036A002B4DD00C22A35E1A070FD5FF
:10C680002269002A16D00C21635ED90723D5002128
:10C69000A16061694942A161002A23D0002070BDD8
:10C6A000DA063AD55A0720D4226908210B43A38120
:10C6B000002AE8D1A0208021A389800089000340BE
:10C6C0008B42E0D02100280002F042F90C21635E89
:10C6D0002269D907DBD40021980700D46169A160E1
:10C6E000002ADBD11A06D9D519E0616B00290AD0DE
:10C6F00022004432914204D0280002F040FA0C2279
:10C70000A35E0022626324229343002262602269B6
:10C710002260CAE7FBF74EFEAEE709222A604022FC
:10C7200001201343A3814042B9E7C046700C0020AA
:10C7300010B58C46CCB283070CD0032106E00378F9
:10C74000A34206D00130013A084203D0002AF6D1B4
:10C75000002010BD032A14D96346FF2119400B02A3
:10C7600059188C460B049C44614603684B400A49A7
:10C7700059189943094B194205D1043A0430032A48
:10C78000F2D8002AE4D082180378A342E1D0013025
:10C790009042F9D1DCE7C046FFFEFEFE808080803B
:10C7A000F0B54E464546DE465746E0B51600AE2289
:10C7B00089B007938B680C00591E80465200914245
:10C7C00000D86FE1F0222168D2000A431C218C4678
:10C7D0005E3BFF3B06935E23A444E146FF33A36028
:10C7E0002260002292460492059200920392C64A69
:10C7F0004D4600279346326811780A002B3AD2B290
:10C800004E2A0FD858469200825897465346002B1E
:10C8100000D105E1022B00D15CE11223FB40DB07D4
:10C8200000D5FAE0009B002B00D087E05346013B87
:10C83000012B00D88BE07B1E062B1FD8022F00D8BF
:10C840006CE1032F1AD02B00B2462E0025001C00ED
:10C85000BE23013C5B00EB58524640462178984786
:10C860002B69013B2B61E3199B1BDBB2032BEFD13F
:10C870002C00751E5646043FFFB2ED1B2368DA05F7
:10C880001FD55B0500D55BE123696A1E1178013B6A
:10C890002361652900D12CE1452900D129E1BE237E
:10C8A0005B00E3583200404698472369023D013B54
:10C8B00029782361BE235B00E35832004046984745
:10C8C0002368102216001E401A4200D1BAE000264A
:10C8D000300009B0F0BCBB46B246A946A046F0BD48
:10C8E0002268D00500D5D0E05346DB19002B99D142
:10C8F0002368864A00271340236000239A46297044
:10C90000A3680135013BA360236901332361736888
:10C91000013B7360002B72DD336801333360A36821
:10C92000002B00D067E7009B002B00D17EE705E0DD
:10C93000002F6DD1009B002B00D1BEE02368744A0C
:10C94000134023605346013B012B00D973E74D454B
:10C950000CD9BE277F00013DE359320040462978BB
:10C9600098472369013B23614D45F4D10126AFE788
:10C97000802223681A4200D154E793432360BEE724
:10C98000062F00D04EE70727B9E7072F00D049E769
:10C990000827B4E7022F00D044E70327AFE7A0221F
:10C9A00080202368D2001A40C000824206D0034291
:10C9B00000D137E7009A002A00D137E79A0504D45E
:10C9C000009A03980495121A0592524A1340C02205
:10C9D0005200134323600023009390E75346012B3A
:10C9E00000D01FE702239A4689E723689A0500D4FE
:10C9F00018E7494A13402360009B03937FE7C02355
:10CA00005B0031004046E3589847002887D009E78B
:10CA1000FD22FB1E134200D004E70137FFB26EE790
:10CA2000009B002B00D0F8E62268E0231000DB001A
:10CA30001840984200D0F0E6364B1A40012322609D
:10CA40009A465CE7C0222E702368D20013408022F1
:10CA5000D200934244D0059B002B00D093E00022EB
:10CA600049464046FCF726FD079D22682B6800904A
:10CA70000191191D90073ED529601B680099019A04
:10CA800006C3E3680133E36022E780218A43226022
:10CA9000009A01320092069A002A1ED0069A013AA4
:10CAA000069230E7F0222168D2000A431C218C460E
:10CAB0000021A444E146069192E62268E02310009A
:10CAC000DB001840984200D0B0E6124B01371A4004
:10CAD000226014E703239A4611E7A368013B12E79B
:10CAE000009B039A9342BAD01300009A04959A1AB5
:10CAF00052E01500DEE6520734D5079A11601B6834
:10CB00000099019A06C3BCE7DC0001107FFEFFFF1D
:10CB1000FFFEFFFF7FF8FFFF7FFDFFFFBE277F00C7
:10CB20004D4500D822E7013DE359320040462978BF
:10CB300098472369013B23614D45F4D10126C7E69F
:10CB40004D4500D812E7BE277F00013DE359320072
:10CB50004046297898472369013B23614D45F4D12C
:10CB60000126B5E6079A11601D6800980199020038
:10CB70000B00F8F770FE00281FD100980199F8F714
:10CB8000FBFE28607DE7049B0022591C40460A23D7
:10CB9000FFF700F9059BC21A230004997033FF3395
:10CBA000994205D3B7235B009C46A4446346049393
:10CBB0000449049801F0AAFE51E7034800F04AFA3C
:10CBC00028605EE718FD001054FD0010844610B583
:10CBD000026808E0137801311C00413C192C00D890
:10CBE0002033834207D1087801320028F2D163460E
:10CBF00001301A6010BD0020FCE7C046F0B51F24CC
:10CC00005746DE464E46454692460A682100E0B544
:10CC10000300501187B0800011405044039114422A
:10CC200000D09FE00400021F0020211F0860186848
:10CC300002914178002900D1ACE0002601906748BC
:10CC4000170014000D009146B04602000021019823
:10CC5000049315E0202D00D994E046450CDDBC423C
:10CC600001D207295DDD0821A24505D2271F002337
:10CC7000B0463C0000213B6085780130002D12D089
:10CC8000535D002BE6D001310136082941DC2568CF
:10CC90002D01AC460F252B4065462B43236085783C
:10CCA0000130002DECD10D004A46002E00D171E07C
:10CCB000BC4202D2072D00DC76E0A24555D2504698
:10CCC000230002CB02C09A42FBD2601C551C0023F9
:10CCD000854265D251460024081D1B1819000433F3
:10CCE0000C609342FAD9029B1B685146002B04D07A
:10CCF00007E0043A1368002B03D19142F9D10123D4
:10CD00000B60052007B0F0BCBB46B246A946A04662
:10CD1000F0BDA245B0D20021043C8C462160013117
:10CD2000B8E708335B1A9B009C46202361465D1AD6
:10CD30000194210023682C005546834692466046A4
:10CD400005954A681500A5401D431300C3400D60BA
:10CD50004B600431B942F4D3059B524658469A467B
:10CD6000019C80E70200041D5EE7029903980B68AE
:10CD70000028BAD02024241A01204042E040034079
:10CD80000B60B2E7AC460D0061464A46049B019039
:10CD9000292901D00420B5E701980230186084E702
:10CDA000141BA408A30095E708235B1B9B00190034
:10CDB0001E0020235B1A98462368944625004246AD
:10CDC00019006868030093400B430100F1402B6099
:10CDD00069600435BD42F4D362466EE7D8FE0010A8
:10CDE000C36B10B50400002B01D0002010BD8021C2
:10CDF00001F097FEE063002806D002000023803295
:10CE000008C09042FCD1F0E701204042EEE7C04666
:10CE100070B505000C0016001F2907D8C06B00284C
:10CE200009D0A40004192068266070BD1623036091
:10CE300001204042F9E78021280001F072FE010044
:10CE400003000022E86380310028F1D004C38B4244
:10CE5000FCD1E6E770B505000C001F291ED8C36B96
:10CE6000002B0ED08A009B181A68002A09D0012ACC
:10CE700005D0511C0ED000212000196090470020E1
:10CE800070BD280001F056F922000100280001F0D1
:10CE90003DF9F5E7162303600120F1E7162303604F
:10CEA00001204042ECE7C04670B505000C001F2988
:10CEB00026D8C06B002810D0A300C0180368002B30
:10CEC00009D05A1C1AD0012B16D000220260200073
:10CED0009847002070BD0120FCE78021280001F068
:10CEE00020FE010003000022E8638031002807D003
:10CEF00004C38B42FCD1DFE70320EBE70220E9E724
:10CF000001204042E6E7C046144B70B504001D689E
:10CF10001F281DD8EB6B002B0DD082009B181A68C0
:10CF2000002A08D0012A04D0511C0DD0002119601C
:10CF30009047002070BD280001F0FCF8220001009D
:10CF4000280001F0E3F8F5E7162301202B60F1E754
:10CF5000162301202B604042ECE7C046700C0020F5
:10CF6000114B70B504000E001D681F2807D8E86B30
:10CF7000002809D0A40004192068266070BD16237B
:10CF80002B6001204042F9E78021280001F0C9FD13
:10CF9000E8630028F5D0010003000022803104C3BB
:10CFA0008B42FCD1E6E7C046700C00200C4B10B55C
:10CFB0001C68E36B002B01D0002010BD80212000F5
:10CFC00001F0AFFDE063002806D0020000238032AC
:10CFD00008C09042FCD1EFE701204042EDE7C04697
:10CFE000700C002070B504001F2828D8154B1D6850
:10CFF000E86B002810D0A300C0180368002B09D0EC
:10D000005A1C1AD0012B16D000220260200098472B
:10D01000002070BD0120FCE78021280001F081FD87
:10D02000010003000022E8638031002807D004C318
:10D030008B42FCD1DFE70320EBE70220E9E7012088
:10D040004042E6E7700C0020002001497047C046CE
:10D050000000F87F004870470000C07F70B50500F1
:10D06000080011000022064C22601A0001F093FD16
:10D07000431C00D070BD2368002BFBD02B60F9E768
:10D08000DC150020F0B54F464646D64691469846F8
:10D090008A680B69C0B50C000700089E934200DA4D
:10D0A00013004A4613604322A25C002A02D04A467B
:10D0B0000133136023689A0657D54B4606201A6839
:10D0C00002321A6023681900184208D119208446D8
:10D0D000E168A444E246002591423EDC1900432366
:10D0E000E35C5A1E934189060AD53020E11843318A
:10D0F000087045215A1C615CA2184332023311703A
:10D100002200414638004332B047431C19D0062064
:10D110002368A26821690340042B2ED08A4238DD9F
:10D1200000239946521A914400251A3402E0013531
:10D130004D452EDA0123220041463800B047431CFA
:10D14000F5D1E0BCBA46B146A846F0BD4A46E36810
:10D15000126801359B1AAB4228DD01235246414635
:10D160003800B047431CF1D1EBE706221A4212D037
:10D170004323E35C5A1E9341C2E74846E3680068D4
:10D180001B1AD843C017184081468A42CADC002BBC
:10D19000CADC0020D5E719204A4684461268E168B7
:10D1A000A444E24600259142D7DC97E74323216857
:10D1B000E35C5A1E9341890697D4A1E7F0B5DE4699
:10D1C0004E4657464546E0B589B0029343239C46F8
:10D1D000049203908C440E00097EE346129A0029C3
:10D1E0000AD00B00533BDBB2252B45D8C3489B002C
:10D1F000C3589F460B68186000235F463361029C4A
:10D20000039D049B31002800009407AA9846FFF76D
:10D2100039FF431C25D03A003369414628002F00CE
:10D220000294A047431C1CD03268F068079B920709
:10D230001ED598421CDD3500029BB14600244646AF
:10D240001935984606E04B46D868079B0134C21A48
:10D25000A2420DDD01232A0031003800C047431CE3
:10D26000F1D109B0F0BCBB46B246A946A046F0BD1C
:10D270009842F6DA1800F4E73700422301204237DB
:10D28000F154432300223061F254B8E71368191DAA
:10D2900011601F68002138007268FFF749FA002802
:10D2A00000D10DE1C01B7060EBE731681368080620
:10D2B00000D5BAE0480600D5DDE0880500D411E1CC
:10D2C000181D1B7810605BB2DD171C002B00B2E04C
:10D2D00031681368080600D5B4E0480600D5C5E0FB
:10D2E000880500D4F4E0191D00251C781160ADE01C
:10D2F00013683700191D11601A6842230120423754
:10D30000F254BEE7202331680B4333604521782077
:10D3100070547B498A461168180647D4580678D558
:10D320000025081D0C881060DA0702D5202213435F
:10D33000336023002B4303D12022336893433360AF
:10D340001023059343230022F2547368B360002B2B
:10D3500031DB042132688A43326022002A432AD119
:10D360005F46002B00D0ADE0059B082B42D05B460A
:10D37000DB1B336143E73368C8E7116833680C1D72
:10D38000706914601D0600D534E75D066BD49B05FB
:10D3900000D42FE70B6818702EE745235821F1546D
:10D3A000336858498A4611681806B7D5081D1060B9
:10D3B00000250C68B8E7059B9946DB1798463300B3
:10D3C0005F464646984601E09E421ED02000290056
:10D3D0004A463300F7F7B4FF53469B5C013F2200F7
:10D3E0003B7004002B000D009E42EDD94646059B84
:10D3F000082BBCD13368DB07B9D5726833699A4210
:10D40000B5DC3023013F3B70B1E79145DED946469C
:10D41000EDE7980522D41805C8D5072007318143C8
:10D42000080030C9083010607EE7181D10601B68C6
:10D43000DD171C002B00002B25DB324B9A460A23FC
:10D44000059382E70025191D11601C68337E6F2B40
:10D4500031D02C4B9A460A23059373E7081D00250B
:10D460000C78106060E70B681880C5E6191D002570
:10D470001C881160EAE7181D106000229B5EDD1712
:10D480001C002B00D7E722002B002D200025544242
:10D490009D4143227768B054B760002F02DB04231C
:10D4A000994331600A23994600239846154B9A46C2
:10D4B0000A23059383E7134B9A460823059341E714
:10D4C0007068DEE6534637001B7842373B704BE707
:10D4D0000905B7D5072107338B43190030CB083135
:10D4E0001160B3E70805A0D5072007338343180070
:10D4F00008331360436804681D009CE7180201109C
:10D5000034FD001020FD001030B59C460A4B04008D
:10D510001B680D00D86885B0002A0AD0074B08495F
:10D520000292019362462300009501F0B5FAFDF7DF
:10D5300089F8044B1A00F2E7700C002048FD001037
:10D5400058FD001054FD0010130010B50022FFF725
:10D55000DBFFC04670B5C46905000E00002C0DD07D
:10D56000E068002815D0B300C318186800281FD041
:10D5700002681A6000230361C36070BD1020FEF7CB
:10D58000CDFD041EE86120D000234360836003606A
:10D59000C36021220421280001F0D1FAEB69E06088
:10D5A000D8680028E9D0B300C31818680028DFD174
:10D5B0000124B440621D01212800920001F0BFFA4D
:10D5C0000028DAD046608460D4E722006B21024B49
:10D5D0000248FFF799FFC046B0FC001088FD00101C
:10D5E00070B5C66905000C00002E0AD0002C07D0CB
:10D5F000EB696268DB6892009B181A6822601C6005
:10D6000070BD1020FEF78AFDE861002804D0466056
:10D6100086600660C660E9E732008F21014B024850
:10D62000FFF772FFB0FC001088FD0010F0B5C64691
:10D630001E008046002300B50D000C6914310868F7
:10D64000013307043F0C5743000C5043BF193E0CF5
:10D6500080193F04060C3F0C0004C01901C19C4214
:10D66000EDDC002E07D0AB68A34208DDA300EB1869
:10D6700001345E612C61280080BCB846F0BD696849
:10D6800040460131FFF766FF071E12D029002A69C4
:10D690000C31023292000C30F8F786FD29003D0073
:10D6A0004046FFF79DFFA300EB1801345E612C613B
:10D6B000E1E73A00BA21024B0248FFF725FFC046D6
:10D6C00050FC001088FD0010F8B54746CE46050016
:10D6D00080B50C0017009846092B3FDD1800092182
:10D6E0000830F7F7C7FD012300215B0001319842A4
:10D6F000FBDC2800FFF72EFF011E31D0089B4361A1
:10D7000001230361092F15DC09270A34B8450CDD14
:10D710004346E618F61B23780A222800303BFFF721
:10D7200085FF01340100B442F5D10800C0BCB94600
:10D73000B046F8BD08339C46A444E1466646E41969
:10D7400033780A222800303BFFF770FF01360100D2
:10D75000A642F5D14B46DC19083CD7E70021C8E7C3
:10D760000A00024B0248D331FFF7CEFE50FC0010F6
:10D7700088FD0010144A03000020934201D81B04C6
:10D780001030124A934201D808301B02104A9342CB
:10D7900006D9104A934213D89B0013D4033007E0F4
:10D7A0000C4904301A018A4203D9D243D20F80189F
:10D7B00070479A019B0105D45200EFD42020F7E76F
:10D7C0001A00F2E70230F3E7FFFF0000FFFFFF005F
:10D7D000FFFFFF0FFFFFFF3F03685A0708D0DA077C
:10D7E0002BD49A072ED501225B08036010007047E6
:10D7F0001A0410D1FF211B0C1022194201D108324A
:10D800001B0A190716D099070ED0D90701D4013287
:10D810005B080360EAE7FF221A4210D01A0715D10D
:10D8200004221B099907F0D1590713D59B0802322E
:10D830000360DBE704321B09F4E70022D6E7082285
:10D840001B0ADEE79B0802220360CFE7DB08032206
:10D850000360CBE7DB0801D12022C7E70332036076
:10D86000C4E7C04610B50C000121FFF773FE002885
:10D8700003D001234461036110BD46210022024B05
:10D880000248FF31FFF740FE50FC001088FD0010F9
:10D89000F0B54E4657464546DE46E0B50B6916697B
:10D8A00089461700984687B0B34204DB33000F0067
:10D8B0004646914698464346F518BB687968AB42A0
:10D8C00000DA0131FFF746FE8446002800D1B0E0BF
:10D8D000142363449A46AC005444A34203D200226A
:10D8E00004C39C42FCD8434649469B0098461431E9
:10D8F0008844414500D388E014239946B9444B46F7
:10D9000002933B000022B6004E44F71B153F15332F
:10D91000BF089E425241BB0003934346A346504674
:10D920000C00E246A946B4460193049206E02D0C91
:10D9300038D1019B04340430A34263D925682B04F9
:10D94000190C002BF3D0029D5B460700A0468346CE
:10D9500000260C002800059308C839681A04120C28
:10D9600062431B0C0D0463432D0C52199219090CD0
:10D970005B18110C5B1812041E0C120C1B041343D1
:10D9800008C78445E8D8059B58469B46049B4446F7
:10D990005A1E9341039A5B421340C3185E60256888
:10D9A0002D0CC6D006000368A0466046190000246E
:10D9B000B446029F3A88090C6A43121952181B0494
:10D9C00011041B0C0B43336010CF7168240C6C43A3
:10D9D0000B041B0CE318120C9B181C0C0436B842E9
:10D9E000E8D8624684461000049A4446511E8A4193
:10D9F000039952420A4082185360019B0434043058
:10DA0000A3429BD85C464D46D446002D03DC06E07D
:10DA1000013D002D03D0043C2368002BF8D0634661
:10DA200060461D6107B0F0BCBB46B246A946A046A1
:10DA3000F0BDB1210022024B02484900FFF764FD0E
:10DA400050FC001088FD0010F8B503234746140071
:10DA5000CE461A0080B5884607002240234235D1C1
:10DA6000A4102DD0FE69002E39D0B568002D41D00C
:10DA7000012323406410002B08D12868002815D00A
:10DA80000500012323406410002BF6D041462A00F4
:10DA90003800FFF7FDFE414681463800FFF7A0FD44
:10DAA000002C0ED02868C8460028E9D12A00290099
:10DAB0003800FFF7EDFE0023286005000360E0E773
:10DAC000C1464846C0BCB946B046F8BD174B013AFE
:10DAD0009200D2580023FFF7A9FD8046C0E710202E
:10DAE000FEF71CFB061EF86119D00023436083601B
:10DAF0000360C36001213800FFF72CFD051E07D02D
:10DB00000B4B4361012303610023B0600360AFE767
:10DB100046212A00074B0848FF31FFF7F5FCB421E6
:10DB20003200064B0448FF31FFF7EEFCB002011053
:10DB30007102000050FC001088FD0010B0FC0010C5
:10DB4000F8B557464546DE464E46E0B50D00531142
:10DB500098462B69824643449B465C1CAB68170081
:10DB600049689C4203DD01315B009C42FBDC50466E
:10DB7000FFF7F0FC061E4DD014239C464246844419
:10DB80006346E146002A0ADD9000020000211432BB
:10DB9000B21802C39342FCD1CC468444E1461F2212
:10DBA0002B001000296914338900591838403A4273
:10DBB0002AD00132121A9046CC4600271A688240B9
:10DBC0003A43674604C74246BC4680CBD740994299
:10DBD000F4D82A0015320023914203D34B1B153B86
:10DBE0009B089B004B445F60002F00D0A3465B4620
:10DBF000504629003361FFF7F3FC3000F0BCBB4610
:10DC0000B246A946A046F8BD484604CB04C0994296
:10DC1000FBD8ECE7EF213200024B03484900FFF745
:10DC200073FCC04650FC001088FD001010B5C646BD
:10DC300002690B6900B5D41AA4469A4218D114306F
:10DC40009A00143104008318891801E09C420FD215
:10DC5000043B043918680A689042F7D000239042C8
:10DC60005B4102205B421840012384465B429C4496
:10DC7000604610BCA04610BDF0B557464E4645461E
:10DC8000DE46E0B515000A692B6984460E0083B0B4
:10DC9000D71A9A4214D1080029009A00143014317E
:10DCA0008318891802E0984200D38FE0043B0439BE
:10DCB0001A680C68A242F6D000D392E0012705E072
:10DCC000002FFBDB2B0000270D001E00604669685B
:10DCD000FFF740FC002800D18FE014221421914668
:10DCE0008C46A9442B693500C7604F46346984448B
:10DCF000A4009A004A44A04661461435CB468246A9
:10DD00000196002466469946944638002A00A844A5
:10DD1000009120C880CA29043B041B0C090CC91AB5
:10DD200009192D0C3F0C0B14ED1BED1809042C14D4
:10DD3000090C2D04294302C69045EAD8019E4B46A2
:10DD4000350015356246D94650460027A84504D30C
:10DD50004546AD1B153DAD08AF00009DAA46BA442F
:10DD60004F443E1D57460437BC462F004D46B04633
:10DD70007F1BB24239D9994682463B002000F718F2
:10DD800002CE0D042D0C2D192D140C0C09182D1973
:10DD900009042C14090C2D0429433960B242EDD832
:10DDA0004446013A121B920892004B465046624488
:10DDB00002E0043A1168013B0029FAD0036103B084
:10DDC000F0BCBB46B246A946A046F0BD0021604665
:10DDD000FFF7C0FB00280AD0012303610023436141
:10DDE000EDE72B0035001E0070E75246E4E7002205
:10DDF000054B06480649FFF787FB0022024B034804
:10DE00000449FFF781FBC04650FC001088FD00105C
:10DE100037020000450200000E4B0F4A0B409B18D2
:10DE20000022002B02DD1900100070475B4219151B
:10DE3000132903DC80231B030B41F4E714391E294B
:10DE400004DC80221206CA400023ECE700230122F2
:10DE5000E9E7C0460000F07F0000C0FCF8B50469A7
:10DE60000600A400CE46A1461436B14447464B46B0
:10DE7000884680B51F1F3D682800FFF77BFC2023E4
:10DE800041461A1A0A600A2828DD0B22524294469B
:10DE90008444BE4216D24F466246083F3968002A83
:10DEA00013D0981A0B009540C3401C4C1D432C43C3
:10DEB00023009140BE420BD24C460C3C2468C44027
:10DEC000214305E000210B2821D1144828430300F9
:10DED00008001900C0BCB946B046F8BD0B210B1AAA
:10DEE00098462B004246D34019000C4C21430B00AE
:10DEF00000218C46BE4204D24C46083C2468D440E3
:10DF0000A44629001530814060460143E0E763469E
:10DF10009D40024929430B000021D9E70000F03F52
:10DF2000F0B5C64600B5012182B016001F00FFF70C
:10DF300011FB8046002848D03B037D001B0B6D0D74
:10DF400002D08022520313430193002E19D101A85D
:10DF5000FFF742FC4246019B0124536143462030B7
:10DF60001C61002D25D035241B4BED182D18201ACF
:10DF7000089B1D60099B1860404602B080BCB846F3
:10DF8000F0BD68460096FFF727FC019C009B002827
:10DF900005D020222100121A9140C4400B43424672
:10DFA00053619461631E9C41434601341C61002D02
:10DFB000D9D10A4BC5180023E3189B0043441869C4
:10DFC000FFF7D8FB6401201AD2E70022044B054872
:10DFD0000549FFF799FAC046CDFBFFFFCEFBFFFFD7
:10DFE00050FC001088FD00100F030000F0B587B052
:10DFF0000E0004A90700FFF731FF04000D003000F8
:10E0000005A902940395FFF729FF3F69366900903F
:10E010000191BE1B7301059F049EF61BF618002E8E
:10E020000CDD360573190393029C039D2000009AB2
:10E03000019B2900F7F793FB07B0F0BD019B320568
:10E04000991A00900191F1E710B50400172809DD35
:10E05000002007490022074B013CF7F79EFB002CEC
:10E06000F8D110BD044BC4001B1903CBF9E7C0461F
:10E070000000F03F000024401003011094460139D5
:10E080004B11013361469B00C21863460969143382
:10E090008900591830B58B420BD2040020CB20C424
:10E0A0009942FBD86346CB1A153B9B089B00043072
:10E0B0001818824203D9002308C08242FCD830BD20
:10E0C0008C4601006346026910B514315811824232
:10E0D0000ADA92008B1803E0043B1A68002A13D175
:10E0E0008B42F9D8002010E08300CB188242F7DD84
:10E0F0001F226046644610402242F1D01A689446BE
:10E10000C24082409445EBD0012010BD002370B581
:10E11000074C050008001100236000F05FFD431C60
:10E1200000D070BD2368002BFBD02B60F9E7C04600
:10E13000DC15002010B500F041FD10BDF0B5C6465D
:10E1400000B50C228B5E80460C001A0754D4802246
:10E1500012011A438A814968002900DC6DE0E56AF2
:10E16000002D45D0414640460E6800210160DB0489
:10E1700068D401230022216AA847431C00D16EE025
:10E180000C23E25EE56A520706D56368C01A636B2A
:10E19000002B01D0236CC01A020000234046216AE4
:10E1A000A8470C22A35E421C4ED1424611681D298D
:10E1B00066D8354ACA40D20762D5344A1A40A2818D
:10E1C0000022626022692260DB0403D543461B689B
:10E1D000002B42D04346616B1E60002908D023000B
:10E1E0004433994202D0404600F0C9FC00236363E7
:10E1F000002080BCB846F0BD0E69002EF8D00D6836
:10E200000022AD1B0E609B0700D14A69A260002D61
:10E2100004DCEDE736182D1A002DE9DD2B00320065
:10E220004046216AA76AB8470028F3DC4022012053
:10E23000A38940421343A381DBE7216C002900DD61
:10E240008DE7D5E7606D9EE7104A1A40A281002253
:10E25000626022692260DB04BCD56065BAE7434690
:10E260001B68002B00D18BE71D2B06D0162B04D08A
:10E270004022A3891343A381BBE743461E60B7E74F
:10E2800040221343A381B4E701004020FFF7FFFFC2
:10E290000B6970B505000C00002B1AD0002802D0C5
:10E2A000036A002B17D00C22A35E002B11D0A26EA4
:10E2B000D20701D49B0511D528002100FFF73EFFAE
:10E2C000A36E0500DB0702D4A3899B050BD52800AC
:10E2D00070BD0025FBE7FAF76DF8E4E72000583041
:10E2E00000F017FCE8E72000583000F016FCEEE7DD
:10E2F00070B5041E2ED00369002B1FD0194B1D686A
:10E30000002D02D02B6A002B1BD00C22A35E002B09
:10E3100014D0A26ED20701D49B0516D52800210087
:10E32000FFF70CFFA36E0500DB0708D4A3899B054C
:10E3300005D42000583000F0F0FB00E00025280054
:10E3400070BD2800FAF736F8DFE72000583000F0FB
:10E35000E0FBE3E7044A05490548FCF77BF90500C3
:10E36000EDE7C046700C0020C00C002091E20010C8
:10E37000740C0020F8B506000F001400002802D02D
:10E38000036A002B3DD0A369A360A3891B071AD59C
:10E390002369002B17D022686169D31A99421EDDC8
:10E3A0000133FF25A1683D400139A160511C216066
:10E3B000177062699A421BD0A389DB0701D50A2D29
:10E3C00016D02800F8BD21003000FEF74BF90028D8
:10E3D00014D1236922686169D31A9942E0DC2100D3
:10E3E0003000FFF755FF002808D101232268D8E745
:10E3F00021003000FFF74CFF0028E2D001256D42DC
:10E40000DFE7F9F7D7FFBEE710B5034B0A000100BD
:10E410001868FFF7AFFF10BD700C002030B583B057
:10E42000069D034C0095E4256459A04703B030BD18
:10E43000CC0C002082B000290AD0002A0BD0002B7F
:10E440000BD013780B601078431E984102B07047D0
:10E4500001A9002AF3D10020F8E702204042F5E7A5
:10E46000F0B546464F46D646C0B58E6880460C008D
:10E4700017001D0008689E4239D80C228B5E90223E
:10E48000D200134210D135002A003900FCF756F8AB
:10E490000020A3689B1BA36023685B192360E0BC7A
:10E4A000BA46B146A846F0BD0969461A6069B24647
:10E4B00042001218D00F8218681C52108019914621
:10E4C000904201D9020081465B0512D511004046F9
:10E4D00000F027FB061E1FD052462169F7F764FEA5
:10E4E000A389124A134080221343A38106E01E0031
:10E4F000CAE7404600F033FB061E09D053464A46A1
:10E50000F0186261D21A266120602E00A260BBE77B
:10E510004046216900F033FB0C2342461360402241
:10E520000120A38940421343A381B8E77FFBFFFF8B
:10E53000F0B55746DE464E464546E0B5936883B093
:10E540000C0092460190002B6FD0136898460B6820
:10E5500045E00C21625E9021C9000A422CD060691E
:10E5600021695D1A43001B18D80FC3185B10994628
:10E570006B1C9B1948464B4501D9994618008023CE
:10E58000DB001A423AD00100019800F0CAFA071ED7
:10E590003ED02A002169F7F707FEA389284A1340D5
:10E5A00080221343A3814B4678195D1B2761A56028
:10E5B00037003500206063612A005946FBF7BEFF33
:10E5C00052465146A368DB1BA36092682368921BE6
:10E5D0005B1923608A60002A27D0082290444246B3
:10E5E0001268934642465668002EF6D0A768180077
:10E5F0003D00B742ADD937003500DDE70200019894
:10E6000000F0ADFA071ECED12169019800F0B7FAEB
:10E610000C23019A012013604022A3894042134336
:10E62000A38152460023936000E00020002352465D
:10E63000536003B0F0BCBB46B246A946A046F0BD4D
:10E640007FFBFFFFF0B54F464646D646C0B51C00DF
:10E650008B898146884615009CB01B0603D50B6943
:10E66000002B00D118E100232A0004AE736120338F
:10E6700073761033B37603941378904F002B00D148
:10E680009BE0140004E063780134002B00D1A3E088
:10E69000252BF8D1A51A944200D0A0E02378002BB6
:10E6A00000D18AE0012300225B42049205930022FC
:10E6B00000230692079300234332B354B36501331A
:10E6C0009A46013405E05346C01B83402C00134397
:10E6D0003360052238002178FEF72AF8651C32687D
:10E6E0000028F0D11300DA0602D543222021B154CC
:10E6F0001A0702D543222B21B15421782A2900D0B0
:10E7000078E0039A111D12680391002A00DA9EE056
:10E71000F26029782E2900D181E0694C0322200083
:10E72000FEF706F83368002805D04022001B82401F
:10E73000134301353360802229781A4208D06C29AE
:10E7400006D1934380221201134333606978013567
:10E7500040221A4208D0682906D19343C132FF32C1
:10E7600013433360697801357A2932D0742930D067
:10E770006A2906D1802332681B011343336069780C
:10E78000013506224F483176FDF7D2FF002864D0CC
:10E790004D4B002B53D003AA00923100424648460D
:10E7A0004A4BFBF73DF8431C07D073696A1C1B18E2
:10E7B00073611378002B00D063E743469B895B06A7
:10E7C00000D578E070691CB0E0BCBA46B146A846F6
:10E7D000F0BD69780135CBE7A51A9442EDD02B0046
:10E7E00041464846FFF73CFE0130E6D073695B19AD
:10E7F000736153E7080030382500092800D989E7FC
:10E80000F26893009B185B001A18F2606978013572
:10E81000080030380928F4D92E2900D07DE76B781C
:10E820002A2B23D1039B1A1D1B6803927360002BB4
:10E8300002DA01235B427360A97802356DE7072293
:10E84000039B00200733934308330393ADE7524201
:10E85000F2600222134333605BE703AA00923100A7
:10E8600042464846194BFEF7A9FC9CE7002373601B
:10E870006978013508003038092800D94DE71A00B9
:10E8800093009B185B001A187260697801350800C4
:10E8900030380928F4D940E7402100F042F94346D6
:10E8A00018601861002803D0402342465361DAE61D
:10E8B0000C234A4613600120404284E704FD001007
:10E8C0000CFD001010FD00102198001061E40010F4
:10E8D0000CB410B500249EB002910691094920ABFA
:10E8E00004910791084904CB059102A901931C9456
:10E8F000FFF7A8FE029B1C701EB010BC08BC02B043
:10E900001847C046FFFFFF7F0802FFFF0EB410B597
:10E9100000240C499FB0049107910B4921AB05914C
:10E920000A4904CB02900690086802A901931C943E
:10E93000FFF788FE029B1C701FB010BC08BC03B020
:10E940001847C046FFFFFF7F0802FFFF700C002042
:10E9500070B50C23CA5E05000C0096B0930707D56E
:10E9600023004733236023610123636116B070BD28
:10E970000E23C95E002931DB6A4600F0B1F8002899
:10E980002ADB80212800C900019E00F0CAF80C2271
:10E99000A35E00283DD0802213438022D200626112
:10E9A000F0223100120211400A008021A381206070
:10E9B000206189018A4234D10E23E15E280000F0F3
:10E9C0007DF80C22A35E00282BD003229343012262
:10E9D00013438022120119E00C23E25E80231340CE
:10E9E0005A425341F0225B429200134040331900D7
:10E9F00028001E0000F095F80C22A35E002808D025
:10EA00008022134300222060206166611343A381AA
:10EA1000ACE79A05AAD40322934302221343A381AD
:10EA20009EE780221201F1E770B50C001E000E2354
:10EA3000C95E150096B0002914DB6A4600F050F854
:10EA400000280FDBF022019B120213400B4A8020AA
:10EA50009B185A42534180220001D20033602A6041
:10EA600016B070BDA3891B0603D5002340220020E9
:10EA7000F4E7802200230020D200EFE700E0FFFF50
:10EA80000CB400B583B004AB04CB0193FDF70EFCCE
:10EA900003B008BC02B018470EB400B582B003AB97
:10EAA0000100054804CB00680193FDF7FFFB02B0AD
:10EAB00008BC03B01847C046700C0020002370B596
:10EAC000064C05000800236000F080F8431C00D0CD
:10EAD00070BD2368002BFBD02B60F9E7DC1500200C
:10EAE000002370B5074C050008001100236000F0FA
:10EAF0005DF8431C00D070BD2368002BFBD02B6059
:10EB0000F9E7C046DC15002010B5F5F746FE10BD4C
:10EB1000704710B500F008FF10BD10B500F034FFCD
:10EB200010BD70B50D000400F5F748FB290020006A
:10EB300000F010F90400F5F729FB200070BD70B556
:10EB40000D0016000400F5F739FB32002900200003
:10EB500000F0AAF80400F5F719FB200070BD70B5AD
:10EB60000D0016000400F5F729FB320029002000F3
:10EB700000F0D2FC0400F5F709FB200070BD70B571
:10EB80000D000400F5F71AFB2900200000F0DAFB65
:10EB9000F5F7FCFA70BD00207047000058220120F4
:10EBA000014B40421A607047DC15002058220120BA
:10EBB000014B40421A607047DC15002058220120AA
:10EBC000014B40421A607047DC1500205822024B6E
:10EBD00000201A607047C046DC1500205822012032
:10EBE000014B40421A607047DC150020582201207A
:10EBF000014B40421A607047DC1500200120404262
:10EC00007047704701207047704700207047002010
:10EC10007047002070477047012070477047002000
:10EC200070470020704700207047704770470020F1
:10EC300070470020704700207047704701207047E0
:10EC4000704700207047002070470020704700BECA
:10EC5000FDE70000074A1368002B01D1064B136043
:10EC600006491818884202D810601800704701231E
:10EC70005B42FAE7001B0020C822002000000420AD
:10EC800010B5EFF30583002B00D000BEF7F744FB6F
:10EC9000034C044B9C4200D310BD08CC9847F8E7C6
:10ECA000F4F9001008FA001010B50B0C140C002B2E
:10ECB00030D1002C44D18BB291B25943FFF731FFD0
:10ECC000041E1AD00300083B5A6803239A43043AEF
:10ECD000242A14D80300132A0BD9002303604360AD
:10ECE0001B2A10D900238360C360242A2BD0030081
:10ECF000103300221A605A609A60200010BD002173
:10ED0000F7F74CFAF9E70300002208331A605A605B
:10ED10009A60F2E7002C0DD194B289B292B24A43C4
:10ED20009BB26343110C5B18190C03D1190492B206
:10ED30001143C3E7FDF74CFC0C2300240360DCE720
:10ED4000231C8CB2E9E70022030002611833426100
:10ED5000CFE7C046F0B54E46DE46574645460C0066
:10ED6000E0B50B34814685B0162C21D8102900D986
:10ED7000CEE000F05DFD102418230221C44DEB18F5
:10ED80001A005F68083A974200D17BE103227B6852
:10ED9000B9689343FA68CA6091600121FB185A6808
:10EDA00048460A435A6000F04BFD38000830B3E093
:10EDB00007239C4300D5ABE0A14200D9A8E000F0B6
:10EDC00037FDF823FF339C4200D8BBE1630A00D132
:10EDD000A9E0042B00D984E1A3091900393398462E
:10EDE0003831DB00082252429446A94DEB189C446E
:10EDF0006346DF68BC4500D13EE18C46032619001E
:10EE000007E0F868002A00DB38E1814200D133E1F5
:10EE100007007B68B3431A1B0F2AF2DD61462A0004
:10EE20002F690832974200D123E103207B68834396
:10EE3000181B0F2800DD89E12A616A610028ACDA1D
:10EE40006A689446934A934200D929E1DA0858093E
:10EE500001238340604618438446D3005B199A68B7
:10EE60006860FB60BA609F60D76001208B1098409B
:10EE700060455FD8634603420AD103239943634642
:10EE800040000431034203D1400004310342FBD06F
:10EE90000323A8469C4683460D00E8004044060034
:10EEA000AA46F3680BE061465A688A43171B1900AB
:10EEB000DB680F2F00DD1FE1002F00DB33E19E42F6
:10EEC000F1D1534601339A4608369B07E9D1032214
:10EED00005E003680838013D834200D0D4E12A42AE
:10EEE000F7D14246594653688B4353605A46520005
:10EEF00093469A421DD8002A06D11AE0524604329F
:10EF000092465A46520093461342F7D05546C4E7FC
:10EF10000C234A461360002005B0F0BCBB46B24645
:10EF2000A946A046F0BD802340223F2190469B0089
:10EF300058E745460322AF687B6893430293A34298
:10EF400003D31B1B0F2B00DD85E0534B08200193DF
:10EF50001B6810331E1900F07BFC504BB246039324
:10EF60001B688046013304D0731E1B1842421340B5
:10EF70009A465146484600F079FC8346431C5FD0D0
:10EF8000029BFB18834200D9F8E001994A68524479
:10EF90004A6041460139834200D130E1039800685C
:10EFA000013000D135E15846C31A9B18019A5360CD
:10EFB0005A4607231000184003901A4200D1FAE085
:10EFC000DC46524601331B1A9C4462444344924639
:10EFD0000A409B1A194048466646E346884600F0B8
:10EFE00045FC431C00D12CE1831B43449A46019B02
:10EFF00001205A68594642445A6053460343A96067
:10F000004B60AF4212D0029B0F2B00D8C6E0072105
:10F01000029B0C3B8B4379680140052019437960C2
:10F02000F918486088600F2B00D912E10199CB6A6A
:10F03000934200D2CA6201990B6B934200D20A63D9
:10F040000323AF687A689A43131BA24200D2A6E05A
:10F050000F2B00DCA3E001222100134311433C19D4
:10F0600079604846AC60636000F0EAFB3800083025
:10F0700052E76B689C46F8E64146D0E6BA68D06035
:10F0800082608AE6DF680231BB4200D1C7E67DE6D6
:10F09000400E0020FF010000E0150020380E002087
:10F0A0005A0A042A64D9142A00D995E010005C3267
:10F0B0005B30D200AA18083A160092688846964239
:10F0C00003D170E09268964204D0032150688843CF
:10F0D0009842F7D84146D668FE60BA60B760D760FC
:10F0E000C3E6142B54D9542B7ED8230B19006F334D
:10F0F00098466E31DB0075E601200E004546091981
:10F1000004437460B4680835E36038439C60A960C8
:10F11000E9604860CD6048468D60B75000F090FBD4
:10F1200030000830F8E601200C008A1851680834D5
:10F130000143516022684846D3609A6000F080FB2A
:10F140002000E9E62300E108083317E60126391913
:10F1500034437C6029616961CA608A60320002437D
:10F160004A60F850484600F06BFB38000830D3E6A0
:10F170009A09100039323830D2009BE7AF4200D0F4
:10F180005EE741460198013942685244426005E712
:10F1900019005C3398465B31DB0023E64860484643
:10F1A00000F04EFBB7E60123801083406046184311
:10F1B0008446686090E71300424653440B40D31ADC
:10F1C000194048465E46884600F050FB431C00D07C
:10F1D0000AE7002398460AE7542A1ED81A0B1000A3
:10F1E0006F326E30D20065E7AA22520093421ED8D9
:10F1F000E30B1900783398467731DB00F2E50B42D8
:10F2000000D0CBE60120029BA968534403434B6026
:10F210000CE75A46039B1A60CAE6AA2040008242C5
:10F220001FD8DA0B100078327730D20042E7184A44
:10F2300093421FD8A30C19007D3398467C31DB0024
:10F24000D0E5039B083B53449B1B9A4600239846FA
:10F25000CDE6390048460831FFF791FC019B5A681A
:10F26000E4E60B4882420BD89A0C10007D327C30C9
:10F27000D2001FE7FE237F227E2190469B00B1E54E
:10F28000FE227E20920015E743465B682EE6C046CC
:10F2900054050000F0B5C646050000B580460820BC
:10F2A0000C0000F0D5FA0600280000F0C1FA224F49
:10F2B0003100BB685D6803239D4328001138001BA3
:10F2C0008019F5F7FFFF441E7443A64207DC0021B6
:10F2D000404600F0CBFABB685B19984206D0404626
:10F2E00000F0AEFA002080BCB846F0BD4046614256
:10F2F00000F0BCFA01300DD001222D1BBB68154374
:10F300000E4A5D60136840461B1B136000F098FABC
:10F310000120E8E70021404600F0A8FABA68831A05
:10F320000F2BDCDD064C05492468001B0860012119
:10F330000B435360D3E7C046400E0020E415002085
:10F34000380E0020F0B5C6460C00804600B50029F6
:10F350003FD000F06DFA210008394E6801253300D6
:10F360000320AB43CA1894465268824328003040B9
:10F37000070063488468644500D16FE064466260BA
:10F38000A41864682C40002F26D10E685D4F891B9D
:10F390009B198E68BE4254D0CF68F760BE60002CC7
:10F3A0001CD062461D434D601360574A93422CD8CF
:10F3B000DA085C090123A340446823434360D30077
:10F3C0001B189A68CB608A609960D160404600F053
:10F3D00037FA80BCB846F0BD002C0FD19B186246AE
:10F3E00001249268474D1C43CE18AA4258D0654666
:10F3F000ED68D560AA604C603360D6E7624635435D
:10F400004D601360404A9342D2D95A0A042A3DD82B
:10F410009A09140039323834D60086193268083E09
:10F420000325964203D14CE09268964203D050687F
:10F43000A8439842F8D8D668CE608A60B160D1609F
:10F44000C4E7002C33D1D218604663468068DB687D
:10F450001543C36098604D608A50B7E79A18002F33
:10F4600006D10B68C91A8C68D218CB68E3609C601F
:10F47000012313434B60254B81601B689342A5D841
:10F48000234B40461968FFF705FF9FE7142A13D95D
:10F49000542A1DD81A0B14006F326E34D600BCE704
:10F4A000D1609160CA608A604C6033608EE76246CA
:10F4B0001D434D60136089E714005C325B34D60055
:10F4C000ABE70123A410A340446823434360B3E7A0
:10F4D000AA246400A24205D8DA0B140078327734EB
:10F4E000D6009AE70B4CA24205D89A0C14007D3244
:10F4F0007C34D60091E7FE267E24B6008DE7C04618
:10F50000400E0020480E0020FF0100003C0E0020AD
:10F51000E015002054050000F0B545464E46DE4695
:10F520005746E0B580460D00914683B0002900D1D2
:10F53000B8E04C460B3400F07BF9162C60D8102450
:10F54000A14560D82F00083F796803230E00BB4611
:10F550009A469E43A64200DB80E0B81943680093B8
:10F56000B24B01939B68834200D1AEE00122009B25
:10F5700093439C46844463465B68134200D085E015
:10F580005246009B93439B199C4200DCEFE0012212
:10F590000A420DD139687A1A516800925246914355
:10F5A0005B189A469C4234DD73189A469C4234DDBF
:10F5B00049464046FFF7B5FA814600281CD0594617
:10F5C00001224B6893430200CB18083A934200D1C2
:10F5D000D3E0043E242E00D9D4E003002A00132EE9
:10F5E00000D9B5E0116819605168596092689A6055
:10F5F00029004046FFF7C3FA404600F021F93DE0FC
:10F6000007239C439CD50C23424613600023994654
:10F6100034E0C3688268D3609A6000990F008A68FA
:10F62000CB680837D3609A60321F242A00D999E04A
:10F630003B00132A09D92B688B606B68CB601B2AAF
:10F6400000D9BEE010310B0008352A681A606A68DC
:10F650005A60AA689A6056463D00009F01227B6866
:10F66000311B1340B8190F2921D833437B604368FD
:10F6700013434360404600F0E3F8A946484603B010
:10F68000F0BCBB46B246A946A046F0BD01230B42E2
:10F6900000D08DE75A461368D31A59680093534631
:10F6A000994381E71100FFF73CFA8146E6E73E19EE
:10F6B000234311437B607160310043680831134379
:10F6C00043604046FFF75BFAD4E752462000009BB8
:10F6D000103093439B19834263DAC90700D567E76B
:10F6E00039687A1A51680092524691435B189A46DB
:10F6F000984200DD58E70099CB688A68D3609A6029
:10F700000B00321F08339946242A76D8132A08D9C9
:10F710002B688B606B68CB601B2A73D810310B0091
:10F7200008352A681A606A685A60AA689A60009860
:10F73000019B01199960534601221B1B13434B6027
:10F740004368134023434360404600F079F895E74F
:10F750002B6803606B6843601B2E18D803000832C7
:10F7600008333FE729003800FAF7E8FE73E7C2687C
:10F7700081681E00CA60916070E703225B68934352
:10F78000F6186BE732002900FAF7D8FE30E7AB68CD
:10F790008360EB68C360242E1ED003001032103348
:10F7A00020E7019A3919916001221B1B13434B601A
:10F7B0007B684046134023437B6000F041F8A94634
:10F7C0005CE7AB6800990B61EB684B61242A0BD0B6
:10F7D0000B001035183338E72B691832036103002A
:10F7E000696918334161FDE62B6900998B610B0053
:10F7F0006A692033CA61183527E729001800FAF72B
:10F800009DFE94E7AB6800990B61EB684B61242A7D
:10F8100003D00B001035183383E72B6900998B61F7
:10F820000B006A692033CA6118357AE7400E002060
:10F8300010B50248FFF76DF910BDC04680120020D8
:10F8400010B50248FFF769F910BDC04680120020CC
:10F85000802310B55B01082801D1180010BDFCF70A
:10F86000B7FE16230360173BF7E7C046002370B5C9
:10F87000064C050008002360FFF7ECF9431C00D09C
:10F8800070BD2368002BFBD02B60F9E7DC1500204E
:10F89000F8B5C0460000000001B40248844601BC2F
:10F8A000604700BF1505002001B40248844601BC32
:10F8B000604700BF8502002001B40248844601BCB5
:10F8C000604700BFC10A002001B40248844601BC61
:10F8D000604700BFB108002001B40248844601BC63
:10F8E000604700BFD508002001B40248844601BC2F
:10F8F000604700BFC50A002001B40248844601BC2D
:10F90000604700BFDD05002001B40248844601BC09
:10F91000604700BFAD0A002001B40248844601BC24
:10F92000604700BFC10A002001B40248844601BC00
:10F93000604700BF5D01002001B40248844601BC5D
:10F94000604700BFAD01002001B40248844601BCFD
:10F95000604700BF4902002001B40248844601BC50
:10F96000604700BF990A002001B40248844601BCE8
:10F97000604700BF850A002001B40248844601BCEC
:10F98000604700BFD509002001B40248844601BC8D
:10F99000604700BFAD02002001B40248844601BCAC
:10F9A000604700BF8509002001B40248844601BCBD
:10F9B000604700BF1D010020516300107D630010EF
:10F9C000595200108D61001091590010D160001043
:10F9D0001964001099630010B9630010CD63001022
:10F9E000B5470010D5630010894800100963001066
:10F9F00061440010BD620010E53100107537001041
:10FA00006D3D0010B93E001070726573736564003F
:10FA100072656C6561736564005069636F2053653E
:10FA20007269616C00526173706265727279205004
:10FA300069005069636F000D0A00657869740053AE
:10FA4000797374656D20636C6F636B206F6620251E
:10FA500075206B487A2063616E6E6F74206265203A
:10FA600065786163746C7920616368696576656443
:10FA70000049525120737461636B206F7665726622
:10FA80006C6F77000A2A2A2A2050414E4943202AC7
:10FA90002A2A0A004E6F207370696E6C6F636B7355
:10FAA0002061726520617661696C61626C65004EEF
:10FAB0006F20757365722049525173206172652001
:10FAC000617661696C61626C65004861726477613E
:10FAD000726520616C61726D20256420616C7265B5
:10FAE00061647920636C61696D656400486172646A
:10FAF0002061737365727400556E68616E646C6525
:10FB0000642049525120307825780A0065702025FC
:10FB10003032582077617320616C7265616479209E
:10FB2000617661696C61626C650043616E27742067
:10FB3000636F6E74696E75652078666572206F6E8E
:10FB400020696E61637469766520657020253032A6
:10FB50005800000000000000000000006F3200109C
:10FB6000E933001071330010B1330010D5320010AA
:10FB70001533001081320010253500106532001059
:10FB800085350010E934001000000000D17100102C
:10FB90005172001075720010B57200105173001090
:10FBA0002974001000000000000000002BEC001081
:10FBB000000000002DEC00102FEC001033EC0010C2
:10FBC00037EC0010000000000000000003EC001003
:10FBD00005EC001009EC00100BEC00100FEC00100D
:10FBE00013EC0010000000000000000017EC0010F3
:10FBF00019EC00101DEC00101FEC001023EC00109D
:10FC000027EC001000000000000000003BEC00109A
:10FC10003DEC001041EC001043EC001047EC0010EC
:10FC20004BEC0010000000002E0000006E6600008B
:10FC3000696E697479000000616E0000494E4600EB
:10FC4000696E66004E414E006E616E00300000002D
:10FC500042616C6C6F632073756363656564656492
:10FC6000000000002F776F726B6469722F726570ED
:10FC70006F2F6E65776C69622F6E65776C69622F86
:10FC80006C6962632F7374646C69622F6764746F4C
:10FC9000612D6765746865782E6300000A000000B6
:10FCA000496E66696E697479000000004E614E000D
:10FCB0005245454E54206D616C6C6F6320737563C3
:10FCC00063656564656400002F776F726B646972A9
:10FCD0002F7265706F2F6E65776C69622F6E657716
:10FCE0006C69622F6C6962632F7374646C69622F34
:10FCF00064746F612E63000043000000504F53494D
:10FD000058000000232D302B20000000686C4C00B0
:10FD1000656667454647000065256C640000000085
:10FD20003031323334353637383941424344454631
:10FD300000000000303132333435363738396162F3
:10FD400063646566000000002C2066756E6374694C
:10FD50006F6E3A2000000000617373657274696F02
:10FD60006E2022257322206661696C65643A2066E4
:10FD7000696C6520222573222C206C696E65202514
:10FD800064257325730A00002F776F726B646972A4
:10FD90002F7265706F2F6E65776C69622F6E657755
:10FDA0006C69622F6C6962632F7374646C69622F73
:10FDB0006D707265632E63007A850010AA8400104E
:10FDC000AA840010AA840010AA840010AA8400103B
:10FDD000AA840010AA840010AA8400109A8500103A
:10FDE0009A8500109A8500109A8500109A85001057
:10FDF000AA840010AA840010AA840010AA8400100B
:10FE0000AA840010AA840010AA840010AA840010FA
:10FE1000AA840010AA840010AA840010AA840010EA
:10FE2000AA840010AA840010AA840010AA840010DA
:10FE3000AA840010AA8400109A850010AA840010D9
:10FE4000AA840010AA840010AA840010AA840010BA
:10FE5000AA840010AA840010AA840010AA840010AA
:10FE6000AA8400106C850010AA8400103C8C00103D
:10FE7000549000103E9000108E900010889000105A
:10FE80006C9000103E90001035000000CEFBFFFF8C
:10FE9000CB0300000100000000000000340000005F
:10FEA000CEFBFFFFCB0300000100000000000000BC
:10FEB000BC89D897B2D29C3C33A7A8D523F6493940
:10FEC0003DA7F444FD0FA5329D978CCF08BA5B2562
:10FED000436FAC64280668110000000000000000B9
:10FEE0000000000000000000000000000000000012
:10FEF0000000000000000000000000000000000002
:10FF00000000000000000000101112131415161755
:10FF10001819000000000000001A1B1C1D1E1F0005
:10FF200000000000000000000000000000000000D1
:10FF30000000000000000000001A1B1C1D1E1F0016
:10FF400000000000000000000000000000000000B1
:10FF500000000000000000000000000000000000A1
:10FF60000000000000000000000000000000000091
:10FF70000000000000000000000000000000000081
:10FF80000000000000000000000000000000000071
:10FF90000000000000000000000000000000000061
:10FFA0000000000000000000000000000000000051
:10FFB0000000000000000000000000000000000041
:10FFC0000000000000000000000000000000000031
:10FFD0000000000000000000002020202020202041
:10FFE00020202828282828202020202020202020E9
:10FFF00020202020202020202088101010101010F9
:020000041001E9
:100000001010101010101010100404040404040444
:1000100004040410101010101010414141414141DE
:1000200001010101010101010101010101010101C0
:1000300001010101101010101010424242424242D0
:100040000202020202020202020202020202020290
:100050000202020210101010200000000000000038
:100060000000000000000000000000000000000090
:100070000000000000000000000000000000000080
:100080000000000000000000000000000000000070
:100090000000000000000000000000000000000060
:1000A0000000000000000000000000000000000050
:1000B0000000000000000000000000000000000040
:1000C0000000000000000000000000000000000030
:1000D00000000000000000000000000070C90010D7
:1000E00024C8001070C90010EAC9001024C800100C
:1000F000E0C80010E8C80010E8C80010E8C8001008
:10010000E8C80010E8C80010E8C80010E8C80010EF
:10011000E8C80010E8C8001024C8001024C8001067
:1001200024C8001024C8001024C8001024C80010DF
:1001300024C80010DCC9001024C8001024C8001016
:1001400024C800109EC9001094C9001024C80010D3
:1001500024C8001030C9001024C8001024C80010A2
:1001600024C8001024C800100CC8001024C80010B7
:1001700024C8001024C8001024C8001024C800108F
:1001800080C9001024C8001024C8001024C8001022
:1001900024C800108AC9001024C8001024C8001008
:1001A00024C8001024C8001024C8001024C800105F
:1001B00024C80010DCC9001024C8001024C8001096
:1001C00024C800109EC9001094C9001024C8001053
:1001D00024C8001030C9001024C8001024C8001022
:1001E00024C8001024C800100CC8001024C8001037
:1001F00024C8001024C8001024C8001024C800100F
:1002000080C9001024C8001024C8001024C80010A1
:1002100024C800108AC900108CD2001078D20010B7
:1002200078D2001078D2001078D200109AD3001043
:1002300078D2001078D2001078D2001078D2001056
:1002400078D2001078D2001078D2001078D2001046
:1002500078D2001078D20010F0D20010AAD200108C
:1002600078D2001078D2001078D2001078D2001026
:10027000AAD2001078D2001078D2001078D20010E4
:1002800078D200107AD30010D0D2001004D300101E
:1002900078D2001078D200108CD2001078D20010E2
:1002A000D0D2001078D2001078D2001076D300108F
:1002B00005000000190000007D00000000000000A3
:1002C000BC89D897B2D29C3C33A7A8D523F649392C
:1002D0003DA7F444FD0FA5329D978CCF08BA5B254E
:1002E000436FAC642806C80A0080E03779C34143F5
:1002F000176E05B5B5B89346F5F93FE9034F384D8C
:10030000321D30F94877825A3CBF737FDD4F157537
:10031000000000000000F03F00000000000024404A
:1003200000000000000059400000000000408F4025
:10033000000000000088C34000000000006AF84090
:100340000000000080842E4100000000D0126341B4
:100350000000000084D797410000000065CDCD412A
:10036000000000205FA00242000000E8764837420B
:10037000000000A2941A6D42000040E59C30A242A9
:100380000000901EC4BCD64200003426F56B0C431E
:100390000080E03779C3414300A0D88557347643C5
:1003A00000C84E676DC1AB43003D9160E458E14326
:1003B000408CB5781DAF154450EFE2D6E41A4B449B
:1003C00092D54D06CFF08044F64AE1C7022DB544E0
:1003D000B49DD9794378EA44D02330B580240025F0
:1003E0001B061A68044BD2009B18640418685968ED
:1003F0000019694103C330BD9015002070B5D025A8
:10040000FF232D062B6500F0FFFC01242B6D2342FA
:1004100009D000F029FD054B9842F7D1044B1C7020
:100420001A78002AFCD100F037FD70BD2ED0DEC056
:100430009B210020D02300211B0630B51C780568C5
:10044000EFF3108372B62A68002AFCD0BFF35F8FE7
:10045000057902687F2D06D90471BFF35F8F1160A3
:1004600083F3108830BDBFF35F8F116083F3108872
:1004700020BFE4E7D02370B500251B061B785EB2D1
:100480000468EFF3108272B621680029FCD0BFF334
:100490005F8F042404570168B44201D0002C0ADAAB
:1004A0000371437901334371BFF35F8F00230B6006
:1004B00082F3108870BDBFF35F8F0D6082F31088E8
:1004C00020BFDDE7030010B50068EFF3108472B6BB
:1004D0000268002AFCD0BFF35F8F04229A56002ADC
:1004E0000CDAD0220120120612681A711B68BFF3C1
:1004F0005F8F00221A6084F3108810BD002901D19B
:100500000020F3E70A60FBE7F7B51F00D0230500E2
:1005100016001B061B6801932968EFF3108372B65F
:100520000A68002AFCD0BFF35F8F297900242A686B
:100530007F2908D901992971BFF35F8F146083F374
:1005400010880120FEBDBFF35F8F146083F3108815
:100550003000390000F078FC0028DDD02000F1E701
:10056000F8B50D00040000F09FFCFA2206000F0011
:10057000002392002800002100F04EFC02000B0036
:1005800092197B41002B02DA0122034B52422000D8
:10059000FFF7BAFFF8BDC046FFFFFF7F0168EFF32A
:1005A000108372B60A68002AFCD0BFF35F8FFF2267
:1005B00002710268BFF35F8F0021116083F310881E
:1005C00040BF704710B50168EFF3108272B60B6838
:1005D000002BFCD0BFF35F8F43790168013BDBB296
:1005E0004371002B08D1FF240471BFF35F8F0B60B0
:1005F00082F3108840BF10BDBFF35F8F00230B60F4
:1006000082F31088F7E70000F0B587B0019104008D
:100610004078023804281BD800F0C0FB03B312371F
:10062000B50001215A4B1A788A431A701A78491872
:100630008A431A7000225A7004211A788A4306E00D
:10064000534B1A78D20724D5042219780A431A701A
:10065000504B1D686969EFF3108372B60A68002A6F
:10066000FCD0BFF35F8FAB612100280000F0C4FB1A
:100670006A69AB69BFF35F8F0021116083F3108853
:10068000884206D0617820786CE0414B1A78D20716
:10069000D2D407B0F0BDAB4268D93F4B6A011B68AA
:1006A0009B18002B66D10135EDB23C4B1B781A1D0F
:1006B000AA42F0DA364F3B785B072CD504223B7810
:1006C00003AD93430021280008323B7000F0D4FBB7
:1006D00023782B7005236B702E4B1E687169EFF326
:1006E000108372B60A68002AFCD0BFF35F8FB36133
:1006F0002900300000F080FB7269B369BFF35F8F9F
:100700000021116083F31088884204D0697828782A
:10071000019A00F089FBFB78DB07BAD5237803AD9B
:100720002B7003236B7063686B601A4B1C686169E4
:10073000EFF3108372B60A68002AFCD0BFF35F8F14
:10074000A3612900200000F057FB6269A369BFF391
:100750005F8F0021116083F31088884200D198E7F1
:1007600069782878019A00F05FFB92E70C4AEB1A4F
:100770005B019B18DB69002B95D020786168984756
:1007800091E7002591E7074A1378013313705FE77B
:10079000A1210020B81900208C1600209C210020E7
:1007A00088FB0010B5220020084A10B51378002BF2
:1007B0000AD18023064807495B051C68C4500433EE
:1007C0008B42FAD10123137010BDC046B62200201F
:1007D000BC1900100001001010B5014B984710BD66
:1007E000BD190020002310B5011D064C9A001459B4
:1007F00001338C50062BF8D1A0235B051B680360E6
:1008000010BDC04604000240002330B5041D9A000C
:10081000A158054D01335151062BF8D1A023026890
:100820005B051A6030BDC04604000240F0B51425D7
:1008300018248DB0238800910700294928881600C4
:100840009847238801902749288898472388264974
:100850000290288898470390FFF7A6FF05A8FFF7A6
:10086000C1FF019B9847029B984780231F489B002C
:100870000268103C5340C022920013401C4AA44618
:100880001360C0223300520534001C430ED1C02334
:1008900002689B009343164A1360039B9847FFF737
:1008A0009BFF05A8FFF7B0FF0DB0F0BD6546022124
:1008B000946A25400C4208D0002E06D09C1B0D2CBB
:1008C00003D83C78013E14660137002DDCD0002BA4
:1008D000DAD00099146E013B0C7001310091D3E71E
:1008E0004946000045580000464300000C80014086
:1008F0000C9001400023190010B50948DA001218C5
:1009000001339160D1600F2BF7D1F02292000021CA
:10091000044800F0B1FA044B044A1A6010BDC04606
:1009200000001050441B0020041F002080011050C4
:10093000F0B500250126174B85B09F6D002F01D023
:10094000202D01D105B0F0BD3E421FD0124B6C08E6
:100950009E6501236400AB43E418104B6401E41866
:10096000200000F0FDF900280FD0E38AE021039376
:10097000002301A8A278C9000180012102714371FE
:10098000FFF742FE200000F083F9B74301357600FF
:10099000EDB2D3E70000115000301150041B0020CD
:1009A000624BF0B51D6880232C009B0285B01C4073
:1009B0001D422DD05E4B5F4C9A6A5F4B5F4F1A60B1
:1009C0000023E27E022A07D1A67E002E04D0237FD8
:1009D000002B00D0A0E033004034BC42F1D1002B0A
:1009E00007D1574B1B78002B03D18022554B920225
:1009F0001A60C0226946544B92009B6C80245B05B0
:100A00008A805B0D012101A80293FFF7FDFDA4027E
:100A100010231D4202D01C43FFF78AFF80235B0294
:100A20001D4235D00226494F1C43BB7E002B1AD0F5
:100A300000F02AFA012806D9454B434A1E66536E38
:100A40003340B342FBD1C02200213800920100F0B4
:100A500025F9380000F01CF900F016FA012802D937
:100A60003C4B5E661E660123FB7020379E4259D1C7
:100A7000C0236A46DB009380374A02AB03CA03C334
:100A8000310001A8FFF7C0FD8022324B92021A65A7
:100A900080235B011D4217D000272B4E1C4337607B
:100AA000FFF728FF80236A465B00938017720121BD
:100AB00001A8FFF7A9FD8022264B12031A65F36CEB
:100AC000DB0301D500F0C8F98023DB011D420BD008
:100AD0001C4380236A46DB009380012101A8FFF7B5
:100AE00093FD10221B4B1A6580231B021D420CD064
:100AF0001C43A0236A46DB009380012101A8FFF775
:100B000083FD8022134B12011A65AC420CD02100E8
:100B10001248694000F090F900232000237700F08C
:100B2000E5F858E7012680E705B0F0BD98001150C0
:100B300000400540241B0020EC1A0020241F002048
:100B40009E2100209030115000001150041B002005
:100B5000002011500030115000001050F8FA001021
:100B60000300F0B51A8B808A94B2844200D9021C2B
:100B7000DD7892B2801A988228008024461EB04107
:100B8000E40014434003204301246C40DC705C7893
:100B9000002C0BD1DD688E01AD191E69A2420FD168
:100BA0001C69A2181A618022120210439B8A002B32
:100BB00002D18023DB011843002900D00004F0BDDE
:100BC000375D2F550134E9E7074B1B6C9B0701D5B7
:100BD000002070478378DB09012BF9D1C07E0238F1
:100BE00043425841F5E7C0460000115010B5FFF7E9
:100BF000EBFF00280AD0064B064A9B6A064912689A
:100C00005B189B1A0020C6229A42404110BDC04684
:100C100000400540EC1A0020E0FCFFFF8368020062
:100C200030B51B68002900D01B0C9B05980D53782C
:100C3000002B08D1D38AC318D382138B834201D9E6
:100C40000023938230BDD3688901591800231469A9
:100C5000984206D1D38AC318D38213691B18136133
:100C6000EBE7CD5CE5540133F2E710B5040083688F
:100C700000211B68FFF7D2FF63681B685B0006D585
:100C8000238B834203D101212000FFF7C7FF10BD52
:100C900000238376036143617047000010B58368C9
:100CA000002901D01C682140002A15D08024E400CE
:100CB0001143224210D01A68224203D0817808489A
:100CC00000F0BAF8074A0A401A60074B1B6C9B07F2
:100CD00002D40C23033BFDD28368196010BDC046CB
:100CE0000CFB0010FFFBFFFF00001150436870B5C4
:100CF0000021802504001E68FFF732FF154B6D01AF
:100D00001A6C0543A378920719D4DB43DBB2DB09E5
:100D1000A28A002A19D0002B17D101212000FFF749
:100D20001FFF0D4B05433340A026F6051E436368A5
:100D30002A001E6000212000FFF7B0FF70BD7F2257
:100D400013405A1E9341DBB2E2E7044B1E4080235E
:100D50009B05EBE700001150FFFFFFDFFFFFFFAF38
:100D600070B5847E0500002C03D181780A4800F01C
:100D700063F8FFF77AFFAB8A002B07D02800FFF754
:100D800035FF041E04D0012300242B77200070BD02
:100D90002800FFF7ABFFF9E72AFB001002B4714609
:100DA00049084900095C49008E4402BC7047C046AE
:100DB00003B47146490840004900095E49008E4469
:100DC00003BC704703B47146490840004900095A02
:100DD00049008E4403BC70477047C04691400300F1
:100DE00090409C46203A9340194352426346D34078
:100DF000194370470000000001B40248844601BC5A
:100E0000604700BFF178001001B40248844601BC7D
:100E1000604700BFBD41001001B40248844601BCD8
:100E2000604700BF5961001001B40248844601BC0C
:100E3000604700BF7D65001001B40248844601BCD4
:100E4000604700BF1943001001B40248844601BC4A
:100E5000604700BF614D001001B40248844601BCE8
:100E6000604700BFE180001001B40248844601BC25
:100E7000604700BFE961001001B40248844601BC2C
:100E8000604700BF9D61001001B40248844601BC68
:100E9000604700BF3D81001001B40248844601BC98
:100EA000604700BF8D41001001B40248844601BC78
:100EB000604700BF654E0010010000000A000000FE
:100EC0001000000000000000000001000000000011
:100ED0000000000000000200000000000000000010
:100EE00000000300000000000000000000000400FB
:100EF00000000000000000000000050000000000ED
:100F0000000000000000FF000000000001B548687C
:100F100001318E460047704609380149884701BDB6
:100F2000BD46001000000000FFFFFFFFFFFFFF7F36
:100F300000000000000000000000000000000000B1
:100F40000000000010140020503300004C3300005B
:100F500054330000523300004D5300004D43000055
:100F60005334000043340000F521002010000C0031
:100F70000000000000000000000000000000000071
:100F800000000000FF000000740C002000000000C2
:100F9000B012002020130020901300200000000059
:100FA0000000000000000000000000000000000041
:100FB0000000000000000000000000000000000031
:100FC0000000000000000000000000000000000021
:100FD000000000000000000000000000030000000E
:100FE000B0120020430000000000000000000000DC
:100FF00000000000000000000000000000000000F1
:10100000000000004300000000000000000000009D
:1010100000000000000000000000000000000000D0
:10102000000000004300000000000000000000007D
:1010300000000000000000000000000000000000B0
:10104000000000004300000000000000000000005D
:101050000000000000000000000000000000000090
:10106000000000004300000000000000000000003D
:101070000000000000000000000000000000000070
:10108000000000004300000000000000000000001D
:101090000000000000000000000000000000000050
:1010A00000000000430000000000000000000000FD
:1010B0000000000000000000000000000000000030
:1010C00000000000DDC0001035E40010000000004A
:1010D000D8FF001028FC001054FD001054FD001033
:1010E00054FD001054FD001054FD001054FD00107C
:1010F00054FD001054FD001054FD0010FFFFFFFFD1
:10110000FFFFFFFFFFFFFFFFFFFF00000100415354
:1011100043494900000000000000000000000000FA
:10112000000000000000000000000000000041532B
:1011300043494900000000000000000000000000DA
:10114000000000000000000000000000000000009F
:10115000FFFFFFFF00000200000000000000000091
:10116000400E0020400E0020480E0020480E0020B7
:10117000500E0020500E0020580E0020580E002067
:10118000600E0020600E0020680E0020680E002017
:10119000700E0020700E0020780E0020780E0020C7
:1011A000800E0020800E0020880E0020880E002077
:1011B000900E0020900E0020980E0020980E002027
:1011C000A00E0020A00E0020A80E0020A80E0020D7
:1011D000B00E0020B00E0020B80E0020B80E002087
:1011E000C00E0020C00E0020C80E0020C80E002037
:1011F000D00E0020D00E0020D80E0020D80E0020E7
:10120000E00E0020E00E0020E80E0020E80E002096
:10121000F00E0020F00E0020F80E0020F80E002046
:10122000000F0020000F0020080F0020080F0020F2
:10123000100F0020100F0020180F0020180F0020A2
:10124000200F0020200F0020280F0020280F002052
:10125000300F0020300F0020380F0020380F002002
:10126000400F0020400F0020480F0020480F0020B2
:10127000500F0020500F0020580F0020580F002062
:10128000600F0020600F0020680F0020680F002012
:10129000700F0020700F0020780F0020780F0020C2
:1012A000800F0020800F0020880F0020880F002072
:1012B000900F0020900F0020980F0020980F002022
:1012C000A00F0020A00F0020A80F0020A80F0020D2
:1012D000B00F0020B00F0020B80F0020B80F002082
:1012E000C00F0020C00F0020C80F0020C80F002032
:1012F000D00F0020D00F0020D80F0020D80F0020E2
:10130000E00F0020E00F0020E80F0020E80F002091
:10131000F00F0020F00F0020F80F0020F80F002041
:1013200000100020001000200810002008100020ED
:10133000101000201010002018100020181000209D
:10134000201000202010002028100020281000204D
:1013500030100020301000203810002038100020FD
:1013600040100020401000204810002048100020AD
:10137000501000205010002058100020581000205D
:10138000601000206010002068100020681000200D
:1013900070100020701000207810002078100020BD
:1013A000801000208010002088100020881000206D
:1013B000901000209010002098100020981000201D
:1013C000A0100020A0100020A8100020A8100020CD
:1013D000B0100020B0100020B8100020B81000207D
:1013E000C0100020C0100020C8100020C81000202D
:1013F000D0100020D0100020D8100020D8100020DD
:10140000E0100020E0100020E8100020E81000208C
:10141000F0100020F0100020F8100020F81000203C
:1014200000110020001100200811002008110020E8
:101430001011002010110020181100201811002098
:101440002011002020110020281100202811002048
:1014500030110020301100203811002038110020F8
:1014600040110020401100204811002048110020A8
:101470005011002050110020581100205811002058
:101480006011002060110020681100206811002008
:1014900070110020701100207811002078110020B8
:1014A0008011002080110020881100208811002068
:1014B0009011002090110020981100209811002018
:1014C000A0110020A0110020A8110020A8110020C8
:1014D000B0110020B0110020B8110020B811002078
:1014E000C0110020C0110020C8110020C811002028
:1014F000D0110020D0110020D8110020D8110020D8
:10150000E0110020E0110020E8110020E811002087
:10151000F0110020F0110020F8110020F811002037
:1015200000120020001200200812002008120020E3
:101530001012002010120020181200201812002093
:101540002012002020120020281200202812002043
:1015500030120020301200203812002038120020F3
:10156000000000000000000000000000000000007B
:10157000000000000000000000000000000000006B
:10158000000000000000000000000000000000005B
:101590000100000000000000010000000000000049
:1015A000000000000000000001000000000000003A
:1015B0000100000000000000010000000000000029
:0400000510000000E7
:00000001FF
