:020000041000EA
:1000000000B5324B212058609868022188439860DF
:10001000D860186158612E4B002199600221596106
:100020000121F02299502B49196001219960352056
:1000300000F044F80222904214D00621196600F024
:1000400034F8196E01211966002018661A6600F04E
:100050002CF8196E196E196E052000F02FF8012189
:100060000842F9D1002199601B49196000215960AB
:100070001A491B48016001219960EB211966A021F2
:10008000196600F012F800219960164914480160C1
:100090000121996001BC002800D000471248134993
:1000A000086003C880F30888084703B5996A0420EC
:1000B0000142FBD001200142F8D103BD02B5186610
:1000C0001866FFF7F2FF186E186E02BD00000240BE
:1000D000000000180000070000035F00212200005C
:1000E000F4000018222000A00001001008ED00E03C
:1000F00000000000000000000000000074B24E7A12
:1001000000200420E3010010CB010010CD010010FD
:10011000C9010010C9010010C9010010C901001077
:10012000C9010010C9010010C9010010CF01001061
:10013000C9010010C9010010D1010010D301001045
:10014000C1010010C1010010C1010010C101001067
:10015000C1010010C1010010C1010010C101001057
:10016000C1010010C1010010C1010010C101001047
:10017000C1010010C1010010C1010010C101001037
:10018000C1010010C1010010C1010010C101001027
:10019000C1010010C1010010C1010010C101001017
:1001A000C1010010C1010010C1010010C101001007
:1001B000C1010010C1010010C1010010C1010010F7
:1001C000EFF30580103800BE00BE00BE00BE00BECA
:1001D00000BE00BE00202149086006C881F30888DF
:1001E00010471F480068002801D00020F3E70DA445
:1001F0000ECC002902D000F012F8F9E719491A4A8A
:10020000002000E001C19142FCD1184988471849FB
:1002100088471849884700BEFDE701C901C29A42D4
:10022000FBD3704778020010C00000202423002078
:10023000DC24001030230020842600203028001009
:1002400000000420000004203028001000100420CA
:1002500000100420000000007047000008ED00E0DE
:10026000000000D084260020F02A0020392200203F
:10027000090100208D020020B0B500AF054B064AF1
:100280009A60054B1D68054B1B681C002B009D46A2
:10029000A047C04600ED00E0003000100430001020
:1002A00080B500AF00F016F803001A000123534098
:1002B000DBB2002B01D0FFF7DFFFC046BD4680BD9B
:1002C00080B582B000AF7860396000F04FF8FFF77A
:1002D000D3FF0000104B114A1B6812681B6812689C
:1002E000002010B5934215D080211800D21A490180
:1002F00000F016F900280DD009490A4800F060F90D
:10030000002807D008220849064802F083F8434233
:100310005841C0B210BDC046F4250020F025002091
:10032000B827002004FA0320B82400200D4B012038
:1003300070B5002201269C460B4D40420821AB5C63
:1003400058400300644633405B4223404008013973
:1003500058400029F5D1A32301329B009A42EDD1E8
:10036000C04370BD2083B8ED04FA032070B586B099
:10037000FFF7DCFFA323314C9B00E35883425BD1A2
:10038000A368002B58D000238026019376012B4BC5
:10039000019A9B689A4209D3294B186800F0B8F873
:1003A00000216422080001F027FEFEE7E368012B2C
:1003B00011D12000103000F02BF900283CD0206D26
:1003C00000F0A0F9002837D0656DA36D0093002DD3
:1003D00006D100F0AAF9019B503401330193D6E70E
:1003E0000295B54200D90296029800F061F9039097
:1003F000002821D03200009902F00CF8002814D017
:10040000EFF3108372B6F0220593009B12069B183F
:1004100018003100049302F0A9F8320003990498FF
:1004200002F0E6F8059B83F310888022029B5201BC
:10043000ED1A009B9B18C9E706B070BD04FA0320B3
:10044000B8270020FEE7FEE70020704770B5094C92
:10045000094A236810684B43C018EFF3108572B641
:10046000F0231B062168C01802F080F885F310887D
:10047000002070BD84260020B42700200A4810B553
:1004800000680A4C4843821820688018EFF31084F3
:1004900072B6F022120680181900029A02F0A8F82B
:1004A00084F31088002010BD84260020B42700208B
:1004B00010B50C00074908480968614389180268AB
:1004C00018005118029A01F08BFF044B00201C60A9
:1004D00010BDC04684260020B4270020DC26002062
:1004E000802370B5074C05002200046006495B01BB
:1004F000064801F01BF82B6824185A1C6C602A600F
:10050000187870BD04E7032088260020E02600202C
:1005100010B501000148FFF799FF10BD60270020CA
:10052000F8B51C4B0D0018601B4B1700196080229A
:1005300000211A4801F04EFF194C542200212000DE
:1005400001F048FF174BE5616360174BA360174B41
:10055000E360174B236180235B006361A361002D7F
:1005600004D02900380001F07BFE050010236362EF
:10057000F033A362E3620F4B210063630E4B074825
:10058000A3630E4B2562E36300F0EEFDC043C00F92
:10059000F8BDC046B427002084260020E0260020B5
:1005A00060270020F9020020C502002095020020EB
:1005B0009102002004F9032004F8032004F703202B
:1005C000F0B50F4B99B006000D0000930D4A0123C2
:1005D0000D4803A900F0F6FE002802DA002019B049
:1005E000F0BDA427BF003B003200074803A900F07C
:1005F0009DFFB842F2D1054B01201B682B60EEE74E
:1006000004260020C1240020E0260020DC26002053
:10061000F0B500271F4B87B003931F701E4B0200DD
:1006200000931E4901231E4800F0CCFEB8422BDB8C
:1006300005AC022322001949194800F077FF02286F
:1006400022D11649164801F079F823781F2B02D1E0
:1006500063788B2B02D0012007B0F0BD01F09AF92E
:100660008022104C104B2000104912022760676056
:10067000A36001F090F9200001F001FB002805D0F3
:100680000649074801F05AF80020E5E70123039ADC
:100690001370E0E7EC2A0020F825002088260020CF
:1006A000E0260020005203202903002004670320D5
:1006B0000F4B70B51B7805000E4C002B0BD12B0097
:1006C00022000D490D4800F031FF281A43425841DD
:1006D0004042204070BD0A48651944618461C5618B
:1006E00001F068F903000020012BF3D82000F1E7A6
:1006F000EC2A00200457032088260020E026002052
:100700000052032070B5802604007601002C01D130
:10071000012070BD2500B44200D935002800FFF744
:10072000C7FF0028F5D0641BF0E7704710B50B68D1
:1007300004689C4201D1002010BD4068496888428D
:10074000F9D08C42F7D0181A431E9841F4E783057C
:100750009B1501335A42534118188005800D04300F
:1007600070470200836A2832002B03D08B4202D1EB
:100770001B68136070471A001B68F5E7F0B58BB073
:10078000109E0493129B0992F218836E0C00DB6991
:1007900006909A4205D8C36E002B20D0049A93424B
:1007A0001DD8542040420BB0F0BD6168A5684D19BA
:1007B000AE4248D28E4217D3129BAD1B9D4200D948
:1007C0001D00E368711A59182A00119801F008FEFB
:1007D000119B76195B191193129B5B1B1293129B51
:1007E000002B2CD11298DEE7129B8F1B9F422BD936
:1007F0001F0029E0049B2360059BF31A08936360A4
:10080000099B5F1E039BFF18BF191900380001F0F8
:1008100027FDEB697F1A9F4200D91F00059BAA6A3A
:100820009B1BFF18974200D91700A760009728006C
:10083000E368089A0499079DA8470028B3D1236864
:10084000049A9A42B1D0129F069B30009D6E6B694C
:100850001900039301F004FD6B68099A0793129B3A
:1008600005919342C6D30029C4D1039B129A9342A7
:10087000C0D81900380001F0F3FC7B1A280005915C
:10088000039300933200119B0499079DA847002809
:1008900000D088E7039A119BB6189B181193059B0B
:1008A000129ADB1BD31899E7F0B5036886688DB000
:1008B0008905050006938F0DBE4200D93E00002435
:1008C00013680793536808936B680993A64206D888
:1008D000AB680020BB4221D0BB4240411DE0321B2F
:1008E0000592082A01D908230593059B06990293CE
:1008F0000AAB0193089B08001B190093079BFFF7A5
:100900003DFF00280AD1099B059A19190AA801F090
:1009100081FD002804D0C043C00F01300DB0F0BDF0
:10092000059BE418D2E7F8B5C7690C68083F0E00CC
:100930000020BC4215D33900200001F091FC0138A1
:1009400001F088FC023080003900201A01F088FC98
:10095000050001F07FFC8000241A28006F43E41B8F
:100960003460F8BDF0B50C001500496B85B0002B64
:1009700007D05518012B04D00D00022B01D1E56AD8
:100980005519436FAB4232D32E008D4220D0236BDA
:1009900000935B0329D5876EE26BFB699A421AD0FC
:1009A0000291380002A9FFF7BEFF03A901903800A9
:1009B0000395FFF7B8FF019B83420CD1636C039A48
:1009C000934208D8A16C5B189A4204D26563E26333
:1009D000300005B0F0BD009BDB0202D401235B4276
:1009E0002364044B009A1A4022636563F0E71626DD
:1009F0007642EDE7FFFFFBFF10B50C00826AFF2196
:100A0000E06801F0E7FC01235B42236010BD0000B9
:100A1000F0B59FB01393C36E06000F000592002B34
:100A20000BD01268934204D85424644220001FB0B3
:100A3000F0BD059A52689342F6D9002516AB16957B
:100A400017950693079504220292069AAB0001922D
:100A500000220092059A3100D35830000422FFF79B
:100A60008DFE041E62D003005433DFD1069B043395
:100A70000693012D58D1079B05999A00059B9B5819
:100A80003B60079B5B192B400D939B00CB587B6011
:100A900016ABD358BB600023FB6002331193033BBA
:100AA0000793BB4B18AA11CB11C2390001200422B5
:100AB0000831404200F04CFE079B012505930023BE
:100AC000149010930F9309936D4208932800FFF739
:100AD0003EFE089BB26E1B1808930423029315ABCD
:100AE0000193089B3100009330003B68D269FFF707
:100AF00045FE041E26D02300543397D10025FB6801
:100B00000693002B00D04FE13B687A687B600D9B19
:100B10003A609B0016AA9B58BB60119B012B00D129
:100B200082E701231193BCE701258CE70123069A94
:100B30006B409B0016A912685B58D31A834295DD5F
:100B4000079593E70422149815A900F001FE159B60
:100B500014901BBA6B4006931593A34209DAF02355
:100B60002D0DDB001D408B4BED186B425D41EDB24E
:100B7000C5E70698FFF7EBFDB36EDB690C93089BA6
:100B80000C9AC318934200D9FFE0F021A0223B68E1
:100B9000C9001293089B250004330B93069BD200D7
:100BA0001B0D0B40011F0E91934254D1042302935D
:100BB0001CAB01930B9B310000933000129B0C9AED
:100BC000FFF7DCFD041E96D11C9A149B9A4295D126
:100BD000159B069A1B0DDB075A40069214A90422A6
:100BE000F06A00F0B5FDF0621598FFF7B0FD089BC4
:100BF000C018069BF8603B61099BBB82189BBB61D8
:100C0000199BFB610F9BFB7501235B421493059BB2
:100C10000793069D5AE70E9B5B1B0A93082B01D98D
:100C200008230A930C9B31005A1B0A9B3000029345
:100C30001CAB01930B9BEB180093129BFFF79EFDDF
:100C4000041E00D057E70A9A14981CA900F080FDF2
:100C50000A9B1490ED180E9BAB42DCD8159BE0214B
:100C60001D0D2A00C9000A400D421DD1099A1B031F
:100C70009B0D9A4201D8013309931599249B139D2A
:100C8000139A4B401D401A42C3D13B6827981C93CE
:100C90000B9B1CAA1D93269B9847041E58DA030041
:100CA000543300D12BE7C1E68021C9008A4220D10C
:100CB000099A6DB2521992B237490992059A1140B8
:100CC000364A0A43934205D18023059A1B061A43EC
:100CD0000592D2E7059A0132CFD0059A1B03120381
:100CE0009B0D920D9342C8D8059BAD02EB1805935E
:100CF000C3E7C0213B68C9008A4212D10821B26E05
:100D0000029118A901910B9930000091D26931002C
:100D1000FFF734FD041E00D0EDE601231D400F95C2
:100D2000ABE71F4A6D056D0D9542A6D10821B26E45
:100D300002911AA901910B9930000091D2693100FA
:100D4000FFF71CFD543000D1D8E60123109394E73F
:100D50001599002801D105915BE7059B114A4B408D
:100D600013420FD0022800D053E7059B1A030B0350
:100D7000920D9B0D9A4200D24BE780231B060B433A
:100D8000059346E701235B42FAE72500B7E6C04634
:100D9000E024002000FBFFFF00FC0F000000F04FEC
:100DA000FF05000000FCFF7F0023BB759D4236D08D
:100DB000B46E0698A16901F053FA0D1E2FD1109B55
:100DC0008B422CD0E3690A933B680B931A9B0993DF
:100DD00001235B420893099BAB421AD9099B5B1B19
:100DE0000593082B01D9082305930A9B31005A1B50
:100DF000059B300002931CAB0193069B5B1900938B
:100E00000B9BFFF7BBFC041E25D00300543300D01E
:100E10000CE6089A1B9B9B1A5A425341BB75E02370
:100E2000F46BDB00220D1A4226D03000390040302E
:100E3000FFF77CFC00281FD1079A24031203A30D9F
:100E4000920D9A4210D18024079B24061C43259BB7
:100E5000002B15D11FE0059A08981CA900F078FC1A
:100E6000059B0890ED18B6E7079901311CD007994A
:100E70000E480C189A4200D8079C259B002B07D0DF
:100E8000BA8A23039B0D934200D91300259A13803D
:100E9000002C00DBCAE5BA8A23039B0D00249A428A
:100EA00000D8C3E5023CC1E5079CD0E700FCFFFF8A
:100EB000F0B58BB00793CB68C46B0593E0230D6945
:100EC0000692DB00220D0F00049009951A4200D112
:100ED0007FE04030FFF72AFC002800D079E0069B35
:100EE0001B039B0D834200D173E0079B24031B036C
:100EF000A40D9B0D9C424AD09C42A441A40AA60288
:100F00002800FFF724FC059A031D93423FD8059B58
:100F100004991B1A05930423029309AB0193059BC3
:100F20000800009304223B68FFF728FC011E30D123
:100F3000099B069A1BBA6B405B005B08120309937E
:100F4000920D824219D0E0242A0D80211000E40085
:100F5000C9002040884210D10799881B01038C0DDD
:100F60002903890D8C4208D31C4908401C490143C0
:100F7000A9420CD052B292029619079A0699921B76
:100F80006A40114227D1AC05A315013304D10221D7
:100F9000494208000BB0F0BD129BA40D9C4200D941
:100FA0001C00119B059A0193109B049904339B1814
:100FB00002940093080022003B68FFF7DFFB011E4C
:100FC000E7D1129B1A1B119B181901F003FA711932
:100FD000DFE7002694E71D0092E7C04600FC0F0003
:100FE000000010401FB59C05A40D0294069C0194BE
:100FF00000240094FFF75CFF04B010BDF0B593B07F
:101000000D93036A15688B61436A0F00CB612B78DF
:1010100006900A92002B00D190E04B4C230D0B93CD
:10102000022B04D12800494901F03CFA2D18280070
:10103000464901F011FA0490012806D12B782E2B95
:101040000ED16B1C0793079DE8E7049B022B07D189
:1010500028003F49049A01F0DDF9002800D16DE035
:10106000049BEB181E00079301230593374B09934C
:10107000374B0C933000099901F014FA3618300000
:10108000099901F0E9F9089000281CD0012805D140
:1010900033782E2B13D1089BF618EBE7089B022B15
:1010A0000DD11A0030000C9901F0B4F9002806D1D6
:1010B000059B013B05938342EDD1B31CC2E7059B21
:1010C00001330593E7E72B78002B34D00A9B1D6092
:1010D0000B9B022B35D11F4A23039B0D93420DD04E
:1010E0001D4A1E4B224013433A0018320092390029
:1010F0001B4A0698FFF776FF041E1CDB3E001836DD
:101100000FAB0393174B069A02930D9B0F9201931B
:10111000F023049A39001192009206983200DB0500
:101120001095FFF775FC041E05DB00288BD1FB7DB5
:101130008342E5D1023C200013B0F0BD1624644286
:10114000F9E71424FBE7C04600FC2F00D024002060
:10115000D2240020FF03000000FC0F000800002044
:1011600000FC0F70F1060020F0B504000B6A99B086
:10117000E3664B6B0800A166E360002B03D08B6B2A
:10118000002B02D1E3610C20E1E0E3612100FFF7D5
:1011900033FC2100A06E1031FFF72EFCA16ECB6B4B
:1011A000002B01D16366EEE763660B6C002B5BD00E
:1011B00023674B6C002B00D1784B6367886C002849
:1011C00000D17748A0670B6D5A1C51D0002B0AD173
:1011D000CA6C8B6A002A49D0D208834200D9030026
:1011E000934200D913000125002620006D42E367D9
:1011F00031000C22A662E662256265623C3001F095
:10120000E9F8200031000C22303001F0E3F8200032
:1012100031000C22483001F0DDF831001C2210A80A
:1012200001F0D8F801231E00179304930595169B2F
:101230005A1C03D0179A511C00D0A6E0226BD30F82
:101240009B1823632200230030323C3323CA23C37C
:10125000E56EE06A290001F003F800206165A065F1
:10126000E065256619B0F0BDFF23A1E7CA69B3E7C1
:101270000023B8E7AB4203D105998A4200D18BE045
:101280000499B14205D1150000260499059349003F
:10129000049107AB0393434B434A02930023089204
:1012A00008220193414B099200932000404B16AA5B
:1012B00010A90794FFF7ACFB0028D3DB49D08005C9
:1012C0008015013045D0109B0AAF2362119B20008E
:1012D0006362374A374B009710A9FFF783FE002857
:1012E000C0DB0A990B0C022B30D189B201292DD811
:1012F000236B314A134001224A40520213432363B5
:101300000D9B002B03D0226F93421FD823670E9BA7
:10131000002B03D0626F934218D863670F9B002B9A
:1013200008D0A26F934211D8E26FA3679A4200D906
:101330001A00E267A36E0C9A196A002901D0914243
:1013400004D1E266DB690B9A9A4202D01620404231
:1013500088E70AAF2000194B194A009710A9FFF738
:1013600041FE002804DA831C00D07BE701365EE7EB
:10137000236B0A9A534023637A68636B5340636319
:10138000BA68A36B5340A363F0E705998B4200D082
:1013900070E7AA4200D073E75420D8E7FFFFFF7F31
:1013A000FE030000F1060020D52400200800F00F05
:1013B00000FCFF7F18001020FFFDFFFF0C00F07FF6
:1013C0000000F07FF0B589B00B6300234B63CB6363
:1013D000CB640B00079208330E9A03930A650B1D2A
:1013E0000C0007AA03990600FFF708FE051E12DA93
:1013F000831C2BD1474B079F19003800049301F041
:101400002BF804990590381801F04CF8059B3F180B
:10141000FB5C002B1AD10123A371B36A2360B46271
:10142000AB1C13D02B0D04931525012B49D1A28899
:10143000394B920213432200283200923000374A7F
:101440000399FFF7CFFD0027051E09DA21003000C0
:10145000FFF787F916E0226B04990A4215D101378C
:10146000236D9A689742F6D31B68E364002B27D05C
:101470002100B06E4031FFF7BFFA294A2B0D93428D
:1014800021D00025280009B0F0BD0C21C0207943EF
:101490005A68A388521891689B020B431178800008
:1014A0005268091809050B43009230001D4A039940
:1014B000FFF798FD0028D2DA831CD0D00500C5E7DD
:1014C0000C256D42C2E78023216B5B030B43236332
:1014D000002302226364B36EAD059B6A5242AD0DD8
:1014E000A262E5622264A364CCD0A2880E49920273
:1014F0008B4200D90B001A4380239B051343E26CF7
:10150000300000920399054AFFF76CFD051EB8DA1A
:101510009CE7C046D02400200800002000FC0F708B
:101520000102000000FCFF7FFE030000F0B597B051
:101530000C000A924A6BC96A070000208A4200D355
:10154000D7E08A1A08929A4200D90893089B06931A
:10155000069B002B01D10898CBE08022236BD2029E
:10156000134204D0BA6EE66BD269964215D180223E
:101570005203666B134200D08BE0A26AE36A1392B7
:101580001496002B4CD101221E005242A263E36349
:101590008022236BD20213432363BA6E0699D26969
:1015A0000992921B05928A4200D90591802252032A
:1015B000134200D19FE0059B099A9B199A4200D2E1
:1015C000B4E0230008331093A3885A4A9B021A43BD
:1015D0000A9B11920B93059B0793079B002B00D14D
:1015E00097E0E36C0F93236C023356D1616CA56CCA
:1015F0004D19AE4251D28E424FD3079BAD1B9D4237
:1016000000D91D000F9B711A59182A000B9800F081
:10161000E7FE0B9B76195B190B93079B5B1BDBE7C4
:101620002200BE6E4032013B15A93000099215938D
:10163000FFF779F914A905003000FFF774F9079056
:10164000139B0593079BAB4204D3059B149EA36396
:10165000E6639DE7079BE81A00F0F0FD060028000E
:1016600000F0F2FD1F239E1B864200D906000423D2
:10167000029313AB0193B300009304223800059B3F
:101680000999FFF77BF8002833D10123B340ED1A05
:10169000D6E702235B42A363DAE702235B422364BB
:1016A000BB6E30000D935B6919000C9300F0D8FD00
:1016B000731A0C9A0E936364099B11009D18013DE7
:1016C000AD19280000F0CCFD0D9B6D1A9B6A9D4260
:1016D00000D91D000F9BA56401930E9B3800009359
:1016E000154A119B10990295FFF7E2FB002800DBD9
:1016F00077E717B0F0BD2100059B009602930A9B87
:1017000038000193A36B099A4031FFF737F800289E
:10171000EFD1059A636B9B186363E36B9B18E363DC
:101720000A9B9B180A93069B9B1A10E75420404281
:10173000DFE7C0460000102000FCF7FF002310B5D3
:101740001A00FFF70FF9002800DD002010BD00008F
:1017500070B50F250A4C8A18914200D170BD0B78E4
:10176000060958402840800000591B094640734034
:101770002B409B001B59300958400131ECE7C04613
:10178000E8240020F0B50D0016000021202289B0C9
:10179000040000F01FFE2A00A81990420ED1002379
:1017A00069461A002380E05A5A5202331218202B3D
:1017B000F9D10022B24208D109B0F0BD137801324C
:1017C0005B00E15A0131E152E7E7A85C002806D04E
:1017D00040000B5A5F1C10335B000F52E252013283
:1017E000E8E70368426810B5934203D25A1C0260CE
:1017F000187810BD8368841D002B07D0E27F002A73
:1018000004D19847002801DBC0B2F2E70123002091
:10181000E377EEE7036910B55A1E04000261002B5E
:1018200004D1FFF7DEFF0723E0602361E06843088F
:10183000E3600123184010BDF7B5002517000190A3
:10184000A94204D0012426008E40B44201D3781965
:10185000FEBD0198FFF7DEFF604364002D18F4E73A
:10186000F7B500250B000F002C00203301908E1CD3
:1018700000930198FFF7CEFF009B9E420DD06D00B4
:101880002818358802362B19451B04D52418103426
:101890006400385BFEBD1C00EBE703204042F9E723
:1018A000F0B5D5B0039202220091FF320521050068
:1018B000FFF7C2FF0122052106002800FFF7BCFF49
:1018C0000422029011002800FFF7B6FF1322070040
:1018D000002104A800F07EFD0024BC4218D10024A1
:1018E0001322009804A9FFF74DFF029BF318019300
:1018F000019B9C4217D304AC320021000098FFF7F3
:1019000041FF0398029AA119FFF73CFF002012E063
:10191000002203212800FFF78FFF1D4B04AA1B5D47
:101920000134D054D9E728000099FFF799FF002827
:1019300003DA0320404255B0F0BD112820D0122810
:1019400022D0102818D1002CF3D02300413304AA50
:10195000FF339B1802210322423BFF3B1F782800E4
:10196000FFF76AFF019B20189842E2D804ABA0421F
:10197000BED0E7540134FAE704AB18550134B7E799
:10198000032211000027EAE70B220721FAE7C046ED
:10199000282500207047002310B5841DE37701241B
:1019A00064420361C3628462C2638163036403634C
:1019B00010BD0000F8B50400A36A013375D1200002
:1019C000A56AFFF727FF0022E06202212000FFF74F
:1019D00033FFA062012800D0CBE085426BD021000C
:1019E00000230831A21DD38702318B87CB870231B8
:1019F000CB870231CB8740310B804B8023001821ED
:101A000052331980803159802839998021008023F0
:101A1000183064315B00FF300B8001339BB2023120
:101A20008342F9D1200000239430590043520133FE
:101A3000902BFAD1D7218C204900400050521A2017
:101A40000231FF3050520231013050521C2002311D
:101A5000FF3050520231013050521E200231FF300F
:101A6000505202310130505220200231FF3050528A
:101A70002200C532FF32BC39138001339BB20232DF
:101A80008B42F9D1A922002320219200A352A2184F
:101A9000518153809380D3801381B1229200A11889
:101AA0005A008B520133202BFAD1A66A002E6FD038
:101AB000013E012E69D8236B002B38D12100200074
:101AC0004431FFF7CDFEA31DDB7F002B5DD1FF2846
:101AD00000DC7FE080235B00984200D1A5E0023863
:101AE000FF381C2851DC554B4200D25A544B195C2C
:101AF0002000FFF7A1FEA9239B002063E11820002E
:101B0000FFF7AEFE1D2840DC4E4B4200D25A4E4B32
:101B1000195C2000FFF790FEA36B002B75D0E26BE1
:101B2000904200D987E0236C1B1A6BD46363A16BCE
:101B3000A369626B002972D0581CA0618A5C1A707C
:101B4000A36B002B0BD0226C616B501C2064595C82
:101B50009954226CE36B9A4201D100232364636B96
:101B6000E26B0133934258D06363236B013B2363E1
:101B700041E0022899D1A92321009B002000E2180E
:101B80004431FFF78DFE00288FD00320404251E002
:101B9000206BB04217D12000FFF723FE0500200084
:101BA000FFF71FFE000245192000FFF71AFE07008D
:101BB0002000FFF716FE254B0002C01943409D424E
:101BC000E3D1681C26610138206300282DD0200055
:101BD000FFF707FEA3695A1CA2611870A26B002AC6
:101BE00009D0236C591C2164D054226CE36B9A42B7
:101BF00001D100232364A269E3699A4200D2DBE6A3
:101C0000002017E0D218626391E7A36962699B1A0A
:101C10009842BAD84042606389E70023A4E79A5CFF
:101C20001A70A3690133A3619FE7E36A002B00D117
:101C3000C5E60120F8BD0520A8E7C046962500208E
:101C4000D22500203C25002078250020FFFF000041
:101C500070B505000C00002C00D170BD2800013CBF
:101C6000FFF7BFFDF7E770B50400FFF7BAFD050009
:101C70002000FFF7B6FD0002284380B270BD70B5AA
:101C80000400FFF7AEFD1F2804D12000FFF7A9FDD7
:101C90008B2802D00320404270BD2000FFF7A1FD39
:101CA0000828F7D12000FFF79CFD05001F28F1D878
:101CB00006212000FFF7CCFF6B0706D52000FFF7B9
:101CC000D2FF01002000FFF7C3FF2B0704D520003F
:101CD000FFF787FD0028FAD1EB0604D52000FFF7B7
:101CE00080FD0028FAD10226354202D02000FFF7FD
:101CF000BAFF631DDE7701235B4200202362CBE73E
:101D0000044B0548054A1900043308609342FAD190
:101D10007047C04600E400E08080808020E400E05E
:101D2000044A1078431CDBB2172B00D91023137020
:101D30007047C046102600200021044B044ABFF320
:101D40005F8F02C39342FAD17047C046000100D0B2
:101D5000800100D0024BC918890001607047C0465D
:101D60004000003410B50400FFF7DAFF0100200046
:101D7000FFF7F0FFFF232371BFF35F8F10BD10B596
:101D80000400FFF7CDFF01002000FFF7E3FFFF2372
:101D9000A380BFF35F8F10BD10B50848084B984271
:101DA00000D310BD040003680834002B03D0FFF7F4
:101DB000E6FF2000F2E7FFF7D5FFFAE74026002014
:101DC00048260020142310B5010018889B889847E6
:101DD00010BD162310B5010018885B88984710BD08
:101DE000F8B50F00040000260125BE4201D12800ED
:101DF000F8BD2068FFF7E6FF01C4431E9841013695
:101E00000540F2E7F7B50C2444430193244B0092BC
:101E1000E4186368089A05000E00934200D26260DD
:101E2000C0232F1F9B01FFB2E318012F27D8012EDB
:101E300025D103221A60A3683342FCD0009B22689C
:101E40005B015340E022134080225201A350012F36
:101E500009D80321236873400B40A3500123B340EA
:101E6000A2681342FCD0802380229B011201E25021
:101E7000089B019A63600B4BAD00EA50F7BD8022CE
:101E800012011A60074BAA00D1580029D6D0586910
:101E900000F0E6F9431C032058430338FDD2CDE798
:101EA00000800040BC28002073B50D000699040096
:101EB0001800160000F0D4F9069A03001202290057
:101EC000009220003200FFF79DFF73BD13B5802400
:101ED00064000094FFF796FF13BD0000014B8000E3
:101EE000C0587047BC280020F8B504001F481700F0
:101EF0001E000D0000F0B4F90100380000F0B0F948
:101F0000069A3304120313432268002A0FDA3F2192
:101F100022680A40AA420AD1A2681205120D824222
:101F200005D1EE21E268C9020A409A421CD0104A4B
:101F3000104EA1184A42514101220C318A400E49EB
:101F40000A600E490A60170031688F43391EFAD1C2
:101F50000B4A2131A2182560A06011602168002978
:101F6000FCDAE36008231360F8BDC046001BB7002D
:101F70000040FDBF08C0004000E0004000F000400D
:101F800004300000024B1A68024B5A607047C0468A
:101F9000E4280020008005408022114BD20510B5B6
:101FA000104C1A60104A1460E022104CD204002930
:101FB00006D02260002805D180231B06236010BDB7
:101FC0001A60F7E7FA23DB005843094B094A9842A5
:101FD00000D918001060FFF7D5FF8023DB05EDE77F
:101FE00000B00540FCFF01000820014000A00540B2
:101FF000FFFFFF00E428002070B580240A4BE405B1
:102000001C600A4B00280DD00124094D04430948E7
:102010006540D8611D6259629C6200211000FFF783
:10202000BBFF70BDD861F8E700B0054000800540F7
:102030002D3FF84FD3C007B08023024A9B000B43CB
:10204000D362704700800540AA22064B12011A6035
:102050002132FF32DA600449044A11605A68002ACA
:10206000FCDA70470040024000B0FA000060024015
:102070007047000010B5044C044B9C4200D310BDC7
:1020800008CC9847F8E7C046482600208426002060
:10209000054B064A06491A60064B074A13601800AA
:1020A0000A689043FBD1704700E00040BFCDFBFEC3
:1020B00008C00040FE7F3C0000F00040044BDB6C99
:1020C000002B03D18022034BD2021A607047C04616
:1020D000000011504C201150044A054B1A60054A6B
:1020E0001368DB018033FBD17047C046FFFFFF015F
:1020F00000F0004008C000404022034B9A675A6736
:102100001A67DA667047C04600F0014010B5FFF765
:1021100013FE10BD70B50B490B4C0C4D641AA4088E
:102120002200302C00D930222800920000F058F90B
:10213000074B2F2C02D9074B9D6070BDA200AB50FE
:102140000134F6E700010010C0010010000000207B
:10215000C101001000ED00E0002373B5284DAB670E
:10216000FFF772FF0122274B1A606B6C012BFCD129
:102170000322254B1A60AC6B012CFCD102260525ED
:10218000210000960623214A2148FFF7ADFE2B00CF
:10219000210000951F4A2048FFF7A6FE31000022CB
:1021A00004201E4BFFF792FE2800210000221C4B4A
:1021B000FFF78CFE0022072011001A4BFFF786FE66
:1021C000002208201100174BFFF780FE8023002219
:1021D000DB00110000930920124BFFF765FE00227F
:1021E0000F4B11000620FFF771FE0420FFF776FE6B
:1021F0000D4900F035F801000020FFF71DFF73BD09
:10220000008000403CB0004030B00040002F6859D2
:1022100000800240008C864700C00240001BB700CF
:1022200040597307006CDC0240420F000148042152
:10223000014B184720260020291C0020014B5B6819
:102240001847000020260020014B9B68184700001B
:1022500020260020014B1B68184700002026002084
:10226000114A936F9B0813D210665166002905D05E
:10227000FFE7FFE7FFE7516F106F704704B50028D5
:1022800001D00020C04300F0C3F8002104BDC046C7
:10229000F0B5146E556E576F166FFFF7E5FF1466B5
:1022A000556657671667F0BD000000D0132370B560
:1022B0001C78114D012C0ED1002310499A000133D6
:1022C000A950202BFAD10D4BAB640D48FFF77AFDD6
:1022D0000C4B186070BD012CF5DD0B48FFF779FD44
:1022E00006000A48FFF775FD80223100280000F043
:1022F00077F8022CE9D1E6E7E828002059210020F0
:102300004C330000E82900205344000053460000ED
:1023100007B5604601880A0A0230DF2AFAD1C9B23D
:10232000820804D3028840880004104300E000685B
:10233000014A5050039007BDE8280020132310B530
:1023400010481C78FFF745FD0100012C13D10E4CFD
:102350005422200000F044F815230C4A9900013360
:102360006250202BFAD12262E2610948FFF72AFD70
:10237000084B186010BD012CF7DD8022024800F0E8
:102380002FF8F2E753460000EC290020E12100205D
:102390004C330000E829002007B5604601880A0A8E
:1023A0000230DF2AFAD1C9B2820804D302884088F9
:1023B0000004104300E00068014A5050039007BD3C
:1023C000EC29002001480421014B18473026002049
:1023D000291C0020014B1B681847000030260020F4
:1023E000014B5B6818470000302600207047000052
:1023F00010B5FFF73FFE044C044B9C4200D310BDC8
:1024000008CC9847F8E7C0468426002084260020A0
:102410007047C04630B50400032A18D90B000343A7
:102420009B070BD00023013A02E09A4211D00133FE
:10243000E05CCD5CA842F8D0401B0BE020680B6844
:102440009842EFD1043A04340431032AF6D8002A22
:10245000E8D1002030BDC04630B50C00017884467C
:1024600000291CD02578002D14D022002B0003E079
:1024700053780132002B04D08B42F9D16346C01A45
:1024800030BD417801300029EFD1F7E78378023081
:10249000002BF3D04378002BF8D10130EEE7002079
:1024A000EEE7C04630B50C000178844600200029D4
:1024B00012D025786046002D0CD022002B0003E0BE
:1024C00053780132002B05D09942F9D1417801307F
:1024D0000029F2D16346C01A30BDC046084A10B583
:1024E0001378002B0AD18023064807495B051C6836
:1024F000C45004338B42FAD10123137010BDC0467F
:10250000ED2A0020BC2700100001001010B5014B7F
:10251000984710BDBD270020002310B5011D064CB3
:102520009A00145901338C50062BF8D1A0235B0577
:102530001B68036010BDC04604000240002330B594
:10254000041D9A00A158054D01335151062BF8D1B5
:10255000A02302685B051A6030BDC046040002403B
:102560008023F0B5421807000E008DB05B049A423C
:1025700001D9FDF762FF14251824288823881549FE
:102580009847238801901449288898472388029007
:10259000124928889847238811490390288898472A
:1025A0000400FFF79BFF05A8FFF7B6FF019B9847C4
:1025B000029B98478022D823310038005202039DA5
:1025C000A847A047FFF7A2FF05A8FFF7B7FF0DB088
:1025D000F0BDC04649460000455800005245000085
:1025E000464300008023F0B517008DB08218060026
:1025F00000915B049A4201D9FDF71FFF14251824AE
:1026000028882388134998472388019012492888ED
:1026100098472388029011492888984723881049B1
:102620000390288898470400FFF758FF05A8FFF794
:1026300073FF019B9847029B98473A00300000992E
:10264000039B9847A047FFF761FF05A8FFF776FFB8
:102650000DB0F0BD49460000455800005250000042
:10266000464300005069636F204F5441006F74610E
:10267000636F6D6D616E642E62696E002F002E2E89
:10268000006C6974746C656673000000FFFFFFFFE7
:10269000FFFFFFFF000000006410B71DC8206E3B65
:1026A000AC30D9269041DC76F4516B6B5861B24D59
:1026B0003C7105502083B8ED44930FF0E8A3D6D6C3
:1026C0008CB361CBB0C2649BD4D2D38678E20AA02B
:1026D0001CF2BDBD10111200080709060A050B0403
:1026E0000C030D020E010F000100020003000400A4
:1026F0000500070009000D0011001900210031003C
:10270000410061008100C10001018101010201035A
:10271000010401060108010C01100118012001301B
:1027200001400160000000000101020203030404F3
:10273000050506060707080809090A0A0B0B0C0C11
:102740000D0D030004000500060007000800090045
:102750000A000B000D000F001100130017001B00F2
:102760001F0023002B0033003B0043005300630095
:1027700073008300A300C300E30002010000000017
:102780000000000000000101010102020202030337
:10279000030304040404050505050000F42F0010DC
:1027A000F02F001000500320000000000000000087
:1027B0000051032000000000000000001000000095
:1027C0000000000000000000000000005033000086
:1027D0004C33000054330000523300004D530000CE
:1027E0004D4300005334000043340000000000005B
:1027F00000000000752000200D220020E9000020CC
:10280000D91E0020051F0020F52000208521002072
:10281000A11F0020211F0020411F0020551F002064
:10282000E11B00205D1F0020B91E0020491B002075
:102830000000000000000000000000000000000098
:102840000000000000000000000000000000000088
:102850000000000000000000000000000000000078
:102860000000000000000000000000000000000068
:102870000000000000000000000000000000000058
:102880000000000000000000000000000000000048
:102890000000000000000000000000000000000038
:1028A0000000000000000000000000000000000028
:1028B0000000000000000000000000000000000018
:1028C0000000000000000000000000000000000008
:1028D00000000000000000000000000000000000F8
:1028E00000000000000000000000000000000000E8
:1028F00000000000000000000000000000000000D8
:1029000000000000000000000000000000000000C7
:1029100000000000000000000000000000000000B7
:1029200000000000000000000000000000000000A7
:102930000000000000000000000000000000000097
:102940000000000000000000000000000000000087
:102950000000000000000000000000000000000077
:102960000000000000000000000000000000000067
:102970000000000000000000000000000000000057
:102980000000000000000000000000000000000047
:102990000000000000000000000000000000000037
:1029A0000000000000000000000000000000000027
:1029B0000000000000000000000000000000000017
:1029C0000000000000000000000000000000000007
:1029D00000000000000000000000000000000000F7
:1029E00000000000000000000000000000000000E7
:1029F00000000000000000000000000000000000D7
:102A000000000000000000000000000000000000C6
:102A100000000000000000000000000000000000B6
:102A200000000000000000000000000000000000A6
:102A30000000000000000000000000000000000096
:102A40000000000000000000000000000000000086
:102A50000000000000000000000000000000000076
:102A60000000000000000000000000000000000066
:102A70000000000000000000000000000000000056
:102A80000000000000000000000000000000000046
:102A90000000000000000000000000000000000036
:102AA0000000000000000000000000000000000026
:102AB0000000000000000000000000000000000016
:102AC0000000000000000000000000000000000006
:102AD00000000000000000000000000000000000F6
:102AE00000000000000000000000000000000000E6
:102AF00000000000000000000000000000000000D6
:102B000000000000000000000000000000000000C5
:102B100000000000000000000000000000000000B5
:102B200000000000000000000000000000000000A5
:102B30000000000000000000000000000000000095
:102B40000000000000000000000000000000000085
:102B50000000000000000000000000000000000075
:102B60000000000000000000000000000000000065
:102B70000000000000000000000000000000000055
:102B80000000000000000000000000000000000045
:102B90000000000000000000000000000000000035
:102BA0000000000000000000000000000000000025
:102BB0000000000000000000000000000000000015
:102BC0000000000000000000000000000000000005
:102BD00000000000000000000000000000000000F5
:102BE00000000000000000000000000000000000E5
:102BF00000000000000000000000000000000000D5
:102C000000000000000000000000000000000000C4
:102C100000000000000000000000000000000000B4
:102C200000000000000000000000000000000000A4
:102C30000000000000000000000000000000000094
:102C40000000000000000000000000000000000084
:102C50000000000000000000000000000000000074
:102C60000000000000000000000000000000000064
:102C70000000000000000000000000000000000054
:102C80000000000000000000000000000000000044
:102C90000000000000000000000000000000000034
:102CA0000000000000000000000000000000000024
:102CB0000000000000000000000000000000000014
:102CC0000000000000000000000000000000000004
:102CD00000000000000000000000000000000000F4
:102CE00000000000000000000000000000000000E4
:102CF00000000000000000000000000000000000D4
:102D000000000000000000000000000000000000C3
:102D100000000000000000000000000000000000B3
:102D200000000000000000000000000000000000A3
:102D30000000000000000000000000000000000093
:102D40000000000000000000000000000000000083
:102D50000000000000000000000000000000000073
:102D60000000000000000000000000000000000063
:102D70000000000000000000000000000000000053
:102D80000000000000000000000000000000000043
:102D90000000000000000000000000000000000033
:102DA0000000000000000000000000000000000023
:102DB0000000000000000000000000000000000013
:102DC0000000000000000000000000000000000003
:102DD00000000000000000000000000000000000F3
:102DE00000000000000000000000000000000000E3
:102DF00000000000000000000000000000000000D3
:102E000000000000000000000000000000000000C2
:102E100000000000000000000000000000000000B2
:102E200000000000000000000000000000000000A2
:102E30000000000000000000000000000000000092
:102E40000000000000000000000000000000000082
:102E50000000000000000000000000000000000072
:102E60000000000000000000000000000000000062
:102E70000000000000000000000000000000000052
:102E80000000000000000000000000000000000042
:102E90000000000000000000000000000000000032
:102EA0000000000000000000000000000000000022
:102EB0000000000000000000000000000000000012
:102EC0000000000000000000000000000000000002
:102ED00000000000000000000000000000000000F2
:102EE00000000000000000000000000000000000E2
:102EF00000000000000000000000000000000000D2
:102F000000000000000000000000000000000000C1
:102F100000000000000000000000000000000000B1
:102F200000000000000000000000000000000000A1
:102F30000000000000000000000000000000000091
:102F40000000000000000000000000000000000081
:102F50000000000000000000000000000000000071
:102F60000000000000000000000000000000000061
:102F70000000000000000000000000000000000051
:102F80000000000000000000000000000000000041
:102F90000000000000000000000000000000000031
:102FA0000000000000000000000000000000000021
:102FB0000000000000000000000000000000000011
:102FC0000000000000000000000000000000000001
:102FD00000000000000000000000000000000000F1
:102FE00000000000000000000000000000000000E1
:102FF00000F01F1000F01F1000F01F1000F01F0065
:1030000000200420E3300010CB300010CD30001041
:10301000C9300010C9300010C9300010C93000108C
:10302000C9300010C9300010C9300010CF30001076
:10303000C9300010C9300010D1300010D33000105A
:10304000C1300010C1300010C1300010C13000107C
:10305000C1300010C1300010C1300010C13000106C
:10306000C1300010C1300010C1300010C13000105C
:10307000C1300010C1300010C1300010C13000104C
:10308000C1300010C1300010C1300010C13000103C
:10309000C1300010C1300010C1300010C13000102C
:1030A000C1300010C1300010C1300010C13000101C
:1030B000C1300010C1300010C1300010C13000100C
:1030C000EFF30580103800BE00BE00BE00BE00BE9B
:1030D00000BE00BE00201E49086006C881F30888B3
:1030E00010471C480068002801D00020F3E70DA419
:1030F0000ECC002902D000F012F8F9E71649174A61
:10310000002000E001C19142FCD1154988471549D2
:1031100088471549884700BEFDE701C901C29A42A8
:10312000FBD37047C0050110C0000020B81200207A
:10313000B81701100000042000000420B817011087
:103140000010042000100420000000007047000060
:1031500008ED00E0000000D0B8120020E0220020BE
:103160007DEE0010453300100D330010F8B5C04659
:103170000448054B10B5834203D0044B002B00D00C
:10318000984710BDB8120020B812002000000000BF
:1031900006480749091A8B10C90FC91810B54910FC
:1031A00003D0044B002B00D0984710BDB81200206C
:1031B000B81200200000000010B5074C2378002B47
:1031C00009D1FFF7D5FF054B002B02D0044800E0E2
:1031D00000BF0123237010BDD8150020000000009F
:1031E00000FC0010054B10B5002B03D00449054826
:1031F00000E000BFFFF7CCFF10BDC046000000009C
:10320000DC15002000FC001010B50121152000F095
:1032100067FA10BD70B5822500246D0021001520CD
:1032200000F05AF90534142000F00EF8AC42F5D144
:10323000FF242100152000F04FF9053C142000F078
:1032400003F8631DF5D170BD10B5002801D001F061
:103250001FFE10BD10B5D024FF232406206823656F
:1032600004490F3001F0DEF9206801210F3001F030
:10327000A9F910BDE5000020104B10B51B78002BFC
:103280000DD1002000210E4B9860D9600D490F3000
:1032900002F062F807220C4B1A600C4A5A60FFF7E2
:1032A000D9FF0B4B002B01D000E000BF094B002BD6
:1032B00000D1FEE700E000BFF8E7C046D1220020C1
:1032C000A8150020C100002010E000E0FFFFFF0073
:1032D000000000000000000070470000084B10B51F
:1032E000002B01D000F03CFD064B002B01D000E08C
:1032F00000BF054B002B01D000E000BF10BDC04651
:10330000613D0010000000000000000010B5014801
:1033100001F0A4F800FC001010B5074C10220021A9
:10332000200003F039F80023044923740448013BCA
:10333000E36201F080F810BDA815002077FC0010B2
:10334000081B0020F0B585B001F0CAFF0B2805D896
:103350000C2001F0B7FF454B033BFDD2444803ABC3
:1033600002AA01A901F024FF041E75D0039A029954
:10337000019801F0EDFE3F4E002E02D13E4B002B96
:1033800010D04C21012007F0CDF905003B4B4C2219
:103390000021186003F000F8394B6B60394BAB60CB
:1033A000394BEB6000220023384D39490F202A6049
:1033B0006B6001F0D1FF0722364B1A60364A5A6023
:1033C000FFF78AFF354800F097FFE12134484902B2
:1033D00000F0AEFB002E02D1274BB34240D0314863
:1033E00001F070FA1021022007F09CF90700E86153
:1033F00001F04CF8082203000421380001F022FEFD
:10340000EF6901F043F81037030008220421380067
:1034100001F018FE2C74FFF71DFF002E02D1164B91
:10342000B34212D00120FFF70FFF1F4B1B78002B78
:1034300018D08020800108F067FF80221B4B01001C
:10344000186092011A4803F00DF8FFF7DDFEFFF750
:10345000E1FEFFF743FFFAE71648054900F0FEFFDB
:103460003400D7E7124803F017F8EEE7E02E00002B
:10347000400D030000000000000000009016002036
:10348000C012002030130020A0130020A815002037
:10349000C100002010E000E0FFFFFF004816002000
:1034A0002C160020BC150020D2220020001B00207A
:1034B0007932001005FC001010B502000120002137
:1034C0000CF006FB034C2268636882438B430CC4F8
:1034D00010BDC04618140020F0B589B006AC0090AD
:1034E000039101222000714900F09EF9009B1D2BE1
:1034F00000D9C4E02379002B00D1C0E00098FFF789
:10350000DBFF6B4B01931B78002B49D10123694EE4
:103510003380052001F016FE02F0ABFE664B0290F0
:10352000186802F0A6FE654D071C2C68200002F00A
:10353000A0FE011C381C02F04EFE011C029802F095
:1035400036FE5F4902F084FE002803D05D4B9C42AA
:1035500000D899E001225C4B1A80052001F0F2FDB1
:1035600002F087FE544B061C186802F082FE2C689D
:10357000071C200002F07DFE011C381C02F02BFE0F
:10358000011C301C02F013FEFE21890502F052FEE0
:10359000002802D0052C00D97CE00123019A137089
:1035A000009B01201D076D0F2A0000210CF090FAEE
:1035B000464C0E002268636802400B401A43171EF7
:1035C000029036D1052001F0BDFD3C4B1B680193F4
:1035D00002F04FFE384B0490186802F04AFE059046
:1035E000019802F046FE011C059802F0F4FD011C52
:1035F000049802F0DCFDF421890502F0D5FD832159
:10360000C90502F0E8FD02F05BFE019B30495A1E3D
:1036100014236B4392B25B181F609F60DF601A61D6
:10362000012258601A602268029B1A436368334380
:103630000CC4204B039A1B889A4013001C00224A9A
:1036400012881441002B2CDB1C4B1B689C4200D9B8
:103650001C000421009800F033FF14236B431D4A23
:10366000A4B29B18009AD2071DD51B4A24041968DE
:1036700006A861400A40802149015A5000E020001C
:1036800000F0EBF809B0F0BD3388640001333380FB
:103690002C603EE70C4A640813882C6001331380C9
:1036A0005BE70024D5E70D4AE1E7C0466012002041
:1036B0007C210020A20B0020A40B0020A80B0020DE
:1036C00000007F43A57F0000A00B00201014002005
:1036D000000005400C0005400000FFFFFFFF000058
:1036E000F7B5040001911D281FD808291DD808002E
:1036F0000CF026FA053E1C2D1B4C3E5258000123AF
:10370000D022A340120605212000936200F0D8FECB
:1037100000222000110000F0F3FE254B019A1A55FB
:10372000192C02D92000FFF7C7FEF7BD01273E0084
:10373000D025A6402D0605212000AE6200F0C0FE77
:1037400000223900200000F0DBFEAE61E5E7012732
:103750003E00D025A6402D0605212000AE6200F0D7
:10376000AFFE3A000021200000F0CAFE6E61D4E7EF
:103770000521200000F0A4FE0121200000F0F0FE51
:103780000123D022A34012065362C6E70521200080
:1037900000F096FE0021F0E70521200000F090FEE9
:1037A0000221EAE70521200000F08AFE0321E4E778
:1037B0007D210020D0231B061B6808489B00195858
:1037C00030B5002909D0064C01391A59195055084D
:1037D0001D5101231A4082F3108830BD9416002039
:1037E0009C160020D0231B061B680C499B005A58CE
:1037F00010B50F2A02D10A4800F030FE094A985845
:1038000040009850EFF3108472B6601E84419858BF
:10381000204398505A5801325A5010BD9416002037
:1038200037FC00109C16002013B50023040008008C
:1038300021602371627101A90CF06AF9002808D196
:10384000D0231B06019A1B689A4204D020680CF012
:10385000A7F901232371200016BD10B503790400D8
:10386000002B02D000680CF023F9200010BD10B529
:103870000368DB69984710BD13B56B460268D971C0
:103880005468D91D0122A04716BD000030B50400C0
:1038900085B002AD002228001049FFF7C5FF237C48
:1038A000002B06D11C002800FFF7D7FF200005B031
:1038B00030BD2B79002BF5D001200021404203F0D0
:1038C000EDF86B46DC1D2100002003F00BFD002805
:1038D00001D02478E7E701246442E4E74816002099
:1038E00037B50400002268460C49FFF79DFF237C92
:1038F0006D46002B05D11C002800FFF7AEFF20000D
:103900003EBD2B79002BF6D001200021404203F070
:10391000C5F8002003F0C2FC0400EDE748160020C3
:1039200030B5040085B002AD002228001249FFF72F
:103930007BFF237C002B02D10124644216E02B790B
:10394000002BF9D001200021404203F0A7F800200D
:1039500003F0A4FC0028EFD06B46DC1D01222100FF
:10396000002003F0A7FC0028E6D024782800FFF709
:1039700074FF200005B030BD4816002037B50400A4
:10398000002268460C49FFF74FFF237C6D46002B51
:1039900005D11C002800FFF760FF20003EBD2B79F9
:1039A000002BF6D001200021404203F077F80020E0
:1039B00003F000FD0400EDE74816002037B50500D0
:1039C000002268460A49FFF72FFF2B7C6C46002B2C
:1039D0000AD02379002B07D0002003F08FFC0120B0
:1039E0000021404203F05AF82000FFF736FF37BDB0
:1039F00048160020F0B5050085B0019100923A49C3
:103A0000002202A8FFF710FF2B7C002B03D002AB93
:103A10001B79002B06D11D0002A8FFF71EFF28000E
:103A200005B0F0BD02F0C4FE002801D002F0C8FECF
:103A3000002003F01BFC002851D102222B7E150030
:103A40001D401A424ED100200021284B03C340E004
:103A5000002003F0AFFC009B1E1B864200DD060029
:103A6000002E17D0019B32001919002003F084FCAE
:103A700024182D1801200021404203F00FF80020E7
:103A800003F03CFC01F090FA184B03C3009B9C42EE
:103A9000DED31EE001203100404202F0FFFF300083
:103AA00003F02CFC300003F0E1FBB04211D03000F9
:103AB00003F080FCB042E9D1002701F075FA0C4E0A
:103AC0000A4B0CCB92197B41994202D8DED190422D
:103AD000DCD901200021404202F0E0FF9CE70024F5
:103AE0002500D3E70400FBE748160020201400203F
:103AF00040420F0037B50400002268460B49FFF72B
:103B000093FE247C6D46002C0BD02C79002C08D021
:103B100001200021404202F0C1FF002003F0A6FB7B
:103B200004002800FFF799FE20003EBD4816002043
:103B30007FB5067C0400002E23D1124800F09AFBCA
:103B4000104800F04DF9A0740E4800F05DF9E074E3
:103B50000C4800F045F90C4920750A4800F0DAF9E4
:103B600042236075029601360221084A00930548F7
:103B70002300019600F0B5F96074024800F0AAFB3A
:103B800026747FBD481600204AFC0010B93C001086
:103B900070B5037C0500002B13D00A4800F06AFBC7
:103BA000697C084800F0AFF9A97C064800F026F9C6
:103BB0000448E97C00F035F9002302482B7400F03A
:103BC00089FB70BD481600200023FA22436003746D
:103BD000E12392008260024A5B03026083617047C6
:103BE00040FD0010F0B5160093B0244A0C0001A966
:103BF0000A800222CA70224A6D460292214A442754
:103C00000392214A8C700492204A8C720592204AB9
:103C10000692204A0792204A0892204A0992204A96
:103C20000A92204A0B92204A0C920A220D921F4AB5
:103C30000E921F4A0F921F4A10920022EA53427DB1
:103C4000651C0A746A460732D47702AAD5770B221C
:103C50008D76847C6A44D47731226A4415703A2286
:103C6000C47C6A4414704122007D6A4410701A00BA
:103C7000300002F097FB13B0F0BDC046080B000007
:103C800002020000090400000102020000052400F5
:103C9000200105240100000424020605240600007A
:103CA00007050003080010090400000207050002D0
:103CB000400000070500024010B504001800130082
:103CC0000A002100FFF78EFF10BD00000A22836961
:103CD00010B593439622D201934214D10123027E60
:103CE000002113430376052000F06CFC8023064A74
:103CF0005B041360054A0320136001F091F9002171
:103D0000080001F015FB10BD00E0004000F000408D
:103D10008900D2000A430C21044810B5037E0A40F2
:103D20008B431A430276FFF7D1FF10BD2C160020FB
:103D30004B780A781B0213438A78084812041A4306
:103D4000CB780F2110B51B06134382691B010A4073
:103D500013438361FFF7BAFF10BDC0462C16002045
:103D6000054B10B5002B06D00448FFF7B9FD00281D
:103D700001D000E000BF10BD000000002C160020A4
:103D800010B50248FFF720FF10BDC0462C160020DA
:103D900070B50C0005001900200002F003FBA570AF
:103DA00070BD000010B5044B187A00F02BFCFA200F
:103DB0000021800010BDC0464816002010B500212B
:103DC00006480BF0A5FE002807D001200021404244
:103DD00002F064FE01480BF06BFE10BD4816002097
:103DE00070B5448D0500201E07D001F0DFFA0123D5
:103DF000834080389C436C85C0B270BD01238B40EA
:103E0000428D13434385704770B5848D0500201E95
:103E100006D001F0CBFA012383409C43AC85C0B2AD
:103E200070BD012380398B40828D13438385704799
:103E3000F8B518201F000D001403089E08F064FA5E
:103E4000069B07604360184B2F681A78511C197045
:103E5000079BB1031B051B0D1C433F231340890B1C
:103E60009B040B43C1680481090E09060B43C36020
:103E7000099B390003610023436100290CD0CC6801
:103E8000A403A40BB44204DB002B07D041615861AA
:103E900006E00B004969F0E78B42F8D147612860E2
:103EA0003F201040F8BDC046AC0B002070B50D6837
:103EB0000C002800002100280AD0837B1B069B0EE3
:103EC000934206D1A84207D1456908F027FA256038
:103ED00070BD01004069EEE743694B6108F01EFACE
:103EE000F6E730B50C00010085B00A9D00930395FC
:103EF000099D13000295089D220010310195FFF7DE
:103F000097FF05B030BD0A00010010B51031FFF772
:103F1000CDFF10BDF7B50191417E037E05008B42B8
:103F200007D30431C9B240696976890006F0FCFC08
:103F300068612C7E6F69002C03D10C4B01343B600F
:103F40002C760026B300F958019808F03DFC0028B3
:103F500002D1F4B22000FEBD0136B442F2D8019A7B
:103F6000A300DA51631C2B76F4E7C04677FC0010FF
:103F7000F7B5394F04003B78002B03D119213800E5
:103F800002F0A2FAE68D002E00D1344E258E002DCF
:103F900000D10A35230032331B780093002B04D163
:103FA0002F493048FFF7B6FF0090230033331B78CA
:103FB0000193002B04D12C492A48FFF7ABFF019055
:103FC000230034331A78002A04D139002548FFF73A
:103FD000A1FF02002000122335300370234B012182
:103FE000A363230040273C33E1865E70360A1F70CE
:103FF0009E702E0A1E71260000274136DD70327138
:1040000022003770009F4632B770019F7170F770C1
:104010001170268E0333002E12D12A00E768002F7C
:104020000FD1BE4203D01500110A1A705970002139
:104030002269002A0AD1914202D01D702D0A5D70BA
:10404000FEBD3E8A7F6972400E00E8E7118A526920
:104050004D400121EDE7C0469B2100208A2E000043
:1040600056FC00104816002063FC001002EF02010D
:1040700010B50248FFF77CFF10BDC046481600206F
:10408000F8B50023C56806002A001800002A05D1EB
:1040900093420BD1B38300233362F8BD1389526975
:1040A0001B051B0DC01880B20123EFE7B083002869
:1040B000F1D008F029F98527306204000126002D8F
:1040C000EBD02A89200012056968120D02F06AF906
:1040D000E671A7712B8901361B051B0D6D69E4186C
:1040E000EDE70000014B586A7047C04648160020B3
:1040F000F0B5466A05008FB0002E55D1036AB34271
:1041000025D0394A838B0792384A394F0892394A69
:1041100007AC0992384A38000A92384A0B92384A5A
:1041200023741B120C926374FFF75AFE354BE8762A
:104130001B68207523760A2301930F330093012116
:1041400023003800304A0296FFF7CBFEA876002203
:10415000092617002B69002B28D13300002A01D132
:104160000926330029492B852148FFF7D3FE059006
:104170002B8D1800049308F0C7F804006862002132
:10418000049A02F009F9224B6680238001236371AF
:10419000059B0026A371A0232D69E371233B2771A2
:1041A00023720934002D0CD10FB0F0BD1A8912050D
:1041B000120DB6185A7A5B691206120FBF18012247
:1041C000C9E72A896B681205210030002F68120D9B
:1041D000B8472B891B051B0DE4186B7A6D691B060C
:1041E0001B0F9E19DEE7C046090401000103000011
:1041F00048160020000921110100012200000705D6
:1042000000034000B00B0020913D001077FC00102F
:1042100009020000030000290CD10F4B0F4A5A80FD
:104220000123C0220133DBB20B485B009200134331
:1042300003807047027E00208A42FAD95B698900B8
:10424000C8580023044AC15C0029EAD001335180D8
:1042500002321F2BF7D1E4E73C21002009040000C3
:1042600010B50A0001000248FFF7D4FF10BDC04698
:104270004816002070B5040002F08AFA06001448BF
:104280000BF08EFC02F0B4FA002E03D0FA204000AE
:1042900000F0FEFD0E480BF00BFC606A08F03EF8E3
:1042A000002363622385236A002B09D02000A17EAE
:1042B000FFF729FE0123E27E9340628D134363855D
:1042C000206A08F02BF800232362A38370BDC04648
:1042D0004816002010B50400FFF7D2FE2000FFF7BB
:1042E00007FF04480BF05CFC02F08CFA01480BF06D
:1042F000DFFB10BD4816002030B585B0040003F088
:104300002BFA051E30D12000FFF7BAFE2000FFF780
:10431000EFFE200000F0D6FA2900280003F0F8F99B
:10432000012000F0BDFA11492072C0B200F07AF904
:104330000121207A00F046F900F0A8FC040000F00A
:1043400033FEFA220023920012184B41AB4202DAEC
:104350000122074B5242012102910021019105499E
:104360002000009100F0E8FC05B030BDBD3D00101C
:10437000FFFFFF7FA53D0010FF210022084B09042D
:1043800099610849DA60996207491A615A619A830A
:104390001A625A62D9621A6334331A707047C0467F
:1043A000481600200000FEFFFEFF000010B50400CC
:1043B0000068002801D007F0B1FF00232360A3604C
:1043C000636010BD70B504000D000068013106F097
:1043D000ABFA031E01D0012028C470BD036810B5DC
:1043E0000400002B03D0436801208B4209D2200037
:1043F000FFF7E8FF002804D0A368002B01D1226852
:10440000137010BD70B50E00110004001500FFF709
:10441000E5FF002804D12000FFF7C8FF200070BD91
:104420002A0031002068A56001F0BCFF002122684D
:10443000A368D154F2E7002370B504000D000360B7
:1044400043608360994207D0080007F085FF290088
:1044500002002000FFF7D6FF200070BD0FB407B5A3
:10446000084806F04BF9049B002B07D005A918005B
:10447000019104F0E9F8044806F040F901200AF03F
:10448000E4FCC04668FC001077FC0010044A107879
:10449000431CDBB2172B00D9102313707047C046A2
:1044A000B40B002013B5044B0100009318221F2306
:1044B000024803F054FC16BD78FC0010D41A00200A
:1044C000074B820010B5D45840236340C0242340DA
:1044D000044CC0001351044BC018416010BDC046CD
:1044E00004C0014004D0014000400140034BC00023
:1044F000C0181F23406818407047C0460040014064
:10450000054B8000C358C90092000A435A400C234F
:104510001A40024BC250704704C0014004D0014011
:10452000054BC000C35809045940C0239B021940E1
:10453000024BC1507047C046044001400450014046
:10454000054BC000C35809035940C0239B011940C3
:10455000024BC1507047C046044001400450014026
:10456000044B8000C3580901594030231940024BC5
:10457000C150704704C0014004D00140074B1030C7
:104580009B688000C150BFF35F8FBFF35F8F002136
:10459000034B196082F310887047C04600ED00E0BD
:1045A000240100D0044B0548054A19000433086073
:1045B0009342FAD17047C04600E400E080808080DA
:1045C00020E400E01F2318401E3B8340002905D053
:1045D000C021044A4900535013607047024AD36710
:1045E000FBE7C04600E100E004E100E00122824078
:1045F000034B1B6813405A1E9341D8B27047C04604
:1046000000E100E001238340014A13607047C04687
:1046100000E200E0024B10309B688000C0587047F9
:1046200000ED00E070B504000D00EFF3108672B6E7
:104630000A4A1368002BFCD0BFF35F8F2000FFF7FE
:10464000E9FF074B984201D0A84205D1320029006A
:104650002000FFF793FF70BD01F056FF240100D04A
:10466000C1300010F0B587B0049003910292EFF3CF
:10467000108372B6564A05931368002BFCD0BFF323
:104680005F8F00235349CB560093002B01DA01F0D2
:104690003BFF0C239C466246009B4F4D53435A19E7
:1046A000907908704D49886804991031890009583B
:1046B000481B472819D94A488142E8D149495953EA
:1046C0004949023304395B19CB1A1B0547495B0D75
:1046D0000B435380464B9380FF239371029BD3710E
:1046E000039B93600121114335E001200E008643B6
:1046F000340000200196E779029EB74231D83B4C46
:10470000A44600283AD006268657071D002E33DB24
:10471000384D84885D1963466405241508340419EE
:10472000641B043C2405640D1C436346043AD21BFD
:104730001205520D13438380009B009A83710C2352
:104740005343254A9B182C4A9C801A60029A9E71FA
:10475000DA71039A9A60059A0498FFF70FFF07B081
:10476000F0BD0627E757002F04DB604647432000D3
:10477000EC19C0E72000C2E71D4CD6E70C206646C6
:10478000154C1E4D0199091B49414D432D0D0099B2
:104790009F1C484313493F190153134920180439FA
:1047A000C91B0905490D31434180043301991B1987
:1047B000CB1A043B1B055B0D33438380029B01999D
:1047C000C371039B857183600B4B0B608AE7C04606
:1047D000240100D0D5220020B80B002000ED00E01D
:1047E000C130001000A1FFFF000C002000E0FFFF1F
:1047F00001BDFFFFBC0B002001488047AAAA0000B2
:1048000001230343F0B51E00EFF30581EFF310879A
:1048100072B61C4B1B68002BFBD0BFF35F8F1A4A8C
:1048200004001A4BA41A644163431B0D5BB29C46FF
:10483000174B89009B6814005B581D000023B5428C
:1048400014D1134B134A9B685A50134B1A78827138
:1048500062461A70BFF35F8F00230A4A136087F322
:104860001088F0BD01330C34062BEED006216156C2
:104870006145F7D10C214B43D318FF229A71074AA7
:104880009A80E2E7240100D0B80B0020AAAA000019
:1048900000ED00E0C1300010D522002001BDFFFF77
:1048A00013B5064B0100009300220523044803F0D2
:1048B00056FA002801DB1F23181A16BD93FC0010BE
:1048C000DE22002010B50400FFF7E0FD010020000B
:1048D00003F07CFAFF232371BFF35F8F10BD10B587
:1048E0000400FFF7D3FD0100200003F06FFAFF235F
:1048F000A380BFF35F8F10BD10B50848084B9842E6
:1049000000D310BD040003680834002B03D0FFF768
:10491000E6FF2000F2E7FFF7D5FFFAE75812002084
:10492000B81200200A4B1868EFF3108272B60168C3
:104930000029FCD0BFF35F8F1B68BFF35F8F00219E
:10494000196082F3108840BF002000217047C046E4
:1049500038210020F8B5C16004001F0016000D00CA
:10496000FFF794FD154B2670C018D0231B061B685B
:104970008000637001235B422381A380FB18638066
:10498000002320616781BB4211D101270C4BB2008B
:10499000D4503C00B44030002C620A49FFF742FE7C
:1049A00039003000FFF70EFE074BEC50F8BD182021
:1049B000584361695A1E42520133E4E74000003413
:1049C000241F0020254A00103820000010B5094C93
:1049D0002369002B09D10321074800F0B1FA102305
:1049E000032220000449FFF7B5FF0A21034803F022
:1049F000EDF910BD200C00200040054038210020BA
:104A0000074A10B5536A04000020994206D8926AFA
:104A10000130A24202D2C81A431E984110BDC046BE
:104A200000400540F0B587B0EFF3058203231A403C
:104A3000924B03929200D4580123039A934004931B
:104A4000049A8F4B1A608F4B049A5A630822A35E14
:104A50000293002B55DB1823029A6569534389485A
:104A6000ED18AA68EB680092019300F073FA019BBD
:104A70008B4246DC02D1009B834242D8019B002B33
:104A800000DAA5E02B69804A6E69934200D08FE07E
:104A9000300033699847002800D199E0C0CE330038
:104AA0003B4300D194E0002F00DB8BE0009801999C
:104AB000801BB9410022AB5EA860E960002B20DBBF
:104AC0006269944618225A436244D6688E4218DCC2
:104AD00002D19268824214D8260023810836182217
:104AE0005A436244D7688F4208DC02D197688742F4
:104AF00004D816000022B35E002BF0DA2B80029B54
:104B000033800422A35E002B1ADB2169EFF31083AC
:104B100072B60A68002AFCD0BFF35F8F0422A15E40
:104B200001225242A2802269BFF35F8F00201060F1
:104B300083F31088230008330593002900DB5EE02F
:104B4000A379002B08D00023A37120000822A35EC4
:104B500008305A1C00D076E00823E15E002924DBEF
:104B600018224A4363699B189D68DE686B1C01D15B
:104B7000731C10D0039B434F9B00DB19B96A1A6961
:104B8000681A521A904205D301220398396A82406A
:104B9000114200D11D613B4800F0DCF98E4204DC7B
:104BA00000D050E7854200D84DE740BF07B0F0BDC8
:104BB0000821605E6A8800043100104398470600AF
:104BC0000F006CE72F4800F0C5F98019794171E7B3
:104BD0002B8821692381EFF3108372B60A68002ABB
:104BE000FCD0BFF35F8F62882A80029A62802269BC
:104BF000BFF35F8F0021116083F3108881E7636941
:104C0000059D009318234B43009AD3189A68DF68D8
:104C100002920822A05E00280CDB18224243009E6C
:104C2000B218D668BE4205DC09D19668B446029E29
:104C3000B44504D929800022995E18807DE71500CB
:104C40000022A85EE7E71821594366697218715E71
:104C50000227D65F002E0EDA01267642F7179660FD
:104C6000D7600827E65F9E4203D001802689168020
:104C700023810B006DE71000FBE7C046241F0020D6
:104C80003C70054000400540254A00100048704730
:104C9000200C0020F0B5010016001F000269EFF3A0
:104CA000108072B61368002BFCD0BFF35F8F182200
:104CB0000223CC5E4B6962439B18002C01DB1A88EF
:104CC0004A800A69BFF35F8F0025156080F3108862
:104CD000AC422CDB059A9E60DF601A61069A5A612D
:104CE0005A8801325204520C101CAA4200D10120F1
:104CF00082B25880200410430E69EFF3108272B61E
:104D00003568002DFCD0BFF35F8F04268D5F1D80BA
:104D10008C800B69BFF35F8F00241C6082F31088C6
:104D200001220B789A40CB6802495A50F0BD01200D
:104D30004042FBE73C200000F7B51F000AAB1C789F
:104D400005001600002C09D0099B32000193089B36
:104D5000280000933B00FFF79DFFFEBD00F024F903
:104D600032003B00121A8B41A342EDDA2000F4E737
:104D700030B5448903000A140020944225DD183020
:104D800050435A691D691218EFF3108472B62868EF
:104D90000028FCD0BFF35F8F558889B20020A9425C
:104DA00004D10A4801435180012098711A69BFF368
:104DB0005F8F0021116084F31088884205D00122A2
:104DC0001978DB688A4002495A5030BD0080FFFFE5
:104DD0003C200000F0B506000F0006246442E517F1
:104DE000A4197D4185B08D4202D803D1844201D9F6
:104DF0000024002500F0D8F822002B00121A8B4165
:104E0000002B08DC01D19A4205D13000390000F0B6
:104E10000FF905B0F0BD002302930193104B22005F
:104E2000009310482B00FFF787FF0130EDD02000E2
:104E30002900FFF7E5FD0028E7D10B4B1868EFF3D9
:104E4000108272B601680029FCD0BFF35F8F1B6827
:104E5000BFF35F8F0021196082F3108820BFE6E75F
:104E600025490010200C00203821002070B50400D6
:104E70000D0000F099F800196941002902DA0120BB
:104E800002494042FFF7A6FF70BDC046FFFFFF7F0B
:104E9000FA2210B500239200002101F05BFAFFF71F
:104EA000E5FF10BDF0B504000D0087B0EFF30583FA
:104EB000002B05D020002900FFF7A2FD07B0F0BDB0
:104EC0001C4B05931B68834205D1059B5B688B4295
:104ED00001D120BFEEE7184B0493DF68049B380034
:104EE0001E7800F037F80436B600BA5926002F00B5
:104EF0000023361A8F41121ABB4202DCE9D1B242BA
:104F0000E7D9029301930D4B2200009304982B00E4
:104F1000FFF712FF061ECDDD059B2000290030C3E0
:104F2000FFF76EFD002800D120BF31000498FFF785
:104F30001FFFBFE7180C0020200C0020254900109F
:104F400010B5024A024802F0ECFE10BDAEFC0010A3
:104F5000D02200200300416A0A00986A596A8A42F6
:104F6000FAD17047416A9942FCD3994202D1816AD1
:104F7000914200D37047416AF7E770B514001D00F5
:104F80000600FFF7E7FF22002B0012184B41994261
:104F900002D804D1904202D901225242D3173000E4
:104FA000FFF7E0FF70BD000010B50248FFF7D2FF29
:104FB00010BDC0460040054010B502000B0002487D
:104FC000FFF7DBFF10BDC0460040054010B50029CB
:104FD00005DB826A836A9B1A8B42FBD310BD0800F3
:104FE0000021FFF7E9FFF9E70C4B10B504000800BA
:104FF000994206D8FA21890041432000FFF7E6FFD5
:1050000010BDFA2200239200002101F0A3F9020052
:105010000B002000FFF7B1FFF2E7C0469BC4200061
:1050200010B501000148FFF7DFFF10BD004005404B
:1050300010B502000B000248FFF794FF10BDC046F8
:105040000040054070B50E0019000400150002F084
:10505000BDFE00233100E581A681A360681C05F038
:1050600061FB6060431E9841C0B270BDF7B50C246F
:1050700044430193244B0092E4186368089A0500A6
:105080000E00934200D26260C0232F1F9B01FFB22B
:10509000E318012F27D8012E25D103221A60A36817
:1050A0003342FCD0009B22685B015340E022134056
:1050B00080225201A350012F09D803212368734095
:1050C0000B40A3500123B340A2681342FCD08023BD
:1050D00080229B011201E250089B019A63600B4BF6
:1050E000AD00EA50F7BD802212011A60074BAA00FA
:1050F000D1580029D6D0586900F086F9431C032006
:1051000058430338FDD2CDE700800040D81A002074
:1051100073B50D00069904001800160000F074F92C
:10512000069A030012022900009220003200FFF7C5
:105130009DFF73BD13B5802464000094FFF796FFB4
:1051400013BD0000014B8000C0587047D81A0020E2
:1051500073B51400012205000E0005201100114B4B
:10516000FFF7E8FF33002A00009401210E4800F009
:105170005BF821002800714300F046F9040000228A
:1051800002210420094BFFF7D5FF23000022012153
:105190000520FFF7CFFF022200210620014BFFF779
:1051A000C9FF73BD006CDC0200800240001BB70029
:1051B000F0B5A02587B002900391049205936D008D
:1051C000154B164A6B4301939B18154A07249342CB
:1051D0000BD9013D0F2DF3D100201BE0013E3F1BF9
:1051E000002E05D1013CB442F3D0270026006743CE
:1051F0003900019800F008F9029B9842EED100298D
:10520000ECD10120074B039A6B431360049B1C6095
:10521000059B1E6007B0F0BDE02E0000508EF4FF2D
:1052200050F80C00001BB700F8B504001F48170029
:105230001E000D0000F0E8F80100380000F0E4F86E
:10524000069A3304120313432268002A0FDA3F211F
:1052500022680A40AA420AD1A2681205120D8242AF
:1052600005D1EE21E268C9020A409A421CD0104AD8
:10527000104EA1184A42514101220C318A400E4978
:105280000A600E490A60170031688F43391EFAD14F
:105290000B4A2131A2182560A06011602168002905
:1052A000FCDAE36008231360F8BDC046001BB700BA
:1052B0000040FDBF08C0004000E0004000F000409A
:1052C00004300000044B00011B685840F0231840D4
:1052D000024B18607047C046004006400050064030
:1052E000024B18680006000F7047C0460040064099
:1052F000142310B5010018889B88984710BD162309
:1053000010B5010018885B88984710BDF8B50F00EC
:10531000040000260125BE4201D12800F8BD206806
:10532000FFF7E6FF01C4431E984101360540F2E74E
:1053300070B5040003480D00FFF7DAFF29000300F1
:105340002000984755420000024B80009B68C058DF
:105350007047C04600ED00E070B504000D00EFF3AB
:10536000108672B6FFF7F0FFA84207D0084B9842AC
:1053700002D3084B984201D301F0C6F8064BA400B3
:105380009B68E550BFF35F8F86F3108870BDC04601
:10539000C0300010D430001000ED00E001480421BE
:1053A000014B1847400C00200D530010014B9B6827
:1053B00018470000400C0020124A936F9B0815D23A
:1053C0009066D166002905D0FFE7FFE7FFE7516F40
:1053D000106F704704B580210906C217514000289C
:1053E00000D0C8430AF084FB002104BDF0B5146E60
:1053F000556E576F166FFFF7E3FF146655665767D4
:105400001667F0BD000000D0114A936F9B0813D2BD
:1054100010665166002905D0FFE7FFE7FFE7516FEF
:10542000106F704704B5002801D00020C0430AF077
:105430005FFB002104BDC046F0B5146E556E576F7A
:10544000166FFFF7E5FF1466556657671667F0BDE0
:10545000000000D094464A4A926F9208624601D2F8
:1054600028E0C046F0B5464E346E756E776F366FE5
:1054700000F020F89446424A14665566576716674E
:105480006246F0BD94463E4A926F9208624601D24F
:1054900054E0C046F0B53A4E346E756E776F366F95
:1054A00000F04CF89446364A1466556657671667FE
:1054B0006246F0BD002B24DB11D000293EDA00B596
:1054C000C943404200D1013100F038F8C94340429D
:1054D00000D10131DB43524200D1013300BD002A2B
:1054E000EBD1002801D1002905D00020C90FC90740
:1054F00001D1C043410800B50AF0E2FA00220023BE
:1055000000BD00B500290ADBDB43524200D1013364
:1055100000F014F8C943404200D1013100BDC94335
:10552000404200D10131DB43524200D1013300F04F
:1055300005F8DB43524200D1013300BD002923D1DD
:10554000002B18D1002A0CD0BC460D4F38667A6665
:1055500000210023FFE7FFE7FFE77A6F386F674618
:105560007047002801D00748010000B50AF0A8FAEA
:105570000022002300BD02000B0000200021704724
:10558000000000D0FFFFFFFF002B00D0BFE0130C96
:1055900028D1002AE7D080B4114F39667A66FFE738
:1055A000FFE730B4040C7B6F396F1B0423433B6669
:1055B0007A66FFE7FFE7FFE7C04684B27B6F3D6F87
:1055C0001B0423433B667A66FFE7FFE7C0460023E0
:1055D0002C042D0C7A6F386F00196941B0BC7047EC
:1055E000000000D0F0B594460025140E01D112023F
:1055F0000835140F01D112010435940F01D1920026
:105600000235D40F01D152000135D40B0134254F9E
:105610007C66254C3C660E0C93B2FFE7FFE7FFE784
:105620003C6F6643360C7703BE467343DF0B5B0467
:10563000C01AB941130C7343DB18C91ACE0866436C
:10564000360CB64493B273431F0F1B01C01AB94105
:10565000130C73431F0B1B05C01AB941860D8F0233
:105660003E436643360C092D24DB520A7243801AEE
:105670007703460A6643360C16235B1BDE40DF4089
:10568000BF1964466643821B704604350633010029
:10569000D940A840C01900D30131A24206D200234C
:1056A000F0BD0000000000D0FFFFFFFF121B013023
:1056B000F3D3F1E709277F1BFE406446A2B2724391
:1056C000801A00D20139220C7243130C1204821A80
:1056D00099410B007046043513370100F940A8408A
:1056E000801900D30131002B02D1A2420AD2F0BDB1
:1056F000013000D30131121BFAD2013BF8D1A24292
:1057000000D2F0BD013000D30131121BF7E7F0B534
:105710001C0C00D080E00CB400251C0A04D11B0234
:10572000160E3343120208351C0B04D11B01160F51
:105730003343120104359C0B04D19B00960F334375
:1057400092000235DC0B02D192185B4101351C003E
:10575000971864410134464F7C66464C3C660E0CFB
:10576000FFE7FFE7FFE7C0463C6F6643360C770371
:10577000BE4697B27743C01B00D20139C01B00D28E
:1057800001399FB27743C91BC91B170C77437E04AD
:10579000FF0B801BB941CE086643360C0C2D33DB62
:1057A000B644120B1F053A431B0B97B27743C01B3D
:1057B00000D201399FB27743C91B170C77433E04CF
:1057C0003F0C801BB941860D8F023E43664329275B
:1057D0007F1BFE400C3D7746AF40BF1930BCA2B2E4
:1057E000ABB272437343801A9941220C7243130C7B
:1057F0001204801A994102000B000137001BA941D5
:10580000F9D2781E0021F0BD0C277F1BFE407746A1
:105810007F0BAF40FF19E0E700245D1C07D0144F59
:105820007D663966FFE7FFE7FFE7FFE73C6F95B26C
:105830009EB265436643401BB141150C1E0C654387
:10584000664336042F0C3E432D04401BB141994260
:1058500004D202000B0020000021F0BD01D19042D3
:10586000F7D3801A994101349942F2D3F6E7000048
:10587000000000D0FFFFFFFF48404140484018B4FF
:105880001B4B5B68FC46019308BD04DF6B5B00109B
:1058900018B4174B1B68FC46019308BD00DF755B0D
:1058A00000109446134A926F920809D2624618B4C7
:1058B0000F4BDB68FC46019308BD0CDF2D5E00102A
:1058C0000C4AF0B5146E556E576F166F6246FFF7AF
:1058D000EEFF084A1466556657671667F0BD18B4A0
:1058E000034B9B68FC46019308BD08DFD15C0010A8
:1058F000341F0020000000D0FFB55040424050400F
:1059000059404B40594000E0FFB5154F4C00640D25
:1059100003D0BC4204D10C0314D80020090D0905A2
:105920005C00640D03D0BC4204D11C030AD80022E1
:105930001B0D1B0501264B4009D44B4003D58B4260
:1059400000D18242FFBD9942FCD19042FFBD0B4382
:10595000DB1803431343F5D0C9434918FFBD0000CA
:10596000FF07000000B5FFF7CFFF01D0002000BD0A
:10597000012000BD00B5FFF7C7FF804100BDC04654
:1059800000B5FFF7C1FF01D9002000BD012000BD17
:1059900000B5FFF7B1FF804100BD012040054A007E
:1059A000121804D85A00121801D80020704701209C
:1059B000704700000021002805D17047C1174840FA
:1059C000401AFAD0C90713B5064B1B6898470CBCA0
:1059D000441CA2401005120B0349091B0905194379
:1059E000114310BD342000201F04000010B54C00EE
:1059F000620D8023D218DB00D21A5B057E2A10DDEF
:105A00009E3A13DACC170903490819435242D14090
:105A1000640001341532202A05DAD040084360437F
:105A200010BD002010BD0846604310BDC80FC0184F
:105A3000013810BD18B4044B5B6AFC46019308BDE5
:105A400024DFDD5F00100000341F002018B4044B79
:105A5000DB6DFC46019308BD5CDFE96000100000CF
:105A6000341F0020C94211D300B549004908002263
:105A700000F018F8002904D4002240428A4111465F
:105A800000BD80210906002000BD000018B4044BB1
:105A9000DB6EFC46019308BD6CDFEB5F001000007D
:105AA000341F002018B4044B9B6FFC46019308BDC3
:105AB00078DF076000100000341F002018B4044B8A
:105AC000DB6FFC46019308BD7CDF756000100000B1
:105AD000341F0020132370B51C78114D012C0ED1FA
:105AE000002310499A000133A950202BFAD10D4B05
:105AF000AB640D48FFF7FCFB0C4B186070BD012C2C
:105B0000F5DD0B48FFF7FBFB06000A48FFF7F7FB44
:105B100080223100280000F045FC022CE9D1E6E7A4
:105B2000341F0020395B00104C330000342000206B
:105B3000534400005346000007B5604601880A0A36
:105B40000230DF2AFAD1C9B2820804D30288408821
:105B50000004104300E00068014A5050039007BD64
:105B6000341F00200FB403BC0CBCF0B50124E407C3
:105B7000634000E0F0B50C0DCF0F661E3605891BA3
:105B8000640503D3C943404200D30131640D03D0FF
:105B9000661CF60A07D0E41B00207F00791C8907E9
:105BA0008912803C24031D0DDF0F6E1E36059B1BE2
:105BB0006D0503D3DB43524200D301336D0D03D097
:105BC0006E1CF60A07D0ED1B00227F007B1C9B0792
:105BD0009B12803D2D032F1B661B58D4A446202EFC
:105BE00046DA20371400BC401D00BD40F24033416E
:105BF0002A4380185941CB0F05D0C943C043002226
:105C000064425041514162464D0D28D10D0D07D1DE
:105C100000281FD0241940414941013A0D0DF9D007
:105C2000640006D3013000D30131002C01D14008BB
:105C30004000013A0BD4941CE40A04D1120511442B
:105C4000DB071944F0BDD907204B194300E0D90701
:105C50000020F0BD0029DDD1002CDBD1F0BD0132E8
:105C6000C6074008CD0728434908002EE1D0D9E7F0
:105C70003C2E29DA203E40371400BC4000D00124DD
:105C8000F24014431A00BB401C43D317ACE7AC46A8
:105C9000202F08DA20360400B4400D00B540F8404B
:105CA00039412843A5E73C2F0CDA203F4036040059
:105CB000B44000D00124F84004430800B1400C4334
:105CC000C117EAE710001900002494E70000F07FF4
:105CD000F0B50C0D661E3605891BE60A6405640DD9
:105CE00002D0651CED0A04D0002001210905803C8A
:105CF0002403A4461C0D671E3F05DB1BE70A640551
:105D0000640D02D0651CED0A04D0002201231B059E
:105D1000803C24037740644497B484B296B27443C1
:105D2000070C7E43150C6F4380B26843361802D3CC
:105D3000012000043F183004350C00197D418446D1
:105D400088B29AB250430C0C62431F0C7C438EB253
:105D50007E43921902D301263604A4191604170CA7
:105D60003618674101BC81B29AB25143040C6243B8
:105D70001B0C5C4380B25843121802D3012000046C
:105D800024181004130C401863412D185E410020A4
:105D9000474106BC88B293B258430C0C6343120CC3
:105DA000544389B251435B1802D30121090464189A
:105DB00019041A0C091862416D1856410020474118
:105DC00018BCF902720D1143F0026A0D1043ED0286
:105DD0000A0D03D16D1940414941013B124E9B1BF5
:105DE0007600B3420ED26D0007D301300026714118
:105DF0006646354301D1400840001B05C918E40739
:105E00002144F0BD0BDA013306D1013004D1013158
:105E10004F0D01D04908F2E7E1070020F0BD01363F
:105E200031050020EBE70000FF030000F0B51C0D7A
:105E3000671E3F05DB1BE70A6405640D02D0661C84
:105E4000F60A04D0002201231B05803C2403D02540
:105E50002D060026F6432E661E096E66CE0FF61935
:105E6000B44649004F0D02D07E1CF60A03D0002034
:105E70000021403F3F033E1BB600B444013F7F0575
:105E8000C91B49082E6F013676089C02950D2543E3
:105E90007543ED137543AD1301356D10F603761B95
:105EA0000CB4CC02450D2C43A2B2B3B25A43270C1A
:105EB0007B43350C6F43A4B26C431B1902D30124FE
:105EC00024043F191C041D0CA4187D4124196D41A4
:105ED000009A91B2ACB26143170C7C432B0C5F4328
:105EE00092B25A43A41802D301221204BF1822040A
:105EF000230C52187B41019C6C431B19520ED90193
:105F00000A434401A01A81B2B2B2514303145A4366
:105F1000360C734387B27743D617D21900277E41D8
:105F200036049B191704160C7F185E417316ED1882
:105F3000F301002680337541A90F06D16400690A78
:105F4000E8055B0A184309D22FE004229444803309
:105F50007541A90AA8059B0A184326D34041494127
:105F60002404009A019B0D005543641B4343E41A2B
:105F700095B286B27543170C7E43030C5F4392B211
:105F80005A43B61802D301221204BF183204330C4C
:105F900052197B4152429C41002C02D40022013014
:105FA00051414008CA071043490802B06246D7076A
:105FB0009210084BD218084B9A4203D21205891846
:105FC000C919F0BD0020002A01DC3900F0BD013301
:105FD0001905F5E7FD030000FE070000002200B5EB
:105FE000203200F010F8080000BD002200B500F0DB
:105FF0000CF8CA179A4200D100BDD8430121C90745
:10600000414000BD00220B150AD410B5944600F0A3
:10601000A7F81414013400DA0021CB17144C2047E0
:106020000020002170476244343A0CD40C2A07DA6D
:1060300004009140904052422032D440214310BD90
:10604000D843D94310BD203207D40C469440524265
:1060500020321141D040204310BD0800C917203222
:1060600003D452422032104110BD1800190010BD57
:10607000276000104A00520D144BD21A13DDFF2A7C
:106080001EDAD205CB0FDB071A43C300400F09030A
:10609000490A084310435B0001D301D00130704727
:1060A0004308FBD2704702D0C80FC00770470A03ED
:1060B00012130132F8D1420F072AF5D1012200E074
:1060C000FF22C80F00028018C0057047800300003F
:1060D00000210A00002104E000210A00C11704E0A9
:1060E0000022002306E0C0460022CB17584059404A
:1060F000C01A994130B5184CA21A002903D10100E9
:1061000010D00020203A4C1512D104D2013A0018C8
:1061100049414C0DFAD3114CA24204D21205891800
:10612000DB07C91830BDD243520D00200021F5E72E
:1061300003D4013A00184941FBD50B324405C00A8B
:106140004D052843C90A640003D000246041614121
:10615000E1E7E0D34408F8E732040000FE0700005E
:106160000A0DCC0F531E1B05C91A520503D3C94390
:10617000404200D30131520D03D0531CDB0A07D03B
:10618000121B00206400611C89078912803A1203E7
:10619000014BD21A70470000FF0300004840414005
:1061A00048400E4B5B6818470C4B1B6818470C4A5D
:1061B000936F9B0802D2094BDB681847F0B5146E49
:1061C000556E576F166FFFF7F6FF054A1466556652
:1061D00057671667F0BD014B9B68184738200020B1
:1061E000000000D007B548404140484001E0C046AB
:1061F00007B54200120E03D0FF2A03D1420218D87D
:10620000C00DC0054A00120E03D0FF2A03D14A0276
:106210000FD8C90DC9050122414005D4414001D51F
:10622000814207BD884207BD0143491801D0C043E0
:10623000001807BD00B5FFF7DBFF804100BDC04679
:1062400000B5FFF7D5FF01D9002000BD012000BD3A
:1062500000B5FFF7C7FF804100BD01231B064200C8
:10626000D21804D84A00D21801D800207047012063
:106270007047491A002807D108467047C10FC9075F
:1062800000D54042002817D0F44603B40B4B1B68DE
:10629000984706BC81409E384042803107D20B06A9
:1062A00007D04900490AC005104308436047013040
:1062B000F8E7490A8902F5E770470000342000201A
:1062C000014B5B6A1847000038200020132310B5EB
:1062D00010481C78FFF713F80100012C13D10E4C65
:1062E0005422200000F05EF815230C4A9900013377
:1062F0006250202BFAD12262E2610948FEF7F8FFD2
:10630000084B186010BD012CF7DD8022024800F018
:1063100049F8F2E7534600003820002029630010B6
:106320004C3300003420002007B5604601880A0A7B
:106330000230DF2AFAD1C9B2820804D30288408829
:106340000004104300E00068014A5050039007BD6C
:106350003820002051434343C9188C46110C83B2A6
:106360004B4310B4040C614392B280B25043624379
:106370001C041B0C001910BC59411304120CC0184A
:10638000514161447047000001480421014B184706
:10639000500C00200D530010014B1B6818470000E3
:1063A000500C0020014B5B6818470000500C002087
:1063B000D02301221B06196D114201D0986D704740
:1063C00020BFF8E703BD10B5040000F0B1F8A04706
:1063D00010BDD02302221B06196D1142FCD0586556
:1063E00040BF704710B5FFF7E3FF10BDF0B50700E1
:1063F00089B00F200C000092FEF7F8F80021019000
:106400000F20FEF7DFF8002301260797D027069418
:106410001C00009A02ADEA60114A029356703F06D2
:106420006B60AE60A300EB580093002B03D13B6D73
:10643000334211D140BF0098FFF7CBFFFFF7B8FF01
:10644000009B83420AD10134062CEBD10F20019925
:10645000FEF7B8F809B0F0BDBB6DE8E70024E1E74E
:10646000D322002003239A438B1810B50C00190087
:10647000064A0C399268086018000838046004481D
:10648000043B18600348FFF7B1FF10BD00ED00E0CA
:10649000C7630010C56300100549064B10B599424B
:1064A00001D20121494280221201FFF7DBFF10BD1A
:1064B000000804200000042010B5024801F0BEFCD2
:1064C00010BDC046D6220020F0B500230F260C4C8C
:1064D0000139994201D9102B02D10022C254F0BDDA
:1064E00001275A08A25C9F43BF003A41324017007F
:1064F0003737092A01DC30321700C7540133E8E787
:10650000D62200207047000010B50148FDF7A6FF15
:10651000D0FC001010B5044C044B9C4200D310BDBD
:1065200008CC9847F8E7C046B0FB0010ECFB001021
:1065300010B5044C044B9C4200D310BD08CC9847C6
:10654000F8E7C046E4FB0010ECFB0010054B064AE0
:1065500006491A60064B074A136018000A68904300
:10656000FBD1704700E00040BFCDFBFE08C00040FB
:10657000FE7F3C0000F00040044BDB6C002B03D19D
:106580008022034BD2021A607047C04600001150AF
:106590004C201150044A054B1A60054A1368DB0170
:1065A0008033FBD17047C046FFFFFF0100F0004081
:1065B00008C000404022034B9A675A671A67DA66A0
:1065C0007047C04600F0014010B501F0F1FB10BD6E
:1065D00070B50B490B4C0C4D641AA4082200302CEA
:1065E00000D9302228009200FFF7DCFE074B2F2C49
:1065F00002D9074B9D6070BDA200AB500134F6E795
:1066000000300010C030001000000020C130001029
:1066100000ED00E0002373B5284DAB6701F0FAFBF5
:106620000122274B1A606B6C012BFCD10322254BF6
:106630001A60AC6B012CFCD10226052521000096C6
:106640000623214A2148FEF7EFFD2B00210000958B
:106650001F4A2048FEF7E8FD3100002204201E4BAF
:10666000FEF768FD2800210000221C4BFEF762FDAA
:106670000022072011001A4BFEF75CFD00220820C3
:106680001100174BFEF756FD80230022DB0011009E
:1066900000930920124BFEF73BFD00220F4B110027
:1066A0000620FEF747FD0420FEF74CFD0D49FEF7DE
:1066B000ABFE0100002001F0A5FB73BD008000408F
:1066C0003CB0004030B00040002F685900800240CC
:1066D000008C864700C00240001BB700405973077A
:1066E000006CDC0240420F000020704770B50500CE
:1066F0000C001600486900F023FD3200280001213B
:106700006369984770BD000070B505000024144B04
:106710001B781A1DA2420FDA542200211148FFF7FC
:106720003BFE1022FF211048FFF736FE2022FF21FA
:106730000E48FFF731FE07E0A34206D90C4B620179
:106740001B689B18002B04D170BD0A4AE31A5B0139
:106750009B182800DB6801349847E4B2D7E7C046AD
:10676000B5210020BA210020BE210020CE2100202A
:10677000A41600206CFD0010704770470020704781
:10678000002070470020704770477047704770477F
:10679000024B1878C007C00F7047C046BA210020CE
:1067A000024B5878431E9841C0B27047BA2100206E
:1067B000024B18784007C00F7047C046BA2100202E
:1067C000094A10B513785B07DC0F002B08DA182391
:1067D00012781340182B05D1044B187801F0EEFB0A
:1067E000200010BD0024FBE7BA2100207C0C002013
:1067F00010B5034B187801F0EFFB012010BDC04627
:106800007C0C002010B5034B187801F0EDFB012043
:1068100010BDC0467C0C0020034B1878FF38431E87
:106820009841C0B27047C0467C0C0020F7B5284F95
:1068300005003B7801240191FF2B02D1002902D1F0
:1068400000242000FEBD002154222248FFF7A4FDB1
:106850000022214C214B20001A70FEF733F8204B08
:1068600020481C6001F0C4FA1F4C200001F0F6F92A
:106870001E4B1F4E1C601F4B002B04D0300000E04D
:1068800000BF1D4B1860002433781A1DA2420ADA9B
:10689000280001993D7001F04DFB041ED1D0280065
:1068A00001F07CFBCDE7A3420CD9134B62011B68BE
:1068B0009B18002BC4D05B68002BC1D001349847D3
:1068C000E4B2E1E70D4AE31A5B019B18F3E7C04627
:1068D0007C0C0020BA210020C4190020CE22002008
:1068E000CC190020740C0020600C0020D01900206E
:1068F000B521002000000000A41600206CFD00104F
:10690000702270B58B780C0000201A420CD1074B16
:1069100020001D78064B997800F064FF002803D012
:106920002100280001F082FB70BDC0467C0C0020D5
:10693000BA210020F7B50C0016001F0000250190B9
:10694000AE4201DC012003E06378052B01D000207A
:10695000FEBDE3789B079B0FBB42F8D12100019855
:10696000FFF7CEFF0028F3D0A378DA09012A05D17A
:10697000099A137023780135E418E1E7089AF8E7DB
:106980007F2010B50840C909044B054A3431400046
:1069900040188018196800F0E3FE10BDCC190020E3
:1069A000BA2100207F2010B50840C909044B054AD0
:1069B0003431400040188018196800F0F8FE10BD0E
:1069C000CC190020BA21002070B57F240E480C405D
:1069D0006400CD0904196419303425790020ED07CD
:1069E00010D40125267909482E430078267101F03C
:1069F00051FB002806D104222379AB43237123796C
:106A00009343237170BDC046BA2100207C0C002046
:106A100010B50B4B0C00187801F04EFB7F22094B90
:106A20002240520099180223E409091930310A79E9
:106A300013430B7101230A7913430B7110BDC04638
:106A40007C0C0020BA21002010B50B4B0C001878EC
:106A500001F04EFB7F22094B22405200991802227E
:106A6000E409091930310B7993430B710B79013A21
:106A700093430B7110BDC0467C0C0020BA2100204E
:106A80007F22054B0A405200C9099B185B1830331E
:106A900018798007C00F7047BA210020F0B5B74BB6
:106AA0008BB01B78FF2B00D193E2B54B1D68696951
:106AB000EFF3108372B60A68002AFCD0BFF35F8F31
:106AC00007ACAB612100280000F0B9FF6A69AB692F
:106AD000BFF35F8F0021116083F31088884200D1DB
:106AE00077E2607801380728DFD808F0F9FF08005E
:106AF00011009B0281028C0219004D029402207841
:106B0000FFF702FE00F012FB9E4B22799A70CCE751
:106B10002078FFF7F9FD00F009FBFFF736FEC4E728
:106B2000994B1A78002A00D153E21A78013A1A7068
:106B300018780028B9D10126924D04212B782778A6
:106B400033432B702B0034331A78B2431A701A78FF
:106B50008A431A702B0035331A78B2431A701A78A8
:106B60008A431A7000F0ECFA602223791A40602AF6
:106B700028D0402A0AD1854800F0E2FA31003800D6
:106B800008AAFFF7B1FD00288FD11BE0DB06DB0E62
:106B9000012B00D16AE1022B00D1A0E1002B11D121
:106BA000202A25D1227A0F2A0CD8237AEB181979BA
:106BB000774B1B7899420FD2764B49011B685918C5
:106BC000002910D107AC2078002101F075FA80214E
:106BD000207801F071FA68E71A1D8A42F2DBC91ABF
:106BE0006D4B4901C91808AA3800FFF77FFDCAE7B5
:106BF00060790928E6D808F09BFF2A012201E5FF09
:106C00001901E5FF0A00D700E5FF16001C0008A8DF
:106C100000F09CFA3800A17901F0C6F902232A7825
:106C200013432B7041E706AA6B78023213700123DD
:106C300017E1A4796B789C4200D19AE06B78002B25
:106C40000BD00021380001F0D7F9380001F01EFA0E
:106C5000AE783800FFF758FDAE706C70002C00D194
:106C600085E0013CE0B2FDF73DFA00283DD04378D5
:106C70000393022B39D10121C279931152110B4098
:106C80000A4012015B0113432A782F318A431343D0
:106C90002B700500C37882781B021343C318093593
:106CA0000493049BAB4202D8FFF76EFD61E0012222
:106CB0006B7801920B2B03D1EB7801932B78ED18B5
:106CC0006B78042B11D10026049B5B1B9BB20593B0
:106CD0002F4B1C78231D9E4207DCB44209D92D4A54
:106CE00073011468E418002C07D10022254B5A7058
:106CF00068E7294B341B6401E41829003800236934
:106D0000059A9847029008282ED9059B83422BD3D9
:106D1000019B012B0AD12369204A934201D1039A96
:106D200001921F4A934201D1039B0193002215490E
:106D3000019B9A420DD1330029001A48029A00F0B3
:106D400085FD029BED18124B1B7804339E42A8DD93
:106D5000CBE7AB78D318DBB2CB181879FF28C4D1B6
:106D600001321E71D2B2E3E70136F6B2B0E7FFF7A7
:106D70000CFD380008A900F09FF996E67C0C002075
:106D8000D0190020BA210020CE220020E966001090
:106D9000B5210020A41600206CFD0010B174001075
:106DA0001BEE0010CE210020E3881A0A501EDBB231
:106DB0000E2800D906E708F0BBFE0F0024002D00C6
:106DC00005FF05FF3600240005FF05FF05FF05FF51
:106DD00005FF05FF05FF1A00FDF74AF91223021E01
:106DE00000D1EFE6380008A900F078F9CBE6FFF70C
:106DF000C5FC021E00D1E5E6C37881781B020B4377
:106E0000F0E71800022A02D1FDF76CF9F1E7FFF76D
:106E1000B9FCEEE718002189FDF722FA021E00D125
:106E2000D0E60378DEE7FFF7ABFCF7E7E388012B5A
:106E300000D0C7E62A78073313432B7099E7E3881D
:106E4000012B00D0BEE608222B789343F5E72B7880
:106E500006AA980699080223C00F1940023201437E
:106E60001180380008A900F039F91EE6227A0F2AAD
:106E700000D9A7E6237AEB181979714B1B78994250
:106E800024D2704B49011B685918002900D199E69A
:106E9000380008AAFFF72AFC002800D005E6602287
:106EA000150023791D401A4200D08BE663790A3B16
:106EB000012B00D986E6280000F042F963790A2BFD
:106EC00000D056E706AB9A1C1570B0E61A1D8A4230
:106ED00000DA77E6C91A5C4B4901C918D8E7702077
:106EE000237AD9B2184200D06CE67F230B405B00B6
:106EF000C809EB181B181E7D514B1B789E4216D2F9
:106F0000504B76011B689E19002A1DD1637902201F
:106F10001A008243012A1BD0002B00D052E6380011
:106F2000FFF7AEFD06AB9A1C1080022399E7181DEF
:106F3000B04200DA80E0F61A434B7601F618002AD8
:106F4000E4D0310008AA4FE6002E00D13AE6F8E777
:106F5000E288002A04D13800012B12D1FFF774FD1A
:106F6000002E00D1A1E5310008AA3800FFF7BEFBD2
:106F70003535002000F0E4F82B78DB0700D594E5E8
:106F8000F7E6FFF745FDEBE77F2221792F4B0A401B
:106F90005500C8095B191B18180001263030057907
:106FA000B543057105790336B5430571002A05D14E
:106FB00062792078A36800F0D7F876E5204A1B7D37
:106FC0001278934207D21F4A5B011268D318002B34
:106FD00008D10BB0F0BD101D9842FADB9B1A1A4A7B
:106FE0005B019B189D6962792078A368A8475CE5DE
:106FF000164B1A78D20700D457E518780007C00F4F
:10700000FFF7C4FB51E5114B1B78DB0700D44CE5BF
:10701000FFF7BDFB49E56368002B00D145E5A0689B
:10702000984742E50122094BDB78134200D13CE549
:107030006068FFF7A2FB38E5161E00D166E7C1E5E0
:10704000B5210020A41600206CFD0010BA210020FC
:1070500070B5124B06009C89D889221A151C92B271
:10706000402A00D940251A78ADB27F2A09D9844236
:1070700010D099682A000A48FFF794F98021084A3D
:1070800003E000210A008442F9D12B003000FFF711
:107090009BFC70BD80210022F7E7C046B01900209C
:1070A0007019002080238B431900002310B51A00AB
:1070B000FFF78AFC10BD000070B5074C06000D00FC
:1070C00008222000FFF76EF9002330002978A36022
:1070D000E360FFF7E7FF70BDB0190020F7B5124D70
:1070E00016000190082228000C001F00FFF75AF933
:1070F0000023AE60EB81E379A2791B0213431A1CD3
:10710000BB4200D93A1C91B2AA81002B07D00029BA
:1071100001D0301E02D00198FFF79AFFFEBD217802
:107120000198FFF7BFFFF9E7B019002010B514224E
:1071300000210248FFF730F910BDC046B019002009
:10714000014B18617047C046B019002010B5054CBE
:10715000010008222000FFF725F90023A360E36067
:1071600010BDC046B019002070B5234C1E00237816
:107170000500DA09C9098A420FD0002E01D000208B
:1071800070BD210000F046FF2369B34203D0220006
:107190000321280098470120F2E77F2B06D8A0683A
:1071A0000028ECD032001549FFF7FCF8A268E3890B
:1071B0009219F318A260E2889BB2E3819A4201D04F
:1071C0003F2E15D82369002B05D00221220028006C
:1071D0009847011E04D028002178FFF763FFCFE70E
:1071E000280000F069FF8021280000F065FFD2E749
:1071F0002800FFF72DFFC3E7B01900207019002009
:10720000F8B50500FFF7CCFA002825D0FFF7D0FA33
:10721000061E21D19224A4006C43124B1F19FA7848
:10722000824219D01034E418200000F0F7FB3F2808
:1072300012D93000F978FFF7A3FBB0420CD0200040
:1072400000F0ECFBF9783F2807D9074BEA01D21888
:1072500030004023FFF7B8FBF8BD3000FFF7A2FB7A
:10726000FAE7C04628170020A816002010B5040031
:10727000FFF796FA002801D1002010BDFFF798FA19
:107280000028F9D1922080006043034B181803793D
:1072900001201840F1E7C0462817002092239B00E8
:1072A000434310B50248181800F090FB10BDC046CB
:1072B00038170020094B70B504009A4200D91A0013
:1072C000922080006043064B92B2C01800F0D5FBBC
:1072D00005002000FFF794FF280070BDFFFF0000AD
:1072E0003817002092239B00434310B5024818181A
:1072F00000F0E4FB10BDC04638170020F7B5019040
:10730000FFF74EFA002803D0FFF752FA071E01D00C
:107310000020FEBD9224019BA4005C432600144D76
:1073200024367619300000F051FBB842F0D02D1908
:107330003800A978FFF724FBB842E9D0019B300060
:10734000DC010C4B4022E418210000F096FBA978E8
:107350000600B84208D0030022003800FFF734FBD3
:10736000B842D5D03000D4E7FFF71CFBD0E7C046C9
:1073700028170020E816002070B59224A40044438A
:107380000A4B0500E4180A4B9A4200D91A00200063
:1073900092B200F0DEFB0600200000F017FB3F2851
:1073A00002D92800FFF7AAFF300070BD4C1700205B
:1073B000FFFF000092239B00434310B502481818BA
:1073C00000F02CFB10BDC0464C170020F7B59222F0
:1073D0000025164C002120009200FEF7DDFF144B23
:1073E00080221D70FF236371E1235B02A3600823E9
:1073F0001049A37352000095073B0F4800F0B5FAFF
:10740000012380220D49009352000D4800F0ADFA8F
:107410000C4F3800FDF756FA0B4E3000FDF752FACC
:10742000E561276226636563F7BDC0462817002023
:10743000B6210020601700203817002060180020B7
:107440004C1700206019002068190020074B1A6AA9
:10745000196B002A02D00022DA611A62002902D0D8
:1074600000221A635A6301207047C0462817002083
:1074700010B5052200210A48FEF78EFF094C23783B
:10748000DB0702D4084800F0E9FB23789B0702D40D
:10749000064800F0E3FB0121044800F0FEFB10BDAC
:1074A00028170020B6210020381700204C17002094
:1074B000F7B54B790700022B02D18B79022B02D052
:1074C00000252800FEBD1E4EB378002BF8D10925FB
:1074D0008B7833700C780C196378242B20D195426B
:1074E00019D96378042B12D163790A2B0FD1154B6C
:1074F00026780193144B380000930223A1191A0037
:10750000FFF718FA0028DBD00E357519ADB2002050
:10751000FFF776FED5E723785D19ADB2E418DBE717
:10752000052BDED121003800FFF7EAF90028C7D08B
:10753000A378737023785D19ADB2E418D1E7C04623
:10754000281700202A1700202B170020F8B5040068
:107550000B001078110060220240202A07D12B4F27
:107560004A790D79387812022A43904201D00020DE
:10757000F8BD487820380328F9D808F0E1FA021558
:107580001837012B06D107232000214AFFF7A6FD5B
:107590000120EDE7032BFBD11E4B002BF8D0002080
:1075A0001B49FCF7C5FBF3E7012BF1D1EBE7012BFE
:1075B00003D12000FFF780FDEAE7032BE8D1012685
:1075C000CC788B78310024021C4325001248A1435B
:1075D0003C7100F062FB114B3540002BD8D06208A3
:1075E000290000203240FCF793FBD1E7012BE0D0CB
:1075F000032BCDD10A4B002BCAD08B78C978002041
:107600000902194300E000BFC2E7C0462817002066
:1076100030170020313D00104C170020113D0010A4
:1076200000000000F0B5334C85B003901D00E378F6
:107630000F008B4206D0A3788B4218D0002528007B
:1076400005B0F0BD2C4BAAB202932C4B0299180046
:10765000019300F07EFA2A4B002B15D1294B002B09
:1076600027D10020FFF7CCFDA378BB420AD1264BDF
:10767000002B02D0002000E000BF0020FFF73EFEFC
:1076800000281ED00125DAE763790026FF2BE5D01C
:10769000AE42E3D0029B62799B5D9A4207D101988A
:1076A00000F0A5F9002802D1617900E000BF0136A1
:1076B000EEE7019800F09BF90028D2D100E000BF6E
:1076C000CFE7124800F082F90028DBD18542D9D0FB
:1076D0003F232E001E401D42D4D1A1780398FFF70E
:1076E0004FF9051ECED033003200A1780398FFF782
:1076F0006BF9A4E728170020A816002038170020EF
:107700000000000000000000000000004C170020F6
:107710000A0013B500290CD16B460124100001A901
:107720009C80FFF783F8031E01D00A4A14701800EA
:1077300016BD012801D90023F9E709780029FAD0FC
:10774000044B195401239942F1D11100FFF76EF84F
:107750000300ECE7B821002010B5FFF75DF810BD7D
:10776000F8B503780400DB070F00DD0F002B1CD1F8
:10777000067876079E4214DB01213800494208F062
:10778000CFF92378DB07DD0F002B0CD123785B07C3
:1077900004D404230125227813432370380008F011
:1077A00087F92800F8BDF50FF8E70025F9E770B56F
:1077B0000D00012104004942280008F0B1F92378A6
:1077C0005B07DE0F002B06DA2378DB0708D40422E0
:1077D000237893432370280008F06AF9300070BDC5
:1077E0000026F8E7437902791B021343C2785B0550
:1077F00092075B0D920F022A0CD00020032A16D0AC
:10780000012A13D102394A4251410D4A891899423D
:10781000404105E0914205D10A4A98184342584137
:10782000C0B203E0002040229A4240417047023932
:107830004A1E9141044A494211408022D200E5E7A4
:10784000FF03000000FEFFFF40FCFFFF70B57F2636
:107850008A18914200D370BD4C78052C06D18D78E2
:107860002C0034406400ED09041963550C780919A3
:10787000EFE78A1892B24000914201D8824201DBC0
:10788000121A92B21000704770B504000800D11AA5
:10789000A58889B29A4202D26E00891989B20E1E59
:1078A00011D08D4204D295420FD8521B93B26381FE
:1078B0009D420CD9E28821685204520C5343C918E6
:1078C000FEF770FD0126300070BDAA18EEE75B1BC5
:1078D0009BB2EDE7F0B585B003910AA90C88019041
:1078E0001D1B8688ADB2A34202D271006D18ADB2E5
:1078F000002D21D0AE4206D29E4220D89B1B3500DF
:107900009CB2019B5C812B1C954200D9131C9DB23B
:10791000A64216D9019B019ADB8811685B045B0CB7
:1079200002936343371BBFB2C918BD420CD8029AF9
:1079300003986A43FEF736FD280005B0F0BDF31842
:10794000DDE7A41BA4B2E3E7029B03985F43BFB249
:107950003A00FEF727FD039BAE1BD819029BA21924
:107960005A43019B92B21968E4E7F7B5019308AB5B
:107970001D78802304000F00160000201B029A428D
:1079800023D8E068002803D00121494208F0C8F854
:107990002069002803D00121494208F0C1F8019B69
:1079A000ED035B045B0C1D430023E06863812760EB
:1079B000A680E5802381984201D008F079F82069FB
:1079C000002801D008F074F80120FEBD82880389E8
:1079D0004089834207D31B1A9BB2101C9A4200D9DC
:1079E000181C80B270475100091A5B18F4E703892C
:1079F0004089181A42425041C0B2704710B50389FD
:107A0000418984888B4205D35B1A00209BB2A34234
:107A1000404110BD6200521A9B18F6E78288038924
:107A20004089834207D31B1A9BB200209A4201D996
:107A3000D21A90B270475100091A5B18F4E770B57A
:107A4000040000690D00002803D00121494208F01C
:107A500067F82900228920006389FFF715FF0500D8
:107A600061892A00A088FFF704FF6081206900284F
:107A700001D008F01DF8280070BD73B5040000693E
:107A80000D001600002803D00121494208F048F8F3
:107A9000238962892900009220003200FFF71AFF33
:107AA000050061892A00A088FFF7E3FE6081206954
:107AB000002801D007F0FCFF280076BD70B5040057
:107AC00000690D00002803D00121494208F028F880
:107AD0002900228920006389FFF7D6FE050020696E
:107AE000002801D007F0E4FF280070BDF8B50400BD
:107AF000C0680E00002803D00121494208F010F8A8
:107B000020002589FFF77AFF002804D0E3791B06BF
:107B1000DF0F002B13DA2800A388834216D9E288EE
:107B200023685204520C504331001818FEF73AFCF7
:107B300001222900A088FFF79CFE01272081E06830
:107B4000002801D007F0B4FF3800F8BDC01A80B299
:107B5000E3E7F0B585B00600141E01913AD0C06885
:107B6000002803D00121494207F0DAFFF379378971
:107B7000B58871891B0634D48F422ED3791A89B205
:107B8000A94266D2691A0B1C89B2A14200D9231CF2
:107B90009CB20097009BAB4243D2F28830685204FB
:107BA000520C02920299009AEB1A4A439BB2801837
:107BB000A3423BD30A0062430199FEF7F3FB220084
:107BC0003900B088FFF755FE25003081F0680028A5
:107BD00041D12C00200005B0F0BD6B00591A791876
:107BE000CDE7AC420CD3002DF0D0631BF4880F001E
:107BF0006404640C5C43019B1B1901932C00C8E7CF
:107C00006A007B1A8F4201D2531AFB189BB21B19D0
:107C10009342BEDB2A1B280092B2FFF72AFE070020
:107C2000B7E7009B5B1B9BB20093B3E7029A0199F5
:107C300053439BB21A000393FEF7B4FB009B651BF2
:107C40005A19029B01995A43039B306892B2C91892
:107C5000B3E70025BAE707F02BFFBAE710B5040039
:107C6000C068002803D00121494207F059FF20696C
:107C7000002803D00121494207F052FF0023E068A9
:107C800063812381984201D007F012FF2069002808
:107C900001D007F00DFF012010BD70B50400C068D1
:107CA0000D00002803D00121494207F039FF206967
:107CB000002803D00121494207F032FF7F23E179F8
:107CC000ED011940E0682943E171002801D007F077
:107CD000EFFE2069002801D007F0EAFE012070BD08
:107CE000EFF3108072B6034A1368002BFCD0BFF389
:107CF0005F8F70472C0100D0BFF35F8F0022024BD3
:107D00001A6080F3108870472C0100D00722CB083E
:107D1000C35C0120114088401840431E9841C0B206
:107D20007047F8B505000C001700FFF7D9FF2100D8
:107D300006002800FFF7EAFF002803D021003800E2
:107D4000FCF78CFBE308ED1807231C40063BA3401F
:107D50002A78300013432B70FFF7CEFFF8BDF7B53C
:107D600005000E0014001F00FFF7BAFF0190BC428F
:107D700002D9012464420DE021002800FFF7C6FF6C
:107D8000002811D10721012321408B40E208A95C82
:107D90000B43AB540198FFF7AFFF002C06DA002E1F
:107DA00004D00898FCF75AFB0134E0E72000FEBD40
:107DB0000021044B044ABFF35F8F02C39342FAD100
:107DC0007047C046000100D0800100D0024BC918A6
:107DD000890001607047C04640000034034BC91859
:107DE00089000160BFF35F8F7047C04640000034D8
:107DF00010B504000120FCF755FB01002000FFF73F
:107E0000EDFF10BD8023024A9B000B43D3627047F5
:107E100000800540AA22064B12011A602132FF326F
:107E2000DA600449044A11605A68002AFCDA704793
:107E30000040024000B0FA000060024010B588B077
:107E400004000D2200216846FEF7A6FA0D2200214B
:107E500004A8FEF7A1FA6A464B236846137004A9EA
:107E600000230D2207F01CFE152108222000694482
:107E7000FEF798FA08B010BD7F230340F0B5C4099F
:107E80005F001A4D3E197601AE19B070C043C0B202
:107E9000C00970700020F2769A01F0703183A81842
:107EA000D900012C10D1124E8919816200203F198E
:107EB0007F01EF19B9680860834209D164012C1968
:107EC00063600C4BE360F0BD0B4E89198160EDE7F8
:107ED000013BDB00012C04D10849AA185B1853624E
:107EE000F1E7AD18064A9B186B60ECE71C1B0020FD
:107EF00080001050000110508400105008001050F5
:107F00000C001050038BC27E3F339B0910B5D90182
:107F1000022A00D09901054A1368C3605B181360F8
:107F2000034A934201D9FEF7EFFA10BD1C1F00204F
:107F3000FF0F105010B500F0F1F80C23124CFF2287
:107F4000A36705201149FCF78DFB40220021104852
:107F5000FEF722FA002240211000FFF78DFF0022D9
:107F600040218020FFF788FF07F0FAFD80230120E1
:107F700080229B052064E364064B90342360064B0B
:107F80005202DA6410BDC04600001150890600207C
:107F90001C1B002010D001000020115010B5012141
:107FA0000520FCF70FFB10BD002210B511000248A0
:107FB00000F0D4F810BDC0463C1B00208023044ACA
:107FC0009B0213608023034A5B01D3647047C04661
:107FD00090201150002011508022024B5202DA648E
:107FE0007047C046003011508022024B5202DA64C2
:107FF0007047C04600201150044B1970002903D06F
:108000008022034B92021A607047C046B7210020BD
:10801000902011500B785B0605D14B78052B02D1CF
:108020008A78014B1A60704700001150CA7800200E
:10803000920770B5920F012A0ED07F248D780B79AC
:1080400049792800090219434905490D2C40FFF7D9
:1080500013FF002C01D1012070BDED096400094B14
:1080600064196401E4182000FFF74CFFE37EE16827
:10807000054A9B064A401343802212061343626856
:108080001360E8E71C1B00200000105010B507F03B
:1080900067FD10BD7F2010B508404000C909401899
:1080A0001100044A400180181A0000F057F801201E
:1080B00010BDC0461C1B00207F2307B508001840D8
:1080C000194204D14B424B41074A01339366802247
:1080D000C9094000054B401840010021C018120199
:1080E00007F056FD07BDC046002011501C1B0020A4
:1080F0007F220B0010B5134011420AD00022C9099B
:108100005B005B1803485B01C0180349C27007F0AD
:108110003FFD10BD1C1B0020FFF7FFFF80230A4A14
:108120005B0410B51360094A09481360190002681E
:108130009143FBD1802207485201FEF72DF9092215
:10814000054B5A6710BDC04600E0004000F00040FB
:1081500008C000400000105000001150002310B56E
:10816000C3820133828283760161040007F008FD37
:10817000002803D08022074B92021A60200007F0EB
:1081800087FC002802D00123237710BD200007F0D0
:10819000DFFCFAE7902011508022094B5202196D42
:1081A0001142FCD009225A67064B053A1A60064B69
:1081B0001A68064BDA67064B1A68064B1A64704752
:1081C0000000115080301150141B0020004001406D
:1081D000201F002000C0014010B5FFF7DDFF002088
:1081E000002110BD1FB51020FCF780F9082801D12F
:1081F000FEF78AF9264B0F20DA6F264B1A60264BC2
:108200001A6C264B1A6001221100FCF779F9022141
:108210000F20FCF795F9224B03211A6808235340DD
:108220001F2213401F4A0F201360FCF779F9022226
:108230001D4BDA671D4B9218DA671D4B08325A67DF
:108240001B6D1B079B0F012BD2D1FCF71FFD0400F8
:10825000FCF7AAFEFA220023920012184B41002BD1
:1082600002DA0122134B52420121029100210191B5
:10827000114920000091FCF75FFD002806DAFA2082
:1082800000218000FCF798FEFFF786FF1FBDC04667
:1082900000400140141B002000C00140201F0020AE
:1082A0007C4001407C5001400020115004201150BE
:1082B00000001150FFFFFF7FD9810010064B10B561
:1082C0001B6D1B079B0F04D0FFF78CFF00200021C4
:1082D00010BDFA208000FAE7000011501FB500F031
:1082E0002BF8012821D1FCF7D1FC0400FCF75CFE3F
:1082F000FA220023920012184B41002B02DA0122CD
:108300000A4B5242012102910021019108492000AB
:108310000091FCF711FD002807DA032205490B6DD7
:108320009B081342FBD0FFF75DFF1FBDFFFFFF7FE0
:10833000BD820010000011508023DB051868000F7B
:108340007047000010B5034A0349044802F078FA68
:1083500010BDC046D00C002035BD0010840C00209C
:1083600041680B4B10B50400994201D003F0E2FCC8
:10837000A168084B994202D0200003F0DBFCE168C1
:10838000054B994202D0200003F0D4FC10BDC0463A
:10839000C012002030130020A01300208B6E10B5F7
:1083A000DB0702D48B899B0501D5002010BD583115
:1083B000080006F0ACFCF8E78B6E10B5DB0702D4C2
:1083C0008B899B0501D5002010BD5831080006F0AF
:1083D000A2FCF8E7F0B53B4C3B4B3C4A200083B095
:1083E00000251A600423082200216030E360256024
:1083F0006560A560A56625616561A561FDF7CCFF97
:108400002000334F334E344B34495830009363626D
:108410000191A1622462E762266306F073FCD8230F
:10842000E5502F4B2000E3678023E5500433E550EF
:10843000082204330021D030E55025676567A56721
:10844000FDF7AAFF2200902320007032E250009A2C
:1084500001990433E2500433E1500433E750C8304B
:108460000433E65006F04EFCE0232000E5500433D0
:10847000E5500433E5501B4A6033E5505C3BE25065
:108480000433E55041300433E55008220433002121
:10849000FF30E550FDF780FF20008023E0305B00D7
:1084A000E0502000009A01990433E2500433E15077
:1084B00039300433E750FF300433E65006F022FC35
:1084C00003B0F0BDC0120020B81200204583001098
:1084D000F1A800101DA9001085A80010B1A8001077
:1084E0000900010012000200F0B5C6462C4F80467C
:1084F00000B5380006F00BFC2A4B1B68002B44D05B
:10850000294E7368013B26D4B46802E07034013B05
:1085100021D30C22A55E002DF8D12000234B58302A
:10852000E360A56606F0EEFB380006F0F4FB2000E1
:10853000082200212560A560656025616561A5614F
:108540006030FDF729FF6563A563A564E56420003D
:1085500080BCB846F0BD3568002D01D02E00D0E7B4
:10856000E8214046490006F0DAFB041E10D004233F
:10857000E02205602500436010300021A060520019
:10858000FDF70AFF34602E00BBE7FFF723FFB7E7D4
:108590003060380006F0BFFB0C2342461360D6E77C
:1085A000A8120020B8120020D00C00200100FFFF0C
:1085B00070B50500094C200006F0A9FB2B6A002BC2
:1085C00005D1074B2B62074B1B68002B03D0200003
:1085D00006F0A1FB70BDFFF7FDFEF8E7A812002032
:1085E00061830010B812002010B5024806F08FFB1E
:1085F00010BDC046A812002010B5024806F08BFB43
:1086000010BDC046A812002010B5044806F07FFB3C
:108610000020034A034902F013F910BDA8120020FC
:10862000D00C00209D83001010B5044A044900209E
:1086300002F006F9034806F06EFB10BDD00C0020D6
:10864000B9830010A81200200B0010B503490200E6
:108650000868816803F020FF10BDC046800C002030
:1086600010B513000A00816803F016FF10BDC04664
:10867000F0B5DE4657464E4645460C0081468B46D1
:1086800000200021E0B592469FB0002204900591A1
:1086900021001A9219910A780E002D2A03D8C24C93
:1086A0009000205887460021079100210891302A28
:1086B00000D1ADE02F2A01D800F034FD14003000C5
:1086C0000021002500270BE00130AB005D19199057
:1086D00004786D00AD18303D220001372F2C0FDDDE
:1086E000392C5ADC082FEFDD8B0001305B18199014
:1086F00004785B0099183039220001372F2CEFDC09
:1087000009910122A94903F057FE002800D1FDE09C
:108710000023B846002100220C930A934346002B05
:1087200000D006E1089B0B4360D1002A23D1692CBD
:1087300000D191E301DD00F054FD492C00D18BE321
:108740004E2C18D19A4919A804F036FB002812D0F3
:10875000199B1B78282B01D100F03DFE954804F0B1
:1087600035FC04000D0043E0002207924E1C1996D0
:108770004A78002A99D15346002B46D05A46002405
:1087800000251A60200029001FB0F0BCBB46B2468D
:10879000A946A046F0BD01317CE709910122834939
:1087A00003F00AFE002846D1199B5A1C19925B78E7
:1087B00014001800002F00D0ACE023000021302866
:1087C00007D119000133199318783028F9D0091B03
:1087D00001310300313B082B00D86EE2202398437F
:1087E000089B452800D12AE30B43C4D00024002570
:1087F0005246002A01D0199B1360079B002BC1D061
:10880000802109066B181D00BCE700240025B9E78C
:10881000727820318A43741C582A01D100F0E9FB98
:108820002600199432780134302AF9D0002ADDD09C
:10883000012308933EE70023002100220A970C93AE
:10884000202320009843452800D09AE3089B3B430F
:108850000B4300D18FE7199BB8469B460A9F5846A9
:10886000431C199344782B2C00D1B6E32D2C00D057
:108870008DE201230B935846831C199384782300BF
:10888000303B092B00D962E31998302C0ED1431CE0
:1088900019931C7818000133302CF9D000230A9367
:1088A0002300313B082B00D938E70133441C1994CD
:1088B000A44644780A932F2C01DC00F098FC109712
:1088C0002F000D00614694460A9A09E093009B1818
:1088D00001315B0019911A190C78303A2F2C01DD07
:1088E000392CF3DD0A92081A624629003D00109FD8
:1088F000082801DC00F07BFC2F4B0A930B9B002B1C
:1089000000D10BE70A9B5B420A9307E7199B5A1CAD
:1089100019925B7819003039092900D928E28C4670
:10892000002901D100F080FE012339000A970C9341
:10893000C7E30A9B0C9A9B1A0B93002F00D1474662
:1089400043461C00102B00DD10242800FDF732F8F0
:108950004346092B3DDC049005910B9B002B00D175
:1089600012E20B9B002B00DC54E2162B01DC00F022
:1089700046FC424625239B1A0B9A934241DB434611
:108980000F240E4DE41AE1006918049A059B03C9EF
:10899000FCF7A5FF0B9B1C1BE4002D190CCDFCF76D
:1089A0009EFF04000D0023E7A0FF00100CFE001046
:1089B0001CFE001038FF00101F4E0000F8040110CC
:1089C0003C00102F00DD10240023B8460C930A93BE
:1089D0000B932200D44B093AD2009B180CCBFCF726
:1089E0007EFF049005910998FCF7E4FF0B0002005C
:1089F00004980599FCF74CFF4346049005910F2B12
:108A0000ABDD43460B9A1C1BA4180994002C00DC18
:108A1000C0E10F22230094431340099400D199E34D
:108A2000C14ADB00D11803C9049A059BFCF757FF24
:108A300004900591002C00D08CE343463A003100AD
:108A40004846009504F002FE1490002800D178E317
:108A50000B990027CB4300260C9A0A98DB17101AB3
:108A6000CA1710401940B3463D0010901591E2E03E
:108A7000AE48C91A521A834200DA6EE201238B40D3
:108A8000119300231293099BB918B618F6180A918E
:108A90003B008F4200DD0B00B34200DD3300002BB2
:108AA00004DD0A9AF61AD21A0A92FF1A109B002BBA
:108AB00000DDF8E10A9A002A00DD0EE20B9B002B94
:108AC00000DD3AE2002E00DD2AE2002F08DD5946E3
:108AD0003A00484604F0F6FF8346002800D128E219
:108AE00048461A99089A05F089F8051E00D120E237
:108AF000C36859460A930023C36005F059F800285B
:108B000001DA00F07BFC059B984601D100F0FDFBEB
:108B10005946280005F02CFA80230022DB050600C8
:108B20000F00FCF72DFF002800D1ABE10A9B002BC2
:108B300000D01FE2049B002B00D0AAE243461B0397
:108B400000D04DE2002230003900794BFCF712FFD3
:108B5000002800D0ADE30022764B30003900FCF74E
:108B6000BEFE0A0001001300129113928022120629
:108B70009B180E900F9343460E9E0F9F6E4A134014
:108B80001A0011936D4B9A4200D100E2099B002B11
:108B900027D0D423119ADB049A4222D81298139931
:108BA000674A684BFCF7ECFE002815D01298139921
:108BB000FCF740FF002800D10130FCF7FBFE0A9BC8
:108BC00012901391002B00D06EE3802212068B18B6
:108BD00016901793169E179FD623119ADB04FB1845
:108BE0009F1A0C980D9905F0D9F802000B0030007F
:108BF0003900FCF774FE0C9A0D9BFCF749FE0E0041
:108C000004900591099B002B05D14B4B119A3340E1
:108C10009A4200D10AE248461A9904F0A3FC484659
:108C2000089904F09FFC5946484604F09BFC290033
:108C3000484604F097FC149C4846616804F04CFCDC
:108C4000031E089000D174E122690C3302320C3407
:108C5000210018009200FDF7A5FB0499059A1CABB2
:108C600001931BAB0C910D920093484613000A0030
:108C700005F018F9011E1A9000D136E1012148468D
:108C800004F0B2FD8346002800D152E11B9B002B6B
:108C900000DA1EE1109A159E9F1809991C9A5B1A1A
:108CA00036219B188A1A2849013B8B4200DADFE6FD
:108CB0000023129301331193E5E630235B429C4677
:108CC000199A4B1C0C9300231600012784440A9325
:108CD000AB005B195B0063441D0000210A98531C24
:108CE00019931C781A002300303B092B00D9DEE1D0
:108CF0009C464C1CA0466446531C002C01D100F03D
:108D00008DFC0C9B44469846A04443460A900C9325
:108D1000012C01D100F0B8FC04007B1C28000A9251
:108D200098462500099A1AE0F8040110E3FBFFFFBA
:108D30000000F03F0000E03F0000F07F0000E07F17
:108D40000000C0FFFFFFDF4102FCFFFF840020188E
:108D500040000133DC1B013CA14200DCABE15C1EA6
:108D6000082CF3DD102BF4DC9400A2185200F0E77D
:108D700020218B43452B68D02800FCF71BFE092FD0
:108D800000DD1DE604900591049C059D30E500235F
:108D90000B9374E5099B002B00D14EE60F221100C6
:108DA0005B421C11194009941A420CD0CC4BC900EB
:108DB0005B180CCB04980599FCF773FD04900591A2
:108DC000002C00D139E6099B1F2B00DD7AE2099ABD
:108DD0001023110019408B46134201D05A339B4691
:108DE00004980599099C04972F00BE4D01E064107A
:108DF00008350123234204D164100835012323429E
:108E0000F5D02A686B68FCF76AFD641000D160E257
:108E10000835F3E70B9B163300DAF2E50A990C9A52
:108E2000AF4B521AD2009B180CCB04980599FCF753
:108E300038FD04000D00DBE40122079296E40022D5
:108E400000270A920C92013202E500239346B846AD
:108E5000002101220C9302E5A34919A803F0ACFFFD
:108E6000002800D187E4199BA049013B19A8199358
:108E700003F0A2FF002802D1199B013319930024AB
:108E80009B4DB5E49B4B002230003900FCF727FDD9
:108E90000A9B12901391002B67D1802212068B1827
:108EA0000E900F9367E659461A00484604F08EFD6F
:108EB0001A998346002818D00A000100484604F099
:108EC000A9FC1A99041E10D0484604F04BFB1A94D2
:108ED000F0E5159A109FD61ADFE61A99484604F075
:108EE000F1FD011E1A9000D0E8E55E462F00222316
:108EF0004A4600247E4D1360484604F033FB484642
:108F0000089904F02FFB3100484604F02BFB48463B
:108F1000149904F027FB3900484604F023FB67E46A
:108F200032004846089904F0CDFD0890002800D092
:108F3000CBE55E462F001A99D9E74846159A08995D
:108F400004F044FD0890002800D0BBE5F1E75B4643
:108F5000199300230A93FFF7E1FB6749CB1A01211C
:108F600099400123129111938DE5129B139C0E934E
:108F70000F9400E60023614C0E930F941293139408
:108F8000F9E50023B8460A9F0A93FFF7C7FB43465B
:108F90005B4A9B180593049E059F3000390004F03E
:108FA000FDFE0E9A0F9BFCF79AFC32003B00FCF78B
:108FB0006FFC4F4B534A049005910B40934200D8ED
:108FC000C3E0514B984502D10C9C0134B1D0012330
:108FD0004D4C5B42049305941DE600230B934AE439
:108FE00000234A4C0E930F940023444C1293139485
:108FF000C1E50293079B484601931AAB0093444A8C
:109000001BAB19A901F03CF80F231F000500074016
:10901000034201D1FFF7EAFB062F00D0FCE000235A
:109020001994002500240793FFF7E2FB1298139987
:10903000FCF718FDFCF70AFD02000B0012981399CB
:10904000FCF71DFC049A0A9B36031343360B0C9065
:109050000D91304A33430DD10C980D992E4BFCF7EE
:1090600089FC002800D1D6E55E462F00049C059DB2
:109070001A9941E7294BFCF77DFC0028F4D10C98A4
:109080000D99274A1B4BFCF783FC002800D1C2E551
:10909000EAE7012BA4D14346002BA1D15E462F0065
:1090A00022234A46002400251A99136024E701224E
:1090B0000A90FFF7C5FB09920A9A0A950500013943
:1090C00041444F1C082900DC02E60021102F00DD7E
:1090D00004E6099883001B185B0063440993FDE5CF
:1090E000F80401109800011010FE001014FE00108A
:1090F0000000F07F0000E03FE2FBFFFF0000F03FD8
:109100000000B0FCFFFF9F7CFFFFEF7F0000F0BF7F
:10911000700001109535A094FFFFCF3FFFFFDF3FA8
:1091200035E5AF3501223000CE4903F045F900287E
:1091300000D1AFE0089B002B01D1FFF71CFBFFF72C
:1091400055FB22234A46136099E6D4239B04CE188C
:10915000059657E59A23099A5B009A42F1DC099B30
:109160001C11012C00D1BCE104980599BE4B04955B
:1091700008979B4637001D0000260123234203D099
:109180002A686B68FCF7ABFB013664100835012CCC
:10919000F3D1049D0490059134003E00089F059B87
:1091A000B24AE1009B1805935944049A059B03C9F0
:1091B000FCF795FBAE4BAF4A049005910B409342F0
:1091C000BFD8D420AC4A800409180591934204D931
:1091D0000123AA4C5B420493059400230993FFF7F3
:1091E0002CFC6E2C01D1FFF7ADFAFFF7C4FA0A98F8
:1091F000A34B984201DCFFF781FBFFF77EFB0B9A44
:10920000A04BD100591803C9049A059BFCF767FBD2
:1092100004000D00FFF7ECFA1A9A002A07D0352156
:109220001CA804F0EDFE48461A9904F09BF9052F9E
:109230000ED8954BBF00DB599F461C9A9349049268
:109240001D9A1B9B0A4092495B181B051A43059205
:10925000ED0511D4059B864A134200D094E503F036
:10926000ADFA222303608FE501238A4C5B4204930D
:109270000594ED0500D487E58023059A1B0613436A
:109280000593E8E77A4B0593F3E71C9B1D9C049339
:109290000594DDE7199C00252300013419945878C2
:1092A00000230993FFF789FA129B139C16931794D6
:1092B00090E40023784C0E930F940023774C129384
:1092C000139458E422234A46002400251360FFF734
:1092D0008FFA5B463D00049F04900591002B6FD0F0
:1092E0006B234A00520D0C009B1A002B68DD1F2BCC
:1092F0005FDD00210491342B00DC86E1DC239B043C
:1093000005936A230993FFF798FB42460A991203D3
:109310002F000C9C0D9D5E46129B120B002900D164
:10932000C8E05F498A4200D112E1002B00D129E157
:1093300042461A4238D02000290004F02FFD099B34
:1093400004900591002B00D14DE143465A006B2358
:10935000520D9B1A002B00DC63E11B059C46514912
:10936000002261440B0004980599FCF7B8FA02004A
:109370000B0020002900FCF78BFA04000D002000F0
:109380002900494B0022FCF7AAFA394B04000D00D2
:109390000B4200D06CE622234A461A991360ABE5D3
:1093A00042461A4200D0A8E0099B002BE7D11A9947
:1093B000A2E5012252429A40024004920498059983
:1093C00000220023FCF7CEFA002800D07AE75B46A3
:1093D0000993FFF732FB35491CAA19A803F004FDD5
:1093E000052801D0FFF7BAF91D9B214A1A431C9B9F
:1093F00005920493049C059DFFF7FAF90A9B2F0040
:109400000499059A0C9C0D9D5E460B43CCD1904669
:109410001303C9D1164B1A40D6239346DB049A4254
:10942000C2D97B69002B02D13B69012BBCDD39001D
:109430000122484604F046FB3100070004F0B8FB67
:109440000028B1DD099B002B00D1B2E05B46184A31
:109450009B18134A1A4301235B4205920493049C10
:10946000059D8CE70CFE0010D00401100000B0FC3C
:109470000000F07F0000A07C0000907CFFFFEF7FE9
:109480001F4E0000F804011058000110FFFFEFFF0D
:1094900033040000FFFFFF7F0000E0BF0000E03F5B
:1094A000FFFF0F000000F03F000050398400011062
:1094B0000000F0FF002A18D1049A002A00D09CE096
:1094C000099B8B4275D04246734B1A40D623934674
:1094D000DB049A42BAD8DC239B049A4200D94EE7B7
:1094E000DEE56E4B00249B4659E6002B00D057E783
:1094F000119B049A134200D156E72000290004F082
:109500004DFC099B04900591002B41D043465A0025
:109510006B23520D9B1A002B00DC8AE01B059C4636
:109520005F49002261440B0004980599FCF7D7F9C4
:1095300002000B0020002900FCF7A1F90022002303
:1095400004000D00FCF70EFA002800D117E7A7E58C
:109550000999049A81423CD040464F490840D421A1
:109560008446C904884267D86B21000D081A6C39FB
:1095700081408A4277D0002B70D042461A4200D1F7
:10958000FDE6D8E6119B049A134200D10CE7D2E61F
:10959000049A059B20002900FCF771F900220023A2
:1095A00004000D00FCF7DEF9002800D078E51A99D8
:1095B000A2E44246384B1A991A401300394A9B18C4
:1095C000394A1A4301235B4205920493049C059D8A
:1095D00092E4511C32D0002B58D042461A4200D09F
:1095E000A9E61A9988E42000049A059B2900FCF753
:1095F0004FF90D0004001A997EE4002B00D0CFE64D
:10960000119B134200D1CFE677E74B239A1A4C3BCC
:1096100093401C40059404980599D1E64146FFF714
:109620005FFB049A059BA4E60C910A970131FFF7B2
:1096300055FB049A059B7DE7511C9CD142461B4B70
:109640009A421AD0144B1A401300802252039B18DE
:10965000059300230493049C059DA5E6119B1342EA
:1096600000D18CE667E68022634652039B1805937F
:1096700000230493049C059D81E622234A4600248E
:109680001A99054D136037E439001AE5119B13420E
:1096900000D050E61A992FE40000F07FD0040110AA
:1096A0000000F03F0000F0FFFFFF0F00FFFFEF7F23
:1096B00010B5024BFEF7DCFF10BDC046DC0C0020ED
:1096C000844610B51300034A10680A006146FEF78D
:1096D000CFFF10BD800C0020844610B50A0003495E
:1096E000034B08686146FEF7C3FF10BD800C0020E5
:1096F000DC0C0020F8B5CE46040047461300274A8C
:1097000080B5106891460A002100FEF7B1FF020003
:109710000B0004000D00FCF740F900282FD12900B0
:109720002000FCF7CBF947007F0880461C49381C15
:10973000FCF793FD00281DD11949381CFCF780FD6A
:10974000002817D101226B005F0820003900154B5B
:109750005242FCF722F9002808D1012220003900EA
:10976000104B5242FCF70CF9002803D04B46222242
:109770001B681A604046C0BCB946B046F8BD0A48EE
:10978000002D06DA03F028FC802212068318984682
:10979000F0E703F021FC8046ECE7C046800C002097
:1097A000FFFF7F7FFFFFEF7F38FF0010F0B5C64659
:1097B00000B52C4E0A002C4B010082B03068FEF739
:1097C00057FF02000B0004000D00FCF7E6F800282C
:1097D00039D129002000FCF771F947007F08804645
:1097E0002249381CFCF739FD002823D11F49381CB9
:1097F000FCF726FD00281DD101226B005B080193B8
:1098000000941B4B524200980199FCF7C6F80028BF
:1098100008D1009801990122154B5242FCF7B0F88B
:10982000002807D0222233681A60404602B080BC6C
:10983000B846F0BDFF234246DB051342F5D10D4B80
:109840002B42F2D0EEE70C48002D06DA03F0C4FB01
:109850008022120683189846E7E703F0BDFB804696
:10986000E3E7C046800C0020DC0C0020FFFF7F7F78
:10987000FFFFEF7F0000F07F38FF0010F0B5C64615
:1098800000B51D001400002388B0002D04DA8021EB
:1098900009066B181D002D23109A13702022129BAD
:1098A00093439846462B5AD0452B3AD007AB0493A6
:1098B00006AB0393119B220002930E9B019302239C
:1098C00000932B0001F0E8F8129B0600672B21D1D2
:1098D0000F9BDB0715D50E9BF718002300222000F5
:1098E0002900FCF73FF83B0000280BD1079B3021F3
:1098F0009F4207D95A1C07921970079BBB42F9D3A4
:1099000000E0079B3000139A9B1B136008B080BCDB
:10991000B846F0BD129B472BDDD10F9BDB07DAD495
:10992000EFE70E9B01330E93022307AA049206AAC7
:109930000392119A009302920E9A2B000192220038
:1099400001F0AAF80E9B0600C7184346462BC4D167
:109950003378302B05D0119B1B68FF18BDE703231C
:10996000E3E70022002320002900FBF7FBFF00288B
:1099700003D0119B1B68FB18C4E701230E9A9B1AA6
:10998000119AFF181360A8E7F0B54F46D646464631
:10999000C0B50C0082B007002B230270002901DA49
:1099A0004C4202337B70092C31DDBB1C9A46984631
:1099B0006B46DE1D20000A21FBF7FEFC350030312E
:1099C000013E200031700A21FBF7F6FC2300040061
:1099D000632BEFDC6A46AB1E303407321C709342B7
:1099E0000DD25246197801331170694607310132A0
:1099F0009942F7D109266E445644731B9846434654
:109A0000D81B02B0E0BCBA46B146A846F0BD302330
:109A10003034BB703B1D9846FC70F0E7F0B5DE4675
:109A200057464E464546E0B591B0884692461A9C48
:109A30009B46814600F06EFE036818000A9302F010
:109A40008BFC00230E9343460B901B7E072208934A
:109A50004346196823680991073393431A00083273
:109A60002260C0CB434601229E64DF647B005D0818
:109A700030002900C84B5242FBF78FFF002808D165
:109A8000012230002900C44B5242FBF779FF002825
:109A90007CD032003B0030003900FBF77EFF00280D
:109AA00000D05EE2434659682023089D099A9D43F1
:109AB0008023DB0013434A1C35D0472D00D1B9E089
:109AC000424613600022232406920EAA0592089AA9
:109AD000019304920DAA039204AAA4183B00320039
:109AE000484602940091FFF7C9FE0700089B0D99B4
:109AF000652B3AD9089B662B00D167E10E9B8B4200
:109B000000DDC1E0434601221B6813405B1842465A
:109B10000025136191652378002B51D043232D221A
:109B20004146CA544CE0424607311360516000225E
:109B3000232406920EAA0592089A019304920DAA74
:109B4000039204AAA4183B003200484602940091F4
:109B5000FFF794FE0700472DC8D10D99CB1C00DB01
:109B600088E0089B023BDBB208934046089A013923
:109B700050300D91FFF708FF0E9A05001318012AC7
:109B800000DC86E0013342461361C4E70022002373
:109B900030003900FBF7EEFE002803D043232D22CE
:109BA0004146CA54089B472B6CD97C4F032342463D
:109BB0001361099A01339A4313004246002513604A
:109BC0005B4641460093484653460FAA03F01CFAF1
:109BD000431C28D043461B685A0568D443461B697A
:109BE0003A0051464846D847431C1CD043461A68A1
:109BF00041460F9BC868920755D5984253DD4546AC
:109C000000244E465746193506E04346D8680F9B58
:109C10000134C21AA24246DD01232A003900300075
:109C2000D847431CF1D111B0F0BCBB46B246A9469F
:109C3000A046F0BD002903D1414601224A6001211E
:109C4000424613600022232406920EAA0592089A27
:109C5000019304920DAA039204AAA4183B00009158
:109C6000320048460294FFF709FE0D990700CB1C0D
:109C700000DA76E743465B68994200DD71E76723C7
:109C800008933BE7464F91E70122002907DD9B1827
:109C90003DE742461268D20700D573E773E7013209
:109CA000521A9B1833E79842BDDA1800BBE7089AAE
:109CB000652A37D941460022886CC96C0023FBF71E
:109CC00051FE002800D18AE0012351464846354A1A
:109CD000D847431CA7D00E9C0D9BA34204DB4346F0
:109CE0001A68D30700D483E70B9B514648460A9A6B
:109CF000D847431C97D0012C00DC77E74646013C4F
:109D00004F460025A1461A36544603E001354D451D
:109D100000D1EFE00123320021003800D847431C76
:109D2000F4D180E70E9A0892012A00DC8CE001232E
:109D30003A0051464846D847431C00D173E70B9B75
:109D4000514648460A9AD847431C00D16BE7414622
:109D5000089B0022886CC96C5E1E0023FBF702FE84
:109D6000002821D04746089B00241A37012B23DD09
:109D70004B465246B146AA461E00150003E0013488
:109D80004C4500D1B1E001233A0029003000D8470A
:109D9000431CF4D147E7C046FFFFEF7F24FE0010CD
:109DA00020FE001030FE00103300514648467A1C59
:109DB000D847431C00D136E742462B00514648465F
:109DC0005032D847431C00D010E72CE743465A686E
:109DD000002944DD002A73D00132531897E60D9B09
:109DE000002B40DD42460E9B956D1C000893AB4254
:109DF0006CDC002C09DD23003A0051464846D84768
:109E0000431C00D10FE743469D6DE643F6172640FD
:109E1000B54279DD1A23434452461D004B46BA46EB
:109E2000B146002417001E0006E043464A469B6DDB
:109E300001349A1AA24262DD01232A00390030005F
:109E4000D847431CF1D1EEE6DB0700D56FE70123CD
:109E50003A0051464846D847431CADD1E3E6002AB4
:109E600036D0931C53E6012351464846574AD847FB
:109E7000431C00D1D7E60D9B0E9A13432FD00B9BAA
:109E8000514648460A9AD847431C00D1CBE60D9B61
:109E9000002B00DB90E045464E460024B9461A35BB
:109EA000574605E00D9B01345B42A34200DC80E095
:109EB00001232A0039003000D847431CF2D1B2E612
:109EC00018680B00C00700D421E685E72C0090E756
:109ED00018680123C00700D419E6931C17E643460F
:109EE0001A68D30700D483E6C9E72B00B14655466C
:109EF0009A4661E74346B946A2461A6878E61D00CD
:109F00003B00B14657469A460D9B0899994233DC6F
:109F100042461268D2072FD4CB1A4C1B9C4200DD5C
:109F20001C00E5434646ED1725401A360024AB4297
:109F300000DC5BE6089B4F4699465346AA461D0047
:109F400007E04A460D9B0134D31A52469B1AA3429E
:109F500036DD0123320029003800D847431CF0D1F8
:109F600061E6002F03DA43232D224146CA54089BA1
:109F7000472B23D8164F19E60B9B514648460A9AA1
:109F8000D847431C00D14EE6089A0D9B541BD31AA8
:109F90009C4200DD1C00002CC3DD230051464846D6
:109FA0007A19D847431C00D13DE60D9B089AD31A75
:109FB000B7E7BA464F46B1460E9B11E6054FF5E5A9
:109FC0004346B946AA461A6812E6C04630FE00105B
:109FD00028FE00102CFE0010F0B5CE46474603695F
:109FE0008446994680B54D11AB4209DC0023624698
:109FF0001361002362465361C0BCB946B046F0BD50
:10A000001F260400370014349800AB002018E31812
:10A010000F400E421AD040CBFE40984228D9202251
:10A02000A046D11B1A688A403243464604C6B04651
:10A0300040CBFE409842F5D84B46591B8900611829
:10A0400004390E60002E0CD004310AE02200984240
:10A05000CCD940CB40C29842FBD84B46591B890013
:10A06000611862460B1B9B101361A142C4D1C0E76B
:10A0700063465E61002EB9D0012362461361BBE7DF
:10A08000F0B557464E46DE464546E0B58946096876
:10A0900092468A7887B003900593302A00D02FE249
:10A0A000CB1C1D0001335A1E1278302AF9D0691AD0
:10A0B0008B1E0193C14FBB5C002B00D1FAE0002244
:10A0C00000242B789046BE4AFB5C0292002B00D104
:10A0D00067E12E0073780136FB5C002BFAD1012278
:10A0E0003000029902F068F98346002852D000221D
:10A0F00033789346002C02D0A41BA2009346202262
:10A1000034009343502B51D04B461E604346002BE6
:10A110007BD1631B013B0021072B03DD01315B1069
:10A12000072BFBDC039803F0D7F90190002800D13E
:10A1300092E2019B14330493A54200D3F5E19846C3
:10A14000002399463B0000264746A8464D469946BF
:10A150000CE0202E19D03200043649462378CB5C1F
:10A160000F210B4093401D4344455CD0013C2378B4
:10A170002E2BEED14445ECD301222000029902F0AF
:10A180001BF90028F0D0202EE5D120C7002204269C
:10A190000025E2E7002C00D1A5E12022A41BA300AA
:10A1A0009B46337834009343502BADD163782B2BEF
:10A1B00000D17FE12D2B00D0E8E00122A378A11C83
:10A1C000FB5C2600581E18289ED84E1C4978103B70
:10A1D000795C180000290AD10CE083001B185B0091
:10A1E0000136581833781038F95C002901D0192944
:10A1F000F3DD0300002A00D05B42DC469C444B4662
:10A200001E604346E346002B83D0019B06245A423E
:10A2100053415B421C40200007B0F0BCBB46B24635
:10A22000A946A046F0BDA946B84646464B4608C6D4
:10A23000049B019AF61AB3101361484603F05CFAC6
:10A2400053461D68F600301AA84251DC00DA33E1AB
:10A250005A469B689A4200DD23E153465B689A4266
:10A2600000DB96E09C1A671EAC426FDA0026002FD6
:10A2700000D075E11F21012339408B407A110499E8
:10A2800092008A58019821002D1B1A4200D151E1F9
:10A29000FFF7A2FE53465B689B465346DC68022CE0
:10A2A00000D19BE0032C00D16AE1012C00D195E1A3
:10A2B00012246FE0424B012219002800029302F0A1
:10A2C0007BF8804600286ED16B786C1CFA5C002A03
:10A2D0006BD02500302B00D084E16B780135302B1A
:10A2E000FBD0FB5C5A425A41904601220192EDE6B6
:10A2F000019F441B2100380003F0A4FE061E0FD06E
:10A300001F210123601E01408B40421104999200DD
:10A310008A5801261A4203D00136012800DD25E1C2
:10A3200021000198FFF758FE5346DC469B68A44481
:10A33000E346634500DAB4E053465B686246634532
:10A3400000DCE1E09C1AA54200DDFAE05246D2684A
:10A35000022A37D0032A00D119E1012A35D1A542BA
:10A3600033D1012D07D00198691E03F06BFE002840
:10A370002BD053465B68059A049913600123019A18
:10A38000622413610B60109B1A6044E70022611C79
:10A3900016E70124109B019A1A605A46059B1A6021
:10A3A00039E72E009BE62C002B7820229343502B7C
:10A3B00000D1E7E04B461C6027E7C046C000011013
:10A3C0000CFE0010119A002AD5D00199039803F0D1
:10A3D000C9F80023109A502413601CE70123119A36
:10A3E0009B1A1193119B002B00D19BE0019B049EB3
:10A3F0001F690021BB00F0189946BC4633000700D6
:10A4000003E002C39F4200D8C6E01A68501CF8D08F
:10A4100001321A60022C00D1CDE01F231C002C4019
:10A420002B4200D1AAE04B46F318043B186803F016
:10A4300063F920231B1B984200DB9FE0019B1969F5
:10A44000002900DCFAE0019A89005369711818327A
:10A4500010005B08914200D8F7E034001A0003684E
:10A46000DB07134308C404C852088142F7D813001D
:10A47000019A8A1A193A92089200311D52181360F3
:10A48000002B00D004320199931B9B100B61B24248
:10A4900000D1D6E053465A469B6801329346934218
:10A4A0006CDA0199039803F05DF80023109AA32455
:10A4B0001360B0E6002281E62C1A2200019903986D
:10A4C00003F000FB5B461A1B53469B6893460190C2
:10A4D0009A42E6DC53465B689A4200DB59E701008A
:10A4E00014310491BEE67378741CFA5C2600002ACD
:10A4F00000D104E673780136FA5C002AFAD1FBE554
:10A5000000238D1C0193D5E50124002E00D141E7E5
:10A510005346DB68022B00D160E7032B00D161E7D3
:10A52000012B14D010231C4334E7049B98460023CE
:10A5300099467AE6FFF750FD53465B6802249B4636
:10A54000E3E7671E002E00D190E6012692E6B307EE
:10A55000E8D5049B1B681E43F60700D546E7E1E7F4
:10A560003900019803F06EFD060083E63800A11E55
:10A5700003F068FD431E9841861CD1E6212409E7BB
:10A5800002242FE700239B46013398460EE6119ADA
:10A59000002A00D119E7EEE66746019B9B689F42BF
:10A5A00023DA019A791CBB001161D31801225A6188
:10A5B000022C00D044E753461B682224013BAB42E7
:10A5C00000D0E7E61F21012329408B406A11920049
:10A5D00094591C4063425C412134DBE6022302248F
:10A5E0001E43B6E70123019373E5019B0398596865
:10A5F000013102F071FF8046002833D0019E0C30FB
:10A60000310032690C3102329200FBF7CBFE31008F
:10A61000039802F0A7FF434642461B694646591C71
:10A62000116101229B0043445A6143461436019351
:10A63000022CC0D08F4200DBEFE601E70023019A35
:10A6400013610023019A536124E73360002BF5D096
:10A650000123019A13611DE70022E421044B054800
:10A6600002F014FF00228421014B024802F00EFF89
:10A6700034FE001048FE001030B5040089B0080018
:10A680000D0001F069FE04AB1B4A01930223069200
:10A6900001220293236A0590013004950792A56870
:10A6A0000390002B23D0AB6EDB0702D4AB899B0554
:10A6B00018D52000290001AA01F07EFC4342584130
:10A6C0000B244042AB6E0440013CDB0702D4AB8953
:10A6D0009B0502D5200009B030BD2800583004F099
:10A6E0001AFBF7E72800583004F011FBE1E72000DF
:10A6F000FDF75EFFD7E7C04680FE001010B5034BA4
:10A7000001001868FFF7B8FF10BDC046800C00209C
:10A71000F030704700487047CC0D0020004870476B
:10A72000CC0D002010B5034B0A000100186804F09E
:10A7300004FB10BD800C0020F0B5C6460D001600CD
:10A7400000B5884213D98C18844210D983189C46CE
:10A75000032A5BD8731E002E06D0D94364186144C7
:10A76000E25CCA54013BFBD280BCB846F0BD032E6C
:10A770000BD80400711E002EF6D000230131EA5CD4
:10A78000E25401339942FAD1EEE703212A000C008A
:10A79000024314400300A446114234D132000400A5
:10A7A0000F2E1CD93109013909012A000F00441864
:10A7B0001034116819605168596091689960D168C6
:10A7C0001032D9601033A342F3D10F221C000C23A6
:10A7D000103532403340ED191600002BCAD06346C5
:10A7E0006146EB58635004239C446346D31A032B01
:10A7F000F5D8032616409208013A92000435043435
:10A80000AD18A418B6E70400711EB6E723439B07F2
:10A8100001D0531EA1E71300043D011FEA58CA509E
:10A82000043B032BFAD80322B30816406246013BCF
:10A830009B00E41AD31A043B9C46043C8AE7C046BA
:10A84000F8B54746CE46884680B5814617000026B3
:10A850007D68013D0ED4BC68A389012B07D90E2267
:10A86000A35E013303D021004846C047064370343D
:10A87000013DF1D23F68002FEAD13000C0BCB9469B
:10A88000B046F8BD70B50C000E25495F01F03EFAE8
:10A89000002803DB636D1B18636570BDA389024A42
:10A8A0001340A381F9E7C046FFEFFFFF0020704788
:10A8B000F8B516001F000C228B5E05000C00DA05AF
:10A8C0000AD40A4A28001340A38132000E23E15E15
:10A8D0003B0002F085FBF8BD00220E23C95E022377
:10A8E00001F026FD0C22A35EEBE7C046FFEFFFFF61
:10A8F00070B50C000E25495F01F01AFD0C22A35E15
:10A90000421C05D08022520113436065A38170BDB3
:10A91000014A1340FAE7C046FFEFFFFF10B50E23D0
:10A92000C95E01F0DFFC10BD10B5034B0A00010049
:10A93000186804F012FA10BD800C0020F0B5DE4655
:10A94000454657464E46E0B503690D6987B00A0093
:10A95000039183460100AB4200DA9AE0013D1432D4
:10A96000AB00D6181431CB18376804931B68013735
:10A9700001911800390098460292FAF745FD04004B
:10A98000B84546D300270199029A0595B2463D0085
:10A99000914608004B4604CB994613041B0C6343B5
:10A9A0009C46BC446346120C62431B0CD2180368DD
:10A9B000170C1E04360CB04666463604360C3100C1
:10A9C0004646761AB4461204AC44120C1B0C9B1A71
:10A9D000624612149B18624612041D14120C1B04CA
:10A9E000134308C0CA45D5D2049A56461368059D3C
:10A9F000002B0ED1131F019A934208D9019903E04D
:10AA0000043B013D8B4202D91A68002AF8D05B460C
:10AA10001D615846039903F0CBF8002831DB002371
:10AA200001341F00AC46A046019A029910C9136870
:10AA300025041804000C2D0C401BC0191B0C270CFE
:10AA4000DB1B0714DB1900041F14000C1B04034359
:10AA500008C28E42EAD265460199AB00CB181A684B
:10AA60004446002A0DD1043B8B4208D9019903E0EA
:10AA7000043B013D8B4202D91A68002AF8D05B469C
:10AA80001D61200007B0F0BCBB46B246A946A046F7
:10AA9000F0BD0020F6E7C046F0B545464E46DE461E
:10AAA00057461400E0B51D00C6699FB08046049467
:10AAB0000595002E00D1EFE1316800290AD001236D
:10AAC000726893404A608B6002F04CFD434600225E
:10AAD000DB691A602E000023002D03DA6E00760871
:10AAE000059601332B9A13603200D74B1A409A42D5
:10AAF00000D1B4E0049A059B100019000022002345
:10AB000008900991FAF72EFF002812D001232A9A03
:10AB100013602C9B002B02D0CC4B2C9A1360CC4B97
:10AB2000039303981FB0F0BCBB46B246A946A046AB
:10AB3000F0BD1CAB01931DAB00934046089A099BE6
:10AB400003F0B0F91C9F8146320D00D099E01D9BA7
:10AB5000F918C04B8A465B18202B00DC91E240229A
:10AB6000D31A9E40BC4A30008B18DC402043FAF7D1
:10AB700021FF56460122B94B013ECB18069219001F
:10AB80000022B74BFAF77BFEB64AB74BFAF7A7FE9F
:10AB9000B64AB74BFAF77CFE040030000D00FAF716
:10ABA0000DFFB44AB44BFAF79AFE02000B002000E6
:10ABB0002900FAF76DFE04000D00FAF717FFBF1B1E
:10ABC000824607907E1E0022002320002900B34603
:10ABD000FAF7D0FE002800D06CE1079A162A00D9B7
:10ABE00087E108980999A54BD2009B180CCBFAF77E
:10ABF000C1FE002800D14BE2079B013B07930023D5
:10AC00000D9300230A935B46002B04DA0123DB1B20
:10AC10000A9300239B46079B002B00DA60E159460C
:10AC20000B93C91800238B460C934346DE69289B7F
:10AC3000092B00D9A3E0052B35DD043B0024289324
:10AC4000042B01D100F0F3FD052B35D0022B01D1EF
:10AC500000F0CDFD03232893002310932EE0884BB2
:10AC60002A9A3603360B1360264315D12C9B002BF2
:10AC700001D101F035F8834B039308332C9A13600C
:10AC80004FE78149814B3603360B33435618002278
:10AC900008980999069272E72C9B002B00D009E2D4
:10ACA0007B4B03933DE7289B042B01D100F0BEFDB5
:10ACB000052B00D013E3012401231093299B079A4D
:10ACC0009B18149301331D1E069301DC00F0DBFF7B
:10ACD00001220423172D01DC00F0D5FF5B001800D2
:10ACE000143011000132A842F8D97160404602F0D8
:10ACF000F3FB0390002801D100F0EBFF4346039AD9
:10AD0000DB691A60069B0E2B00D93EE1002C00D1B6
:10AD10003BE10798002801DC00F08CFD0F210200C8
:10AD2000564B0A40D2009B18061130CBC30500D504
:10AD300021E3089A099B0E920F9302239A46002E54
:10AD400000D1D9E0534F01E0761008370123334298
:10AD500004D17610083701233342F5D0534601332E
:10AD6000200029009A463A687B68FAF7B8FD761009
:10AD700004000D00002E00D1BEE00837EBE70023F1
:10AD80002893002300214046736002F0A5FB039046
:10AD9000002801D100F09DFF4346039ADB691A6049
:10ADA0001D9B002B03DB079A0E2A00DC2DE2069A7E
:10ADB000002A00D0FFE236231C9A0C9F9B1A002227
:10ADC0002992013A06921492DC460A9E9C44012183
:10ADD0004046E346F51802F007FD0400002E01D0BE
:10ADE00000F0F1FC0C9B002B09D0002F01D000F0EB
:10ADF00002FE494640460C9A02F0E8FD81460B9E51
:10AE00000121404602F0F0FC0B9B0890002B01D082
:10AE100000F0EDFD289B012B01DD00F0E6FB049B1B
:10AE2000002B00D0E1E3059B1B0300D0DDE3064BC4
:10AE3000059A134200D1D8E35B4601339B460123B8
:10AE4000012601350B9358E10000F07F31FE001020
:10AE500030FE00103204000012040000000010FE5A
:10AE60000000F83F61436F63A787D23FB3C8608B90
:10AE7000288AC63FFB799F501344D33FF804011042
:10AE80000F27000084FE001001FCFFFF0000F03FD0
:10AE900090FE0010D0040110102001F035FA434656
:10AEA000D861002801D100F0F8FE46608660066097
:10AEB000C6600FE65046FAF781FD22002B00FAF734
:10AEC00051FD002800D1F1E05346162B00D810E2C6
:10AED0000123002F01DC00F055FE0D9300230A939F
:10AEE0000A9A079BD21A5B420C9300230A920B9397
:10AEF0009BE601230D9384E622000E980F992B0008
:10AF0000FAF7CFFC06000F000D9B002B08D00022A3
:10AF100030003900D24BFAF72DFD002800D077E33E
:10AF20005046FAF74BFD32003B00FAF7D8FC0022FE
:10AF3000CC4BFAF7ADFCCC4A129013918B181393BB
:10AF4000079B1593069B0E93002B00D085E30022F0
:10AF500030003900C54BFAF792FC129E139F320065
:10AF60003B0004000D00FAF713FD002838D18020C3
:10AF700000063B18320020002900FAF7FBFC0028ED
:10AF800001D000F097FC002306931D9B002B43DBB0
:10AF9000079A0E2A40DCB64BD2009B1818CB0493BC
:10AFA0000594299B002B01DB00F03FFD069B002B45
:10AFB00001DD00F03AFD069B002B01D000F07AFC89
:10AFC000049805990022A94BFAF789FC02000B00AE
:10AFD00008980999FAF7D4FC002801D000F06AFC1F
:10AFE000039A0021531C9A4631234046137002F005
:10AFF000B9FA079B02330A934946404602F0B2FA77
:10B00000002352460A9913702A9B19602C9B002B2F
:10B0100000D186E51A6084E5109B002B01D000F07A
:10B0200060FC0A9B002B49D10C9B002B00D193E1C3
:10B030000A9D49460C9A404602F0C8FC012181460F
:10B04000404602F0D1FB0B9B0890002B51D000230F
:10B0500000240B9E0A950B9332004046089902F09B
:10B06000B5FC289B0890012B00DC62E10026089AC1
:10B0700013699B00D318186902F03EFB20231B1AAA
:10B080003BE020222000D31A984070E5002307936C
:10B090005B46002B01DA00F002FC079A9B189B46E6
:10B0A00000230B920D930C930A93BEE5079B013B83
:10B0B000079392E56F4B03930333DFE55B46002B69
:10B0C00000D165E10A990B00594500DD5B460A9AFB
:10B0D000D51A5A46D31A9B460C9B002BA9D10121A5
:10B0E000404602F081FB0B9B0890002B01D000F042
:10B0F0007CFD002600240A9501331F2211005B44C9
:10B1000019401A4200D15FE11B2900DD70E21C23C7
:10B110005B1A0A9AED1894469C446246DC469C44AD
:10B12000E3460A92002D05DD49462A00404602F01A
:10B13000C9FC81465B46002B05DD1A004046089994
:10B1400002F0C0FC08900D9B002B00D02FE2069B64
:10B15000002B00DC06E20B9B002B00D045E1079B97
:10B1600001330A93039B4D465F1E089BA2460126AE
:10B170003C009946069F07E0290000230A2240462A
:10B1800002F016FA0500013649462800FFF7D6FB03
:10B190003030A055BE42EFDBA94606005446069B60
:10B1A0000025002B00DD5D1E0027039B0133ED18F9
:10B1B00049460122404602F085FC0899814602F08A
:10B1C000F7FC002800DCA8E0039902E08D4200D1E2
:10B1D000E1E22A00013D2B78392BF7D0924601336A
:10B1E0002B704046089902F0BDF9002C00D103E70E
:10B1F000002F05D0A74203D03900404602F0B2F933
:10B200002100404602F0AEF9F6E6194BD2009B1839
:10B2100060CB089809992A00330004950596FAF73F
:10B2200040FBFAF7E3FB0400FAF7C8FB2A003300FF
:10B23000FAF755FB02000B0008980999FAF71FFB73
:10B24000039B30345A1C1C70012392465B420693C8
:10B25000039B0127013B9B464B46D14608932BE0BD
:10B260000000F03F00001C400000C0FC0000144043
:10B27000F804011090FE0010049A059B200029009C
:10B28000FAF70FFBFAF7B2FB0600FAF797FB049AFE
:10B29000059BFAF724FB02000B0020002900FAF7B7
:10B2A000EEFA0123994433005A4630330137D3551F
:10B2B000069BBB4200D175E30022D04BFAF70FFB8F
:10B2C0000022002304000D00FAF74CFB0028D3D025
:10B2D000089BCA469946079B01330A938CE6022BCA
:10B2E00000D183E2032B00D04BE50023012410930F
:10B2F000E4E4C34B089809990CCBFAF73BFB002810
:10B3000000D1C3E6002E01DA00F076FC00230D9395
:10B31000013B079300230A93E2E5002802D1F607D8
:10B3200000D551E72A00013D2B78302BFAD0924608
:10B3300057E7049B002B00D098E6059B1B0300D029
:10B3400094E6B04B059A134200D18FE65B46013379
:10B350009B46012601358AE60121404602F044FA67
:10B360000B9B0890002B01D000F038FC0026002534
:10B3700000240133C1E6A44B0E401A6A5B6A0898A8
:10B380000999FAF78EFA03230E900F919A46D6E4A4
:10B390000C9B002B00D04BE60121404602F024FA22
:10B3A0000B9B0890002B01D000F053FC00260024DA
:10B3B0000A9D0133A1E6954A0C9F9B180022299211
:10B3C000013A06921492FFE41C23A2E60023210016
:10B3D0000A22404602F0ECF8149B0400002B01DC2A
:10B3E00000F03EFC149B079506930A9B002B05DD9D
:10B3F00021001A00404602F065FB0400A346002E1F
:10B4000000D0AAE2069A039B94461F00013B9C448D
:10B4100063460A93012346464D46B846049A1A40AD
:10B420000C92089B280019009946FFF787FA210023
:10B4300007000B90280002F0BBFB494606905A46D5
:10B44000300002F0DBFBC36881463037002B36D179
:10B450000100280002F0ACFB82464946300002F0B1
:10B4600081F85346289A13435DD10C9B002B00D1E1
:10B4700090E3069B002B00DA98E3012343449946AE
:10B4800043461F700A9B434500D157E32900002320
:10B490000A22300002F08CF8002305000A22210065
:10B4A00030005C4539D002F083F85946040000238F
:10B4B0000A22300002F07CF8C8468346B1E7320029
:10B4C000010010003E004746904602F04BF8069BF4
:10B4D000A946002B07DB0123049A069D1340289AF6
:10B4E00015432B4331D149460122404602F0EAFA86
:10B4F0000899814602F05CFB002800DC86E3392EC7
:10B5000000D134E30B9E31367B1C9A46079B3E707C
:10B51000013327000A935C4663E602F049F8C84607
:10B52000040083467DE7069B002B00DAC5E3289ADA
:10B5300013430C9A134300D1BFE35346002B9CDD09
:10B540003300A9463E0047469846392E00D10EE307
:10B550007B1C9A46079B013601333E700A932700F5
:10B560005C463EE6289B022B00DCF4E5069B002BA4
:10B5700000D0E4E108990522404602F019F80100E4
:10B580000890484602F014FB002800DCD7E1039A3B
:10B590004046531C9A4631230899137001F0E2FF8C
:10B5A000079B02330A93002C00D029E624E5484685
:10B5B000089902F0FDFA002800DBC8E5079B494620
:10B5C0000A2240465D1E002301F0F2FF0B9B8146DC
:10B5D000002B00D0FAE6149B002B00DC28E3079B2D
:10B5E00007950A93149B0693BCE501230B9384E50E
:10B5F0001C2900D196E53C235B1A8AE50000244013
:10B60000F80401100000F07FD004011033040000A2
:10B61000069B002B00D1CFE2149C002C00DCB4E48C
:10B62000079B0022013B300039001593D64BFAF7F7
:10B6300056F9060050460F000130FAF7BFF9320004
:10B640003B00FAF74CF90022D04BFAF721F9D04A27
:10B65000129013918B1813930E94129B139C1693B4
:10B66000179430240E98CB49431EDB00CB183000D2
:10B670001B9106CB189119923900FAF7B7F9A44635
:10B68000844464461A94FAF799F902000B003000DA
:10B690003900FAF7F4F8189A199B039F0400781CF4
:10B6A0000600129010980D00002800D1E3E1002060
:10B6B000B949FAF7F6F8169A179BFAF7E0F81A9BC9
:10B6C00022003B702B0010901191FAF761F90028CD
:10B6D00000D0D2E200234A4699464346B246109E25
:10B6E000119F1692109333E0012399440E9B9945C4
:10B6F00000DBEAE0002230003900A34BFAF7EFF854
:10B700000022A14B06000F0020002900FAF7E7F8FD
:10B710000D000400FAF76AF98046FAF74FF90200C3
:10B720000B0020002900FAF7AAF8534601339A4685
:10B7300043460D0004004946039A30335354200019
:10B7400032003B002900FAF715F9002800D066E224
:10B7500022002B0000209149FAF791F832003B00BB
:10B76000FAF708F90028BFD0169B56469946109B59
:10B770000399984602E08E4200D1F1E13200013E89
:10B780003378392BF7D09246039101333370159BF0
:10B7900001330A9330E431239246039A1370079BD6
:10B7A00002330A931DE50C9BDF1B069B002B01DB7C
:10B7B000FFF70AFB0A9D069B01214046EE1A02F0A4
:10B7C00013F804000A965B46002B01DCFFF70AFB26
:10B7D0000A990B00594500DD5B460A9AED1AD21A08
:10B7E0000A925A46D31A9B46FFF7FCFA012400231B
:10B7F0001093299B002B05DD299B1D0014930693B4
:10B80000FFF766FA002300214046736001F064FEF2
:10B810000390002800D15CE24346039ADB691A607A
:10B820000123149306932993FFF770FA012401234F
:10B830001093DEE7079B002B00D18BE10898099954
:10B840000F225C422240534BD2009B180CCBFAF7DC
:10B8500046F8241106000F00002C00D109E2022353
:10B860004F4D9A4601E0641008350123234204D16C
:10B870006410083501232342F5D0534601333000CC
:10B8800039009A462A686B68FAF729F864100600AE
:10B890000F00002C01D1FFF737FB0835EAE7012341
:10B8A000DB1B0A93079B9B460B9300230D930C9382
:10B8B000FFF7BBF90021404601F054FE299B5B4293
:10B8C0000A93039B9A46FFF797FB169B9946109B9A
:10B8D00098461D9B002B00DAE5E1079B0E2B00DC50
:10B8E0001AE1069B5F1E0C9BBB4200DB5BE70B9AD9
:10B8F0000C9B9446FB1A069A0A9E9C446346944607
:10B900005A46350062440121404693460B936544F4
:10B9100001F06AFF0400002E02D10C97FFF769FACC
:10B920000A990B00594500DD5B460A9AED1AD21AB6
:10B930000A925A46D31A9B460C97FFF75AFA40468A
:10B94000089901F00FFE299B5B420A93039B9A46DC
:10B95000002C00D054E4FFF74FFB4046616801F033
:10B96000BBFD051E00D192E1210022690C3102329B
:10B9700092000C30FAF716FD01222900404602F031
:10B98000A1F883463EE5C0460000244000001C406C
:10B990000000C0FCF80401100000E03F0000F03F90
:10B9A000D0040110089BCA46994602000B00F9F723
:10B9B0006FFF079B040001330A93049A059B0D0057
:10B9C000F9F7E6FF00280DD1049A059B2000290015
:10B9D000F9F7C8FF002801D1FFF70EFBF60701D4E5
:10B9E000FFF70AFB079B564603991593C6E601230A
:10B9F0000B93FFF731FB21003A00404601F0E6FFD0
:10BA00004A4601000400404601F004FF82464946D0
:10BA1000404601F0A7FD0C9BD146DB1B0B9E0C930F
:10BA200001D1FFF7EDF9FFF7E4F9039B013312931E
:10BA3000049A059B089C099D20002900F9F731FF15
:10BA4000F9F7D4FF0600F9F7B9FF049A059BF9F757
:10BA500046FF02000B0020002900F9F710FF129B9F
:10BA6000039A9A46330030331370069B012B01D0A2
:10BA7000FFF7EEFB99E716981799F9F730FF1A9B35
:10BA8000109011910399129F0B700E9BCA18924649
:10BA9000012B1DD00022944B20002900F9F71FFF35
:10BAA0000D000400F9F7A2FF0600F9F787FF020076
:10BAB0000B0020002900F9F7E2FE30363E70013716
:10BAC00004000D005745E5D1129B5E1E0E9BF61833
:10BAD000002210981199854BF9F7DAFE22002B000D
:10BAE000F9F748FF002800D097E0109A119B00203A
:10BAF0007E49F9F7C4FE22002B00F9F749FF002820
:10BB000011D11D9B002B01DAFFF78BFA079B0E2B3F
:10BB100001DDFFF786FA079B1B9ADB00D31818CBD1
:10BB20000493059484E73300013E3278302AFAD03A
:10BB30009A46159B01330A93FFF75EFA4B46A946D6
:10BB40001D00079BB04601333E000A9327005C4668
:10BB5000FFF72EFB0223089E099F9A46FFF7D4F9B0
:10BB6000159B924601331593039131230EE6392339
:10BB70003B70079B7D1C0133270003995C460A93A9
:10BB8000FFF727FBDB1B0A9300239B4601330D9332
:10BB9000FFF7A6F93300A9463E0047469846392EDE
:10BBA000E5D0069B002B00DDACE4ADE43300A946F4
:10BBB0003E0047469846A7E45046F9F7FFFE32009C
:10BBC0003B00F9F78CFE0022494BF9F761FE494A28
:10BBD000129013918B181393FFF7B9F900230B9E62
:10BBE000002500240B93FFF737FA00230B9E002457
:10BBF0000B930A95FFF730FA0123DB1B0A9300230E
:10BC00009B460D93013B0793FFF76AF9002800D08C
:10BC10007AE4F30700D572E476E40399AEE5169B67
:10BC20009946109B9846159B01330A93FFF7E4F958
:10BC3000289B022B19DC0899FEF780FE039B30300D
:10BC40001870149B06000693079B07950A93FFF74D
:10BC5000A6FA00230B9E00240A9D0B93FFF7FCF924
:10BC6000289B022B01DCFFF7BDFB149B0795069375
:10BC70007CE402239A46FFF747F9159BB24601334D
:10BC80000A93FFF7B9F900217160FFF72FF82A0036
:10BC9000194B1A481A4901F0F9FB3200EF21194BF0
:10BCA000164801F0F3FB069B5F1E0C9BBB4200DABB
:10BCB0001DE6DF1B069BFFF787F8330050463E006A
:10BCC000A94647469846002801DDFFF70CFCFFF720
:10BCD0001BFCB0210022084B0848FF3101F0D6FBC5
:10BCE000094B0393FEF71DFF000024400000E03FD6
:10BCF00000001C400000C0FC34FE0010ACFE001030
:10BD0000EF02000094FE001084FE001070B50500E4
:10BD1000080011000022064C22601A0003F06CF8A3
:10BD2000431C00D070BD2368002BFBD02B60F9E7CB
:10BD3000F4150020F8B505000C1E45D0002802D0EF
:10BD4000036A002B4DD0FCF74FFC01210C22A35EAF
:10BD5000A26E0A4234D158229446A44467469B05F9
:10BD600042D52100280002F093F9236B0600002B36
:10BD700004D02800216A9847002828DBA3891B06E5
:10BD80002AD4616B002908D023004433994202D0A1
:10BD9000280002F0F2FF00236363A16C002904D0A5
:10BDA000280002F0EAFF0023A3640023A381A36E0E
:10BDB000DB0728D5380002F0A9FFFCF71DFC04E0E2
:10BDC000002B24D1FCF718FC00263000F8BD01261A
:10BDD000A38976421B06D4D52800216902F0CDFF45
:10BDE000CFE7FCF7E5FBAEE7380002F090FF0C224E
:10BDF000A35E002BB5D10122A36E1342E2D138001D
:10BE000002F089FFDEE7380002F085FFD2E7582311
:10BE10009C46A4446746A4E710B5034B010018688C
:10BE2000FFF788FF10BDC046800C0020F0B55746D4
:10BE3000DE464E464546E0B58346894692461D009D
:10BE40001F0083B0242B3DD8012B3BD00B000820D2
:10BE5000494E1A0014780133315D0842F9D19846F1
:10BE60002D2C00D172E02B2C38D0444B00930023B2
:10BE70000193002D4ED1302C00D170E00A270A2505
:10BE800039000098F9F7C0FA434606008C460020B6
:10BE900000212200303A092A07D9113A192A03D978
:10BEA0002200613A192A21D80A3295421EDD4C1C23
:10BEB00005D086422BD328D00121784310181C7856
:10BEC0000133E6E700F07AFC16230360002003B09C
:10BED000F0BCBB46B246A946A046F0BD1C78931CF8
:10BEE0009846264B009300230193C2E74A1C23D0B7
:10BEF000019A002A00D040425246002AE7D0002989
:10BF000036D153464A461A60E1E79445D4DA012116
:10BF10004942D4E7102DB3D11027302CB0D143467D
:10BF200020221B789343582BAAD143465C780223E6
:10BF3000102710259844A3E7222259460A6052464A
:10BF4000002A17D0013B99460098DAE71C78931C29
:10BF5000984680231B0600930123019389E74346FB
:10BF600020221B789343582BDFD00827083587E71A
:10BF70000090E7E70098AAE7C1010110FFFFFF7FEB
:10BF800010B5FFF753FF10BD844610B51300034AE8
:10BF900010680A006146FFF749FF10BD800C0020C1
:10BFA000844610B51300034A10680A006146FFF783
:10BFB0003DFF10BD800C0020F0B54546DE465746DB
:10BFC0004E46E0B5936883B00C0090460090002B7D
:10BFD0002AD00C23CA5E13072ED50B69002B2BD059
:10BFE00043461E68930734D5B04B00270025994679
:10BFF000002D15D02B004D4500D9AC4BA26A216A0B
:10C00000924600983A00D047002800DCB4E043464E
:10C0100042469B681B1A936006D03F182D1AE9D13F
:10C02000376875680836E3E7002003B0F0BCBB460C
:10C03000B246A946A046F0BD2100009800F008FCD9
:10C04000002800D09DE00C23E25E43461E68930763
:10C05000CAD4D30700D597E08021002389000025AA
:10C060008B4699462368002D4FD059461800A76883
:10C070000A4255D0BA46AF4200D9DDE09021C9004E
:10C080000A422ED0606921695F1A43001B18D80F3D
:10C09000C3185B109A467B1C5B19504601975345A9
:10C0A00001D99A461800520500D4E3E00100009837
:10C0B00002F035FE071E00D1F1E0019A2169FAF77E
:10C0C00071F9A3897A4A134080221343A38152460F
:10C0D000019B2761F818AA462F00D31A20606261DD
:10C0E000A36052464946FEF727FB42464146A368F5
:10C0F000DB1BA36092682368521B534423608A6051
:10C10000002A00D190E70C21625E3168756889468B
:10C110000836002DF9D059461800A7680A42A9D15F
:10C1200022699A4271D362699246AA426DD8614BE4
:10C1300028009D4200D918005146F9F73DF95346B1
:10C140004A464343216AA76A0098B847002813DD8E
:10C150000700434642469B68ED1BDB1B936000D102
:10C1600062E70C23E25EB94423687CE72100009873
:10C1700002F038F800282BD00C22A35E4022134393
:10C18000A3810120404250E700230027B146002050
:10C190009A461E00002F25D000282BD03300BB4626
:10C1A0009F4200D99B46206822696369904203D967
:10C1B000A5685D19AB454FDC5B4540DCA56A52467E
:10C1C000216A0098A847051ED6DD0120761BCDD038
:10C1D000434642469B685B1B936000D124E7AA4418
:10C1E0007F1BD9D14B4608225F689144002FF9D0BC
:10C1F0001B689A463A000A21504600F08FFB00283F
:10C200004AD053460130C61AC8E7AF4200D92F00C2
:10C210003A0018004946FEF78FFAA2682368D21B3D
:10C22000DB19A2602360002A93D12100009801F05D
:10C23000D9FF00288DD09FE72F00AA4651E75A4624
:10C240005146FEF779FA5A46A3685D469B1AA360E9
:10C2500023685B442360B8E751462A00FEF76CFA76
:10C26000236821005B190098236001F0BBFF0028C0
:10C27000ABD081E70200009802F06FFD071E00D0EE
:10C2800025E7009D2169280002F077FD8022A3891F
:10C290009343743A2A6071E77B1C1E007FE70C23EE
:10C2A000009A13600C22A35E68E7C04600FCFF7F83
:10C2B0007FFBFFFFFFFFFF7F70B5E025014C645956
:10C2C000A04770BDDC0C0020002909D0FF2A02D84D
:10C2D00001200A7070478A23036001204042F9E779
:10C2E0000020F7E7002370B5064C05000800236026
:10C2F00002F052FD431C00D070BD2368002BFBD020
:10C300002B60F9E7F415002010B5034B0100186805
:10C3100002F005FD10BDC046800C002010B5034B97
:10C320000100186802F029FD10BDC046800C0020F5
:10C3300070B50500080011000022064C22601A00AA
:10C3400002F052FD431C00D070BD2368002BFBD0CF
:10C350002B60F9E7F4150020030084469B070BD0FF
:10C360000300032102E001330B4206D01A78002AB1
:10C37000F9D16246981A7047030019680C4A0D48B3
:10C380008A188A4302420FD15968094A04338A182D
:10C390008A43024208D15968054A04338A188A43FD
:10C3A0000242F1D000E001331A78002AFBD1E0E725
:10C3B000FFFEFEFE8080808010B5002A2AD0030098
:10C3C0000B439B0715D1032A13D9144B9C460CE051
:10C3D000043A002A1ED0124C1C199C4363461C428E
:10C3E00018D104300431032A03D903680C68A3422E
:10C3F000EED003780C78013A8218A34208D00BE003
:10C40000002B07D043784C7801300131A34203D18F
:10C410009042F5D1002010BD181BFCE78080808081
:10C42000FFFEFEFE936810B5013B9360002B04DA1B
:10C430009469A34207DB0A2905D01368581C1060D1
:10C440000800197010BD01F03FFFFBE7F8B50600CA
:10C450000D001400D718002B03D10AE00134BC42B0
:10C4600007D02A0030002178FFF7DCFF431CF5D10C
:10C47000F8BD0020FCE7C04610B514009268002308
:10C48000002A05D02200FFF797FD00220300A260DA
:10C4900000221800626010BDF0B557464E46454672
:10C4A000DE46E0B58246894615001C009DB0002896
:10C4B00003D0036A002B00D166E14B460C229B5E41
:10C4C0004A46926ED20702D49A0500D454E11B0763
:10C4D00000D4C2E04B461B69002B00D1BDE0002315
:10C4E0002A0004AE7361203373761033B37603945D
:10C4F0001378A74F002B00D19EE0140004E063786E
:10C500000134002B00D1C1E0252BF8D1A31A9846A5
:10C51000944200D0BEE02378002B00D18CE00123B0
:10C5200000225B42049205930022002306920793A7
:10C5300000234332B354B36501339846013405E018
:10C540004346C01B83402C00134333600522380050
:10C55000217800F0E3F9651C32680028F0D113005F
:10C56000DA0602D543222021B1541A0702D543220C
:10C570002B21B15421782A2900D0A1E0039A111D62
:10C5800012680391002A00DAC7E0F26029782E29A8
:10C5900000D1AAE07F4C0322200000F0BFF93368ED
:10C5A000002805D04022001B824013430135336030
:10C5B000802229781A4208D06C2906D19343802220
:10C5C0001201134333606978013540221A4208D0C2
:10C5D000682906D19343C132FF321343336069782F
:10C5E00001357A294FD074294DD06A2906D180238C
:10C5F00032681B01134333606978013506226648AF
:10C60000317600F08BF9002800D18CE0634B002BD1
:10C6100000D17AE003AA009231004A465046604BAE
:10C62000FDF7FCF9431C07D073696A1C1B18736182
:10C630001378002B00D060E74B469B6EDB0700D4DD
:10C6400090E04B469B895B061AD470691DB0F0BC24
:10C65000BB46B246A946A046F0BD4946504600F04A
:10C66000F7F8002800D13AE74B469B6EDB0707D46A
:10C670004B469B899B0503D44846583002F04BFB40
:10C6800001204042E2E769780135AEE7A31A9846F7
:10C690009442D1D0BB4600255746A24614004A46D4
:10C6A0003800615DFFF7BEFE0130C5D00135A845F9
:10C6B000F5D8736954464344BA4673615F462AE726
:10C6C000080030382500092800D960E7F268930097
:10C6D0009B185B001A18F260697801350800303841
:10C6E0000928F4D92E2900D054E76B782A2B23D1BE
:10C6F000039B1A1D1B6803927360002B02DA01234F
:10C700005B427360A978023544E70722039B00204F
:10C71000073393430833039386E75242F2600222C1
:10C720001343336032E703AA009231004A46504671
:10C730001B4B00F005FD75E7002373606978013538
:10C7400008003038092800D924E71A0093009B1804
:10C750005B001A18726069780135080030380928C2
:10C76000F4D917E74B469B899A0500D56BE74846F5
:10C77000583002F0D0FA64E74846583002F0C7FA61
:10C780004B460C229B5EA2E6FBF712FF95E6C046E5
:10C79000E8FE0010F0FE0010F4FE00101D9A0010DC
:10C7A0004DC40010844610B51300034A10680A00F7
:10C7B0006146FFF771FE10BD800C0020014B186828
:10C7C0007047C046800C0020024670B50A439207AD
:10C7D0002AD11E4DEE0104C808C9541B94433440AD
:10C7E00017D0D0B2D9B2401A2106014310D190B26D
:10C7F00099B2401A210401430AD110021902000A19
:10C80000090A401A2102014302D1100E190E401AE2
:10C8100070BD9A42DFD010BA19BA884201D90120FE
:10C8200070BD0020C04370BD02780B78013001312B
:10C83000002A09D09A4207D102780B7801300131E1
:10C84000002A01D09A42EFD0D01A70BD0101010137
:10C85000314B70B5050018680C00002802D0036A3F
:10C86000002B4DD00C22A35E1A070FD52269002A97
:10C8700016D00C21635ED90723D50021A160616920
:10C880004942A161002A23D0002070BDDA063AD5C2
:10C890005A0720D4226908210B43A381002AE8D13A
:10C8A000A0208021A3898000890003408B42E0D032
:10C8B0002100280001F0C6FD0C21635E2269D90722
:10C8C000DBD40021980700D46169A160002ADBD184
:10C8D0001A06D9D519E0616B00290AD0220044322A
:10C8E000914204D0280002F048FA0C22A35E0022F4
:10C8F0006263242293430022626022692260CAE7B5
:10C90000FBF756FEAEE709222A60402201201343BE
:10C91000A3814042B9E7C046800C002010B58C4688
:10C92000CCB283070CD0032106E00378A34206D0E3
:10C930000130013A084203D0002AF6D1002010BD90
:10C94000032A14D96346FF2119400B0259188C465B
:10C950000B049C44614603684B400A4959189943AB
:10C96000094B194205D1043A0430032AF2D8002AAF
:10C97000E4D082180378A342E1D001309042F9D18B
:10C98000DCE7C046FFFEFEFE80808080F0B54E46AC
:10C990004546DE465746E0B51600AE2289B00793FD
:10C9A0008B680C00591E80465200914200D86FE1FE
:10C9B000F0222168D2000A431C218C465E3BFF3BDB
:10C9C00006935E23A444E146FF33A3602260002265
:10C9D00092460492059200920392C64A4D46002761
:10C9E0009346326811780A002B3AD2B24E2A0FD8F9
:10C9F00058469200825897465346002B00D105E1D5
:10CA0000022B00D15CE11223FB40DB0700D5FAE0EA
:10CA1000009B002B00D087E05346013B012B00D840
:10CA20008BE07B1E062B1FD8022F00D86CE1032F52
:10CA30001AD02B00B2462E0025001C00BE23013C5C
:10CA40005B00EB5852464046217898472B69013BE2
:10CA50002B61E3199B1BDBB2032BEFD12C00751E5E
:10CA60005646043FFFB2ED1B2368DA051FD55B0570
:10CA700000D55BE123696A1E1178013B23616529BA
:10CA800000D12CE1452900D129E1BE235B00E35808
:10CA90003200404698472369023D013B29782361D3
:10CAA000BE235B00E35832004046984723681022BB
:10CAB00016001E401A4200D1BAE00026300009B02C
:10CAC000F0BCBB46B246A946A046F0BD2268D005E0
:10CAD00000D5D0E05346DB19002B99D12368864A54
:10CAE00000271340236000239A462970A36801356C
:10CAF000013BA3602369013323617368013B7360C9
:10CB0000002B72DD336801333360A368002B00D043
:10CB100067E7009B002B00D17EE705E0002F6DD179
:10CB2000009B002B00D1BEE02368744A13402360B1
:10CB30005346013B012B00D973E74D450CD9BE2765
:10CB40007F00013DE3593200404629789847236928
:10CB5000013B23614D45F4D10126AFE780222368D4
:10CB60001A4200D154E793432360BEE7062F00D05A
:10CB70004EE70727B9E7072F00D049E70827B4E7B2
:10CB8000022F00D044E70327AFE7A02280202368CC
:10CB9000D2001A40C000824206D0034200D137E7DB
:10CBA000009A002A00D137E79A0504D4009A039826
:10CBB0000495121A0592524A1340C02252001343A0
:10CBC00023600023009390E75346012B00D01FE71A
:10CBD00002239A4689E723689A0500D418E7494A50
:10CBE00013402360009B03937FE7C0235B00310069
:10CBF0004046E3589847002887D009E7FD22FB1EEE
:10CC0000134200D004E70137FFB26EE7009B002B10
:10CC100000D0F8E62268E0231000DB0018409842BC
:10CC200000D0F0E6364B1A40012322609A465CE7BA
:10CC3000C0222E702368D20013408022D20093427B
:10CC400044D0059B002B00D093E00022494640468B
:10CC5000FCF72EFD079D22682B6800900191191D9D
:10CC600090073ED529601B680099019A06C3E368C6
:10CC70000133E36022E780218A432260009A013277
:10CC80000092069A002A1ED0069A013A069230E7D0
:10CC9000F0222168D2000A431C218C460021A444C2
:10CCA000E146069192E62268E0231000DB0018407E
:10CCB000984200D0B0E6124B01371A40226014E7C8
:10CCC00003239A4611E7A368013B12E7009B039AEE
:10CCD0009342BAD01300009A04959A1A52E01500B4
:10CCE000DEE6520734D5079A11601B680099019A55
:10CCF00006C3BCE7C40201107FFEFFFFFFFEFFFF7B
:10CD00007FF8FFFF7FFDFFFFBE277F004D4500D866
:10CD100022E7013DE35932004046297898472369CC
:10CD2000013B23614D45F4D10126C7E64D4500D8AE
:10CD300012E7BE277F00013DE359320040462978C3
:10CD400098472369013B23614D45F4D10126B5E69F
:10CD5000079A11601D680098019902000B00F8F70E
:10CD60001CFE00281FD100980199F8F7A7FE286043
:10CD70007DE7049B0022591C40460A23FFF700F977
:10CD8000059BC21A230004997033FF33994205D3DF
:10CD9000B7235B009C46A44463460493044904986B
:10CDA00001F026FB51E7034800F016F928605EE722
:10CDB000FCFE001038FF0010844610B5026808E041
:10CDC000137801311C00413C192C00D820338342D8
:10CDD00007D1087801320028F2D1634601301A6089
:10CDE00010BD0020FCE7C046F0B51F245746DE46C4
:10CDF0004E46454692460A682100E0B503005011B0
:10CE000087B08000114050440391144200D09FE04D
:10CE10000400021F0020211F086018680291417859
:10CE2000002900D1ACE000260190674817001400EB
:10CE30000D009146B046020000210198049315E0D0
:10CE4000202D00D994E046450CDDBC4201D20729D3
:10CE50005DDD0821A24505D2271F0023B0463C0016
:10CE600000213B6085780130002D12D0535D002BEE
:10CE7000E6D001310136082941DC25682D01AC4698
:10CE80000F252B4065462B43236085780130002D0C
:10CE9000ECD10D004A46002E00D171E0BC4202D216
:10CEA000072D00DC76E0A24555D25046230002CB88
:10CEB00002C09A42FBD2601C551C0023854265D2F9
:10CEC00051460024081D1B18190004330C609342BE
:10CED000FAD9029B1B685146002B04D007E0043AA4
:10CEE0001368002B03D19142F9D101230B60052077
:10CEF00007B0F0BCBB46B246A946A046F0BDA2456D
:10CF0000B0D20021043C8C4621600131B8E70833DF
:10CF10005B1A9B009C46202361465D1A0194210008
:10CF200023682C00554683469246604605954A681C
:10CF30001500A5401D431300C3400D604B60043134
:10CF4000B942F4D3059B524658469A46019C80E765
:10CF50000200041D5EE7029903980B680028BAD00E
:10CF60002024241A01204042E04003400B60B2E735
:10CF7000AC460D0061464A46049B0190292901D028
:10CF80000420B5E701980230186084E7141BA40858
:10CF9000A30095E708235B1B9B0019001E002023BC
:10CFA0005B1A984623689446250042461900686833
:10CFB000030093400B430100F1402B60696004358E
:10CFC000BD42F4D362466EE7C00001100020014963
:10CFD0007047C0460000F87F004870470000C07FDF
:10CFE00070B50500080011000022064C22601A00EE
:10CFF00001F0CFFE431C00D070BD2368002BFBD096
:10D000002B60F9E7F4150020F0B54F464646D646AA
:10D01000914698468A680B69C0B50C000700089EC7
:10D02000934200DA13004A4613604322A25C002AAE
:10D0300002D04A460133136023689A0657D54B46FF
:10D0400006201A6802321A6023681900184208D1B3
:10D0500019208446E168A444E246002591423EDC62
:10D0600019004323E35C5A1E934189060AD53020F8
:10D07000E1184331087045215A1C615CA218433203
:10D08000023311702200414638004332B047431C3E
:10D0900019D006202368A26821690340042B2ED0F2
:10D0A0008A4238DD00239946521A914400251A34E9
:10D0B00002E001354D452EDA0123220041463800B9
:10D0C000B047431CF5D1E0BCBA46B146A846F0BD16
:10D0D0004A46E368126801359B1AAB4228DD0123FA
:10D0E000524641463800B047431CF1D1EBE70622D7
:10D0F0001A4212D04323E35C5A1E9341C2E74846CA
:10D10000E36800681B1AD843C017184081468A425A
:10D11000CADC002BCADC0020D5E719204A46844629
:10D120001268E168A444E24600259142D7DC97E703
:10D1300043232168E35C5A1E9341890697D4A1E7F3
:10D14000F0B5DE464E4657464546E0B589B00293F7
:10D1500043239C46049203908C440E00097EE346D0
:10D16000129A00290AD00B00533BDBB2252B45D87D
:10D17000C3489B00C3589F460B68186000235F4656
:10D180003361029C039D049B31002800009407AA90
:10D190009846FFF739FF431C25D03A0033694146D2
:10D1A00028002F000294A047431C1CD03268F0686E
:10D1B000079B92071ED598421CDD3500029BB146A5
:10D1C000002446461935984606E04B46D868079B2A
:10D1D0000134C21AA2420DDD01232A0031003800B9
:10D1E000C047431CF1D109B0F0BCBB46B246A946CA
:10D1F000A046F0BD9842F6DA1800F4E73700422363
:10D2000001204237F154432300223061F254B8E741
:10D210001368191D11601F68002138007268FFF73C
:10D220007DFB002800D10DE1C01B7060EBE7316889
:10D230001368080600D5BAE0480600D5DDE0880589
:10D2400000D411E1181D1B7810605BB2DD171C00C3
:10D250002B00B2E031681368080600D5B4E0480638
:10D2600000D5C5E0880500D4F4E0191D00251C7820
:10D270001160ADE013683700191D11601A68422370
:10D2800001204237F254BEE7202331680B4333605C
:10D290004521782070547B498A461168180647D486
:10D2A000580678D50025081D0C881060DA0702D5CD
:10D2B00020221343336023002B4303D12022336801
:10D2C000934333601023059343230022F254736881
:10D2D000B360002B31DB042132688A4332602200C4
:10D2E0002A432AD15F46002B00D0ADE0059B082BD6
:10D2F00042D05B46DB1B336143E73368C8E7116804
:10D3000033680C1D706914601D0600D534E75D0696
:10D310006BD49B0500D42FE70B6818702EE74523CC
:10D320005821F154336858498A4611681806B7D510
:10D33000081D106000250C68B8E7059B9946DB17AF
:10D34000984633005F464646984601E09E421ED00E
:10D35000200029004A463300F8F794F853469B5CB6
:10D36000013F22003B7004002B000D009E42EDD9CE
:10D370004646059B082BBCD13368DB07B9D57268DC
:10D3800033699A42B5DC3023013F3B70B1E79145E8
:10D39000DED94646EDE7980522D41805C8D5072002
:10D3A00007318143080030C9083010607EE7181D3E
:10D3B00010601B68DD171C002B00002B25DB324B97
:10D3C0009A460A23059382E70025191D11601C68FF
:10D3D000337E6F2B31D02C4B9A460A23059373E78B
:10D3E000081D00250C78106060E70B681880C5E602
:10D3F000191D00251C881160EAE7181D1060002225
:10D400009B5EDD171C002B00D7E722002B002D2090
:10D41000002554429D4143227768B054B760002FE5
:10D4200002DB0423994331600A239946002398467E
:10D43000154B9A460A23059383E7134B9A46082314
:10D44000059341E77068DEE6534637001B784237A4
:10D450003B704BE70905B7D5072107338B4319000C
:10D4600030CB08311160B3E70805A0D5072007339A
:10D470008343180008331360436804681D009CE769
:10D480000004011018FF001004FF001030B59C4686
:10D490000A4B04001B680D00D86885B0002A0AD02A
:10D4A000074B08490292019362462300009501F060
:10D4B0006DF800F0BFFF044B1A00F2E7800C00206B
:10D4C0002CFF00103CFF001038FF0010130010B5B7
:10D4D0000022FFF7DBFFC04670B5C46905000E00EF
:10D4E000002C0DD0E068002815D0B300C3181868D0
:10D4F00000281FD002681A6000230361C36070BD5A
:10D500001020FEF701FF041EE86120D000234360D5
:10D5100083600360C36021220421280001F00DFC18
:10D52000EB69E060D8680028E9D0B300C318186838
:10D530000028DFD10124B440621D0121280092009F
:10D5400001F0FBFB0028DAD046608460D4E72200BB
:10D550006B21024B0248FFF799FFC04694FE001072
:10D560006CFF001070B5C66905000C00002E0AD0D3
:10D57000002C07D0EB696268DB6892009B181A6880
:10D5800022601C6070BD1020FEF7BEFEE86100281E
:10D5900004D0466086600660C660E9E732008F21ED
:10D5A000014B0248FFF772FF94FE00106CFF001061
:10D5B000F0B5C6461E008046002300B50D000C697C
:10D5C00014310868013307043F0C5743000C5043E3
:10D5D000BF193E0C80193F04060C3F0C0004C01913
:10D5E00001C19C42EDDC002E07D0AB68A34208DDF0
:10D5F000A300EB1801345E612C61280080BCB846A2
:10D60000F0BD696840460131FFF766FF071E12D082
:10D6100029002A690C31023292000C30F8F7C2FE60
:10D6200029003D004046FFF79DFFA300EB180134A1
:10D630005E612C61E1E73A00BA21024B0248FFF734
:10D6400025FFC04634FE00106CFF0010F8B54746B9
:10D65000CE46050080B50C0017009846092B3FDD2B
:10D66000180009210830F7F7A7FE012300215B000D
:10D6700001319842FBDC2800FFF72EFF011E31D05C
:10D68000089B436101230361092F15DC09270A3434
:10D69000B8450CDD4346E618F61B23780A2228001D
:10D6A000303BFFF785FF01340100B442F5D108009B
:10D6B000C0BCB946B046F8BD08339C46A444E14618
:10D6C0006646E41933780A222800303BFFF770FFE2
:10D6D00001360100A642F5D14B46DC19083CD7E7DC
:10D6E0000021C8E70A00024B0248D331FFF7CEFE03
:10D6F00034FE00106CFF0010144A03000020934217
:10D7000001D81B041030124A934201D808301B0282
:10D71000104A934206D9104A934213D89B0013D45F
:10D72000033007E00C4904301A018A4203D9D2437E
:10D73000D20F801870479A019B0105D45200EFD494
:10D740002020F7E71A00F2E70230F3E7FFFF0000BE
:10D75000FFFFFF00FFFFFF0FFFFFFF3F03685A07B8
:10D7600008D0DA072BD49A072ED501225B08036074
:10D77000100070471A0410D1FF211B0C102219420F
:10D7800001D108321B0A190716D099070ED0D90704
:10D7900001D401325B080360EAE7FF221A4210D08D
:10D7A0001A0715D104221B099907F0D1590713D57F
:10D7B0009B0802320360DBE704321B09F4E7002216
:10D7C000D6E708221B0ADEE79B0802220360CFE7A8
:10D7D000DB0803220360CBE7DB0801D12022C7E787
:10D7E00003320360C4E7C04610B50C000121FFF707
:10D7F00073FE002803D001234461036110BD46215C
:10D800000022024B0248FF31FFF740FE34FE0010B9
:10D810006CFF0010F0B54E4657464546DE46E0B573
:10D820000B69166989461700984687B0B34204DB36
:10D8300033000F004646914698464346F518BB68AC
:10D840007968AB4200DA0131FFF746FE84460028D2
:10D8500000D1B0E0142363449A46AC005444A34280
:10D8600003D2002204C39C42FCD8434649469B0095
:10D87000984614318844414500D388E014239946E2
:10D88000B9444B4602933B000022B6004E44F71BBE
:10D89000153F1533BF089E425241BB0003934346D8
:10D8A000A34650460C00E246A946B44601930492B2
:10D8B00006E02D0C38D1019B04340430A34263D917
:10D8C00025682B04190C002BF3D0029D5B46070042
:10D8D000A046834600260C002800059308C8396836
:10D8E0001A04120C62431B0C0D0463432D0C5219D5
:10D8F0009219090C5B18110C5B1812041E0C120C07
:10D900001B04134308C78445E8D8059B58469B462B
:10D91000049B44465A1E9341039A5B421340C3182A
:10D920005E6025682D0CC6D006000368A0466046E0
:10D9300019000024B446029F3A88090C6A43121960
:10D9400052181B0411041B0C0B43336010CF716879
:10D95000240C6C430B041B0CE318120C9B181C0CBE
:10D960000436B842E8D8624684461000049A444619
:10D97000511E8A41039952420A4082185360019B0A
:10D9800004340430A3429BD85C464D46D446002D57
:10D9900003DC06E0013D002D03D0043C2368002B8E
:10D9A000F8D0634660461D6107B0F0BCBB46B24686
:10D9B000A946A046F0BDB1210022024B0248490011
:10D9C000FFF764FD34FE00106CFF0010F8B5032370
:10D9D00047461400CE461A0080B58846070022400C
:10D9E000234235D1A4102DD0FE69002E39D0B56860
:10D9F000002D41D0012323406410002B08D128685A
:10DA0000002815D00500012323406410002BF6D018
:10DA100041462A003800FFF7FDFE414681463800A6
:10DA2000FFF7A0FD002C0ED02868C8460028E9D1D9
:10DA30002A0029003800FFF7EDFE002328600500CA
:10DA40000360E0E7C1464846C0BCB946B046F8BDF1
:10DA5000174B013A9200D2580023FFF7A9FD8046E8
:10DA6000C0E71020FEF750FC061EF86119D0002315
:10DA7000436083600360C36001213800FFF72CFD21
:10DA8000051E07D00B4B4361012303610023B060E7
:10DA90000360AFE746212A00074B0848FF31FFF734
:10DAA000F5FCB4213200064B0448FF31FFF7EEFCD1
:10DAB000980401107102000034FE00106CFF001089
:10DAC00094FE0010F8B557464546DE464E46E0B592
:10DAD0000D00531198462B69824643449B465C1CBB
:10DAE000AB68170049689C4203DD01315B009C4232
:10DAF000FBDC5046FFF7F0FC061E4DD014239C467D
:10DB0000424684446346E146002A0ADD9000020052
:10DB100000211432B21802C39342FCD1CC46844493
:10DB2000E1461F222B00100029691433890059187F
:10DB300038403A422AD00132121A9046CC46002789
:10DB40001A6882403A43674604C74246BC4680CBC7
:10DB5000D7409942F4D82A0015320023914203D3CA
:10DB60004B1B153B9B089B004B445F60002F00D074
:10DB7000A3465B46504629003361FFF7F3FC3000B3
:10DB8000F0BCBB46B246A946A046F8BD484604CB09
:10DB900004C09942FBD8ECE7EF213200024B034866
:10DBA0004900FFF773FCC04634FE00106CFF001004
:10DBB00010B5C64602690B6900B5D41AA4469A424C
:10DBC00018D114309A00143104008318891801E028
:10DBD0009C420FD2043B043918680A689042F7D07F
:10DBE000002390425B4102205B421840012384469F
:10DBF0005B429C44604610BCA04610BDF0B5574641
:10DC00004E464546DE46E0B515000A692B69844656
:10DC10000E0083B0D71A9A4214D1080029009A0046
:10DC2000143014318318891802E0984200D38FE031
:10DC3000043B04391A680C68A242F6D000D392E083
:10DC4000012705E0002FFBDB2B0000270D001E0045
:10DC500060466968FFF740FC002800D18FE014227D
:10DC6000142191468C46A9442B693500C7604F4664
:10DC700034698444A4009A004A44A046614614359D
:10DC8000CB46824601960024664699469446380063
:10DC90002A00A844009120C880CA29043B041B0C18
:10DCA000090CC91A09192D0C3F0C0B14ED1BED18AA
:10DCB00009042C14090C2D04294302C69045EAD806
:10DCC000019E4B46350015356246D9465046002721
:10DCD000A84504D34546AD1B153DAD08AF00009DDA
:10DCE000AA46BA444F443E1D57460437BC462F004F
:10DCF0004D46B0467F1BB24239D9994682463B0019
:10DD00002000F71802CE0D042D0C2D192D140C0C2B
:10DD100009182D1909042C14090C2D042943396004
:10DD2000B242EDD84446013A121B920892004B468B
:10DD30005046624402E0043A1168013B0029FAD0DF
:10DD4000036103B0F0BCBB46B246A946A046F0BD95
:10DD500000216046FFF7C0FB00280AD001230361C1
:10DD600000234361EDE72B0035001E0070E75246AB
:10DD7000E4E70022054B06480649FFF787FB00222F
:10DD8000024B03480449FFF781FBC04634FE0010F4
:10DD90006CFF001037020000450200000E4B0F4AD6
:10DDA0000B409B180022002B02DD19001000704769
:10DDB0005B421915132903DC80231B030B41F4E795
:10DDC00014391E2904DC80221206CA400023ECE725
:10DDD00000230122E9E7C0460000F07F0000C0FCFC
:10DDE000F8B504690600A400CE46A1461436B14435
:10DDF00047464B46884680B51F1F3D682800FFF701
:10DE00007BFC202341461A1A0A600A2828DD0B22CF
:10DE1000524294468444BE4216D24F466246083F60
:10DE20003968002A13D0981A0B009540C3401C4C47
:10DE30001D432C4323009140BE420BD24C460C3C68
:10DE40002468C440214305E000210B2821D1144857
:10DE50002843030008001900C0BCB946B046F8BD0D
:10DE60000B210B1A98462B004246D34019000C4C4C
:10DE700021430B0000218C46BE4204D24C46083C94
:10DE80002468D440A44629001530814060460143EF
:10DE9000E0E763469D40024929430B000021D9E792
:10DEA0000000F03FF0B5C64600B5012182B0160073
:10DEB0001F00FFF711FB8046002848D03B037D0080
:10DEC0001B0B6D0D02D08022520313430193002ED1
:10DED00019D101A8FFF742FC4246019B012453617E
:10DEE000434620301C61002D25D035241B4BED18F6
:10DEF0002D18201A089B1D60099B1860404602B02F
:10DF000080BCB846F0BD68460096FFF727FC019C30
:10DF1000009B002805D020222100121A9140C44005
:10DF20000B43424653619461631E9C414346013456
:10DF30001C61002DD9D10A4BC5180023E3189B00A2
:10DF400043441869FFF7D8FB6401201AD2E7002286
:10DF5000044B05480549FFF799FAC046CDFBFFFF82
:10DF6000CEFBFFFF34FE00106CFF00100F0300001B
:10DF7000F0B587B00E0004A90700FFF731FF0400D9
:10DF80000D00300005A902940395FFF729FF3F69B2
:10DF9000366900900191BE1B7301059F049EF61B1C
:10DFA000F618002E0CDD360573190393029C039DB1
:10DFB0002000009A019B2900F7F773FC07B0F0BD21
:10DFC000019B3205991A00900191F1E710B5040008
:10DFD000172809DD002007490022074B013CF7F70D
:10DFE0007EFC002CF8D110BD044BC4001B1903CBE0
:10DFF000F9E7C0460000F03F00002440F80401109B
:10E00000944601394B11013361469B00C2186346A7
:10E01000096914338900591830B58B420BD20400BA
:10E0200020CB20C49942FBD86346CB1A153B9B08F2
:10E030009B0004301818824203D9002308C0824292
:10E04000FCD830BD8C4601006346026910B514311E
:10E05000581182420ADA92008B1803E0043B1A68D6
:10E06000002A13D18B42F9D8002010E08300CB188E
:10E070008242F7DD1F226046644610402242F1D002
:10E080001A689446C24082409445EBD0012010BDEE
:10E09000F0B5C64600B50C228B5E80460C001A0710
:10E0A00054D4802212011A438A814968002900DC75
:10E0B0006DE0E56A002D45D0414640460E680021DE
:10E0C0000160DB0468D401230022216AA847431CB5
:10E0D00000D16EE00C23E25EE56A520706D5636864
:10E0E000C01A636B002B01D0236CC01A02000023FE
:10E0F0004046216AA8470C22A35E421C4ED14246EC
:10E1000011681D2966D8354ACA40D20762D5344AFB
:10E110001A40A2810022626022692260DB0403D5DA
:10E1200043461B68002B42D04346616B1E600029AA
:10E1300008D023004433994202D0404600F01DFE2F
:10E1400000236363002080BCB846F0BD0E69002E3A
:10E15000F8D00D680022AD1B0E609B0700D14A6904
:10E16000A260002D04DCEDE736182D1A002DE9DD44
:10E170002B0032004046216AA76AB8470028F3DC2A
:10E1800040220120A38940421343A381DBE7216C95
:10E19000002900DD8DE7D5E7606D9EE7104A1A4043
:10E1A000A2810022626022692260DB04BCD5606526
:10E1B000BAE743461B68002B00D18BE71D2B06D026
:10E1C000162B04D04022A3891343A381BBE7434607
:10E1D0001E60B7E740221343A381B4E7010040204B
:10E1E000FFF7FFFF0B6970B505000C00002B1AD07C
:10E1F000002802D0036A002B17D00C22A35E002B4C
:10E2000011D0A26ED20701D49B0511D528002100A0
:10E21000FFF73EFFA36E0500DB0702D4A3899B0531
:10E220000BD5280070BD0025FBE7FAF7C1F9E4E73C
:10E230002000583000F06BFDE8E72000583000F077
:10E240006AFDEEE770B5041E2ED00369002B1FD0C7
:10E25000194B1D68002D02D02B6A002B1BD00C22FD
:10E26000A35E002B14D0A26ED20701D49B0516D555
:10E2700028002100FFF70CFFA36E0500DB0708D480
:10E28000A3899B0505D42000583000F044FD00E030
:10E290000025280070BD2800FAF78AF9DFE7200082
:10E2A000583000F034FDE3E7044A05490548FCF71F
:10E2B000C7FA0500EDE7C046800C0020D00C002016
:10E2C000E5E10010840C0020F8B506000F001400F2
:10E2D000002802D0036A002B3DD0A369A360A38964
:10E2E0001B071AD52369002B17D022686169D31A3E
:10E2F00099421EDD0133FF25A1683D400139A1602F
:10E30000511C2160177062699A421BD0A389DB07F8
:10E3100001D50A2D16D02800F8BD21003000FEF7E7
:10E3200097FA002814D1236922686169D31A9942A7
:10E33000E0DC21003000FFF755FF002808D1012361
:10E340002268D8E721003000FFF74CFF0028E2D018
:10E3500001256D42DFE7FAF72BF9BEE710B5034B55
:10E360000A0001001868FFF7AFFF10BD800C002005
:10E3700030B583B0069D034C0095E4256459A04751
:10E3800003B030BDDC0C002082B000290AD0002A86
:10E390000BD0002B0BD013780B601078431E9841E4
:10E3A00002B0704701A9002AF3D10020F8E702204B
:10E3B0004042F5E70CB410B500249EB002910691DE
:10E3C000094920AB04910791084904CB059102A9A2
:10E3D00001931C9400F03CFB029B1C701EB010BC0F
:10E3E00008BC02B01847C046FFFFFF7F0802FFFFCE
:10E3F0000EB410B500240C499FB0049107910B494D
:10E4000021AB05910A4904CB02900690086802A945
:10E4100001931C9400F01CFB029B1C701FB010BCED
:10E4200008BC03B01847C046FFFFFF7F0802FFFF8C
:10E43000800C0020062010B500F04EF9012000F0FD
:10E4400004FDC04670B50C23CA5E05000C0096B0F2
:10E45000930707D5230047332360236101236361BA
:10E4600016B070BD0E23C95E002931DB6A4600F08C
:10E4700035FC00282ADB80212800C900019E00F01D
:10E480004EFC0C22A35E00283DD080221343802244
:10E49000D2006261F0223100120211400A00802194
:10E4A000A3812060206189018A4234D10E23E15E7C
:10E4B000280000F0B1F90C22A35E00282BD0032223
:10E4C0009343012213438022120119E00C23E25EE0
:10E4D000802313405A425341F0225B429200134082
:10E4E0004033190028001E0000F019FC0C22A35E26
:10E4F000002808D08022134300222060206166613A
:10E500001343A381ACE79A05AAD4032293430222C2
:10E510001343A3819EE780221201F1E770B50C003E
:10E520001E000E23C95E150096B0002914DB6A4652
:10E5300000F0D4FB00280FDBF022019B12021340F5
:10E540000B4A80209B185A42534180220001D2007E
:10E5500033602A6016B070BDA3891B0603D5002363
:10E5600040220020F4E7802200230020D200EFE7C1
:10E5700000E0FFFF0CB400B583B004AB04CB019303
:10E58000FDF78AFF03B008BC02B018470EB400B50F
:10E5900082B003AB0100054804CB00680193FDF78E
:10E5A0007BFF02B008BC03B01847C046800C0020B7
:10E5B000C36B10B50400002B01D0002010BD8021DA
:10E5C00000F0ADFBE063002806D00200002380329B
:10E5D00008C09042FCD1F0E701204042EEE7C0467F
:10E5E00070B505000C0016001F2907D8C06B002865
:10E5F00009D0A40004192068266070BD16230360AA
:10E6000001204042F9E78021280000F088FB01004A
:10E6100003000022E86380310028F1D004C38B425C
:10E62000FCD1E6E770B505000C001F291ED8C36BAE
:10E63000002B0ED08A009B181A68002A09D0012AE4
:10E6400005D0511C0ED000212000196090470020F9
:10E6500070BD280000F006F922000100280000F03B
:10E66000EDF8F5E7162303600120F1E716230360B8
:10E6700001204042ECE7C04670B505000C001F29A0
:10E6800026D8C06B002810D0A300C0180368002B48
:10E6900009D05A1C1AD0012B16D00022026020008B
:10E6A0009847002070BD0120FCE78021280000F081
:10E6B00036FB010003000022E8638031002807D008
:10E6C00004C38B42FCD1DFE70320EBE70220E9E73C
:10E6D00001204042E6E7C046144B70B504001D68B7
:10E6E0001F281DD8EB6B002B0DD082009B181A68D9
:10E6F000002A08D0012A04D0511C0DD00021196035
:10E700009047002070BD280000F0ACF82200010006
:10E71000280000F093F8F5E7162301202B60F1E7BD
:10E72000162301202B604042ECE7C046800C0020FD
:10E73000114B70B504000E001D681F2807D8E86B48
:10E74000002809D0A40004192068266070BD162393
:10E750002B6001204042F9E78021280000F0DFFA19
:10E76000E8630028F5D0010003000022803104C3D3
:10E770008B42FCD1E6E7C046800C00200C4B10B564
:10E780001C68E36B002B01D0002010BD802120000D
:10E7900000F0C5FAE063002806D0020000238032B2
:10E7A00008C09042FCD1EFE701204042EDE7C046AF
:10E7B000800C002070B504001F2828D8154B1D6858
:10E7C000E86B002810D0A300C0180368002B09D004
:10E7D0005A1C1AD0012B16D0002202602000984744
:10E7E000002070BD0120FCE78021280000F097FA8E
:10E7F000010003000022E8638031002807D004C331
:10E800008B42FCD1DFE70320EBE70220E9E70120A0
:10E810004042E6E7800C0020002370B5064C05005E
:10E820000800236000F0D0FA431C00D070BD2368BC
:10E83000002BFBD02B60F9E7F4150020002370B506
:10E84000074C050008001100236000F0C5FA431CC6
:10E8500000D070BD2368002BFBD02B60F9E7C046C9
:10E86000F415002010B500F0A7FA10BDF0B546462B
:10E870004F46D646C0B58E6880460C0017001D0076
:10E8800008689E4239D80C228B5E9022D200134237
:10E8900010D135002A003900FBF74EFF0020A36895
:10E8A0009B1BA36023685B192360E0BCBA46B1469A
:10E8B000A846F0BD0969461A6069B24642001218BE
:10E8C000D00F8218681C521080199146904201D9CD
:10E8D000020081465B0512D51100404600F01FFA88
:10E8E000061E1FD052462169F7F75CFDA389124A24
:10E8F000134080221343A38106E01E00CAE740466E
:10E9000000F02BFA061E09D053464A46F018626101
:10E91000D21A266120602E00A260BBE74046216922
:10E9200000F02BFA0C234246136040220120A389F9
:10E9300040421343A381B8E77FFBFFFFF0B5574682
:10E94000DE464E464546E0B5936883B00C009246DD
:10E950000190002B6FD0136898460B6845E00C219E
:10E96000625E9021C9000A422CD0606921695D1A5B
:10E9700043001B18D80FC3185B1099466B1C9B19DA
:10E9800048464B4501D9994618008023DB001A42BE
:10E990003AD00100019800F0C2F9071E3ED02A00CB
:10E9A0002169F7F7FFFCA389284A1340802213430B
:10E9B000A3814B4678195D1B2761A56037003500A0
:10E9C000206063612A005946FBF7B6FE5246514665
:10E9D000A368DB1BA36092682368921B5B1923600A
:10E9E0008A60002A27D00822904442461268934643
:10E9F00042465668002EF6D0A76818003D00B74280
:10EA0000ADD937003500DDE70200019800F0A5F927
:10EA1000071ECED12169019800F0AFF90C23019AAD
:10EA2000012013604022A38940421343A381524630
:10EA30000023936000E0002000235246536003B09F
:10EA4000F0BCBB46B246A946A046F0BD7FFBFFFF27
:10EA5000F0B54F464646D646C0B51C008B89814668
:10EA6000884615009CB01B0603D50B69002B00D10E
:10EA700018E100232A0004AE73612033737610334B
:10EA8000B37603941378904F002B00D19BE01400D1
:10EA900004E063780134002B00D1A3E0252BF8D1EA
:10EAA000A51A944200D0A0E02378002B00D18AE080
:10EAB000012300225B420492059300220023069268
:10EAC000079300234332B354B36501339A460134AC
:10EAD00005E05346C01B83402C00134333600522DE
:10EAE00038002178FDF71AFF651C32680028F0D144
:10EAF0001300DA0602D543222021B1541A0702D5A9
:10EB000043222B21B15421782A2900D078E0039A9E
:10EB1000111D12680391002A00DA9EE0F260297844
:10EB20002E2900D181E0694C03222000FDF7F6FE7A
:10EB30003368002805D04022001B82401343013572
:10EB40003360802229781A4208D06C2906D1934379
:10EB500080221201134333606978013540221A4242
:10EB600008D0682906D19343C132FF321343336082
:10EB7000697801357A2932D0742930D06A2906D1D2
:10EB8000802332681B011343336069780135062204
:10EB90004F483176FDF7C2FE002864D04D4B002B64
:10EBA00053D003AA00923100424648464A4BFAF736
:10EBB00035FF431C07D073696A1C1B1873611378F7
:10EBC000002B00D063E743469B895B0600D578E0C5
:10EBD00070691CB0E0BCBA46B146A846F0BD697881
:10EBE0000135CBE7A51A9442EDD02B0041464846AB
:10EBF000FFF73CFE0130E6D073695B19736153E7A0
:10EC0000080030382500092800D989E7F268930008
:10EC10009B185B001A18F2606978013508003038DB
:10EC20000928F4D92E2900D07DE76B782A2B23D12F
:10EC3000039B1A1D1B6803927360002B02DA0123E9
:10EC40005B427360A97802356DE70722039B0020C1
:10EC50000733934308330393ADE75242F260022235
:10EC6000134333605BE703AA0092310042464846F3
:10EC7000194BFEF765FA9CE700237360697801354C
:10EC800008003038092800D94DE71A0093009B1876
:10EC90005B001A187260697801350800303809285D
:10ECA000F4D940E7402100F03AF843461860186173
:10ECB000002803D0402342465361DAE60C234A463B
:10ECC00013600120404284E7E8FE0010F0FE0010CF
:10ECD000F4FE00101D9A00106DE80010002370B5BE
:10ECE000074C050008001100236000F05DF8431C8C
:10ECF00000D070BD2368002BFBD02B60F9E7C04625
:10ED0000F415002010B5F5F7EAFD10BD704710B5F9
:10ED100000F0F6FE10BD10B500F02AFF10BD70B572
:10ED20000D000400F4F75EFD2900200000F010F94A
:10ED30000400F4F73FFD200070BD70B50D00160013
:10ED40000400F4F74FFD32002900200000F0AAF87B
:10ED50000400F4F72FFD200070BD70B50D00160003
:10ED60000400F4F73FFD32002900200000F0D2FC3F
:10ED70000400F4F71FFD200070BD70B50D00040005
:10ED8000F4F730FD2900200000F0DAFBF4F712FD63
:10ED900070BD00207047000058220120014B404206
:10EDA0001A607047F415002058220120014B4042A0
:10EDB0001A607047F415002058220120014B404290
:10EDC0001A607047F41500205822024B00201A6088
:10EDD0007047C046F415002058220120014B4042E4
:10EDE0001A607047F415002058220120014B404260
:10EDF0001A607047F41500200120404270477047A8
:10EE000001207047704700207047002070470020A5
:10EE100070477047012070477047002070470020FE
:10EE200070470020704770477047002070470020EF
:10EE300070470020704770470120704770470020DE
:10EE40007047002070470020704700BEFDE70000BB
:10EE5000074A1368002B01D1064B136006491818A6
:10EE6000884202D810601800704701235B42FAE71D
:10EE7000181B0020E02200200000042010B5EFF352
:10EE80000583002B00D000BEF7F744FB034C044B76
:10EE90009C4200D310BD08CC9847F8E7ECFB00106B
:10EEA00000FC001010B50B0C140C002B30D1002C02
:10EEB00044D18BB291B25943FFF731FF041E1AD0EF
:10EEC0000300083B5A6803239A43043A242A14D8BF
:10EED0000300132A0BD90023036043601B2A10D9B7
:10EEE00000238360C360242A2BD003001033002248
:10EEF0001A605A609A60200010BD0021F7F74CFAA2
:10EF0000F9E70300002208331A605A609A60F2E7BA
:10EF1000002C0DD194B289B292B24A439BB26343A2
:10EF2000110C5B18190C03D1190492B21143C3E7F9
:10EF3000FDF744FC0C2300240360DCE7231C8CB2A7
:10EF4000E9E700220300026118334261CFE7C046BF
:10EF5000F0B54E46DE46574645460C00E0B50B344C
:10EF6000814685B0162C21D8102900D9CEE000F0BA
:10EF70005DFD102418230221C44DEB181A005F68B0
:10EF8000083A974200D17BE103227B68B96893433A
:10EF9000FA68CA6091600121FB185A6848460A4322
:10EFA0005A6000F04BFD38000830B3E007239C4363
:10EFB00000D5ABE0A14200D9A8E000F037FDF8236E
:10EFC000FF339C4200D8BBE1630A00D1A9E0042BC7
:10EFD00000D984E1A3091900393398463831DB00A0
:10EFE000082252429446A94DEB189C446346DF68C0
:10EFF000BC4500D13EE18C460326190007E0F868C5
:10F00000002A00DB38E1814200D133E107007B6850
:10F01000B3431A1B0F2AF2DD61462A002F6908321A
:10F02000974200D123E103207B688343181B0F28FC
:10F0300000DD89E12A616A610028ACDA6A689446D9
:10F04000934A934200D929E1DA0858090123834001
:10F05000604618438446D3005B199A686860FB6079
:10F06000BA609F60D76001208B10984060455FD8E0
:10F07000634603420AD103239943634640000431A7
:10F08000034203D1400004310342FBD00323A846CE
:10F090009C4683460D00E80040440600AA46F368FB
:10F0A0000BE061465A688A43171B1900DB680F2F73
:10F0B00000DD1FE1002F00DB33E19E42F1D153461A
:10F0C00001339A4608369B07E9D1032205E003681D
:10F0D0000838013D834200D0D4E12A42F7D14246AC
:10F0E000594653688B4353605A46520093469A429E
:10F0F0001DD8002A06D11AE05246043292465A46DA
:10F10000520093461342F7D05546C4E70C234A46B3
:10F110001360002005B0F0BCBB46B246A946A0462D
:10F12000F0BD802340223F2190469B0058E7454692
:10F130000322AF687B6893430293A34203D31B1B54
:10F140000F2B00DD85E0534B082001931B68103323
:10F150001E1900F07BFC504BB24603931B6880469F
:10F16000013304D0731E1B18424213409A46514685
:10F17000484600F079FC8346431C5FD0029BFB1895
:10F18000834200D9F8E001994A6852444A604146F6
:10F190000139834200D130E103980068013000D189
:10F1A00035E15846C31A9B18019A53605A46072303
:10F1B0001000184003901A4200D1FAE0DC46524693
:10F1C00001331B1A9C446244434492460A409B1AF2
:10F1D000194048466646E346884600F045FC431C15
:10F1E00000D12CE1831B43449A46019B01205A68BD
:10F1F000594642445A6053460343A9604B60AF42AC
:10F2000012D0029B0F2B00D8C6E00721029B0C3BBB
:10F210008B4379680140052019437960F9184860EB
:10F2200088600F2B00D912E10199CB6A934200D27A
:10F23000CA6201990B6B934200D20A630323AF6841
:10F240007A689A43131BA24200D2A6E00F2B00DC7F
:10F25000A3E001222100134311433C197960484681
:10F26000AC60636000F0EAFB3800083052E76B687E
:10F270009C46F8E64146D0E6BA68D06082608AE6ED
:10F28000DF680231BB4200D1C7E67DE6500E0020A8
:10F29000FF010000F8150020480E00205A0A042A39
:10F2A00064D9142A00D995E010005C325B30D2009A
:10F2B000AA18083A160092688846964203D170E070
:10F2C0009268964204D00321506888439842F7D848
:10F2D0004146D668FE60BA60B760D760C3E6142BBB
:10F2E00054D9542B7ED8230B19006F3398466E31B6
:10F2F000DB0075E601200E004546091904437460E1
:10F30000B4680835E36038439C60A960E9604860F0
:10F31000CD6048468D60B75000F090FB300008305B
:10F32000F8E601200C008A18516808340143516046
:10F3300022684846D3609A6000F080FB2000E9E62E
:10F340002300E108083317E60126391934437C60AD
:10F3500029616961CA608A60320002434A60F850DC
:10F36000484600F06BFB38000830D3E69A091000DD
:10F3700039323830D2009BE7AF4200D05EE74146D9
:10F380000198013942685244426005E719005C3334
:10F3900098465B31DB0023E64860484600F04EFBB0
:10F3A000B7E60123801083406046184384466860B6
:10F3B00090E71300424653440B40D31A1940484685
:10F3C0005E46884600F050FB431C00D00AE700234D
:10F3D00098460AE7542A1ED81A0B10006F326E3076
:10F3E000D20065E7AA22520093421ED8E30B19000F
:10F3F000783398467731DB00F2E50B4200D0CBE65C
:10F400000120029BA968534403434B600CE75A4612
:10F41000039B1A60CAE6AA20400082421FD8DA0B7A
:10F42000100078327730D20042E7184A93421FD852
:10F43000A30C19007D3398467C31DB00D0E5039B9B
:10F44000083B53449B1B9A4600239846CDE639005F
:10F4500048460831FFF791FC019B5A68E4E60B48E7
:10F4600082420BD89A0C10007D327C30D2001FE70C
:10F47000FE237F227E2190469B00B1E5FE227E2066
:10F48000920015E743465B682EE6C046540500002F
:10F49000F0B5C646050000B5804608200C0000F017
:10F4A000D5FA0600280000F0C1FA224F3100BB68EF
:10F4B0005D6803239D4328001138001B8019F5F770
:10F4C000A3FF441E7443A64207DC0021404600F01F
:10F4D000CBFABB685B19984206D0404600F0AEFA02
:10F4E000002080BCB846F0BD4046614200F0BCFA46
:10F4F00001300DD001222D1BBB6815430E4A5D6003
:10F50000136840461B1B136000F098FA0120E8E7DF
:10F510000021404600F0A8FABA68831A0F2BDCDD00
:10F52000064C05492468001B086001210B43536009
:10F53000D3E7C046500E0020FC150020480E0020E6
:10F54000F0B5C6460C00804600B500293FD000F05B
:10F550006DFA210008394E68012533000320AB43C2
:10F56000CA18944652688243280030400700634816
:10F570008468644500D16FE064466260A4186468E2
:10F580002C40002F26D10E685D4F891B9B198E6879
:10F59000BE4254D0CF68F760BE60002C1CD06246DB
:10F5A0001D434D601360574A93422CD8DA085C091A
:10F5B0000123A340446823434360D3001B189A6887
:10F5C000CB608A609960D160404600F037FA80BC19
:10F5D000B846F0BD002C0FD19B18624601249268FA
:10F5E000474D1C43CE18AA4258D06546ED68D560F9
:10F5F000AA604C603360D6E7624635434D601360C5
:10F60000404A9342D2D95A0A042A3DD89A09140092
:10F6100039323834D60086193268083E03259642BE
:10F6200003D14CE09268964203D05068A8439842B8
:10F63000F8D8D668CE608A60B160D160C4E7002C8B
:10F6400033D1D218604663468068DB681543C360D7
:10F6500098604D608A50B7E79A18002F06D10B6862
:10F66000C91A8C68D218CB68E3609C6001231343ED
:10F670004B60254B81601B689342A5D8234B4046C5
:10F680001968FFF705FF9FE7142A13D9542A1DD8DC
:10F690001A0B14006F326E34D600BCE7D160916053
:10F6A000CA608A604C6033608EE762461D434D60DD
:10F6B000136089E714005C325B34D600ABE70123AA
:10F6C000A410A340446823434360B3E7AA24640022
:10F6D000A24205D8DA0B140078327734D6009AE7C4
:10F6E0000B4CA24205D89A0C14007D327C34D60013
:10F6F00091E7FE267E24B6008DE7C046500E00201E
:10F70000580E0020FF0100004C0E0020F8150020CC
:10F7100054050000F0B545464E46DE465746E0B576
:10F7200080460D00914683B0002900D1B8E04C46D8
:10F730000B3400F07BF9162C60D81024A14560D85A
:10F740002F00083F796803230E00BB469A469E436C
:10F75000A64200DB80E0B81943680093B24B0193E6
:10F760009B68834200D1AEE00122009B93439C46FC
:10F77000844463465B68134200D085E05246009B98
:10F7800093439B199C4200DCEFE001220A420DD119
:10F7900039687A1A51680092524691435B189A462A
:10F7A0009C4234DD73189A469C4234DD49464046FB
:10F7B000FFF7B5FA814600281CD0594601224B6854
:10F7C00093430200CB18083A934200D1D3E0043EA1
:10F7D000242E00D9D4E003002A00132E00D9B5E06E
:10F7E000116819605168596092689A602900404612
:10F7F000FFF7C3FA404600F021F93DE007239C43A0
:10F800009CD50C23424613600023994634E0C3681C
:10F810008268D3609A6000990F008A68CB680837C5
:10F82000D3609A60321F242A00D999E03B00132A42
:10F8300009D92B688B606B68CB601B2A00D9BEE0AE
:10F8400010310B0008352A681A606A685A60AA6885
:10F850009A6056463D00009F01227B68311B134091
:10F86000B8190F2921D833437B60436813434360A1
:10F87000404600F0E3F8A946484603B0F0BCBB465A
:10F88000B246A946A046F0BD01230B4200D08DE749
:10F890005A461368D31A596800935346994381E72F
:10F8A0001100FFF73CFA8146E6E73E192343114376
:10F8B0007B60716031004368083113434360404608
:10F8C000FFF75BFAD4E752462000009B10309343C9
:10F8D0009B19834263DAC90700D567E739687A1A4A
:10F8E00051680092524691435B189A46984200DD57
:10F8F00058E70099CB688A68D3609A600B00321F82
:10F9000008339946242A76D8132A08D92B688B60A5
:10F910006B68CB601B2A73D810310B0008352A683E
:10F920001A606A685A60AA689A600098019B011977
:10F930009960534601221B1B13434B6043681340DD
:10F9400023434360404600F079F895E72B68036055
:10F950006B6843601B2E18D80300083208333FE75A
:10F9600029003800FAF7E8FE73E7C26881681E00D4
:10F97000CA60916070E703225B689343F6186BE7F7
:10F9800032002900FAF7D8FE30E7AB688360EB68F5
:10F99000C360242E1ED003001032103320E7019ADA
:10F9A0003919916001221B1B13434B607B68404651
:10F9B000134023437B6000F041F8A9465CE7AB6845
:10F9C00000990B61EB684B61242A0BD00B001035BA
:10F9D000183338E72B69183203610300696918335B
:10F9E0004161FDE62B6900998B610B006A69203348
:10F9F000CA61183527E729001800FAF79DFE94E739
:10FA0000AB6800990B61EB684B61242A03D00B00B3
:10FA10001035183383E72B6900998B610B006A69F5
:10FA20002033CA6118357AE7500E002010B502481D
:10FA3000FFF76DF910BDC0469012002010B50248C6
:10FA4000FFF769F910BDC04690120020802310B561
:10FA50005B01082801D1180010BDFCF7AFFE16238A
:10FA60000360173BF7E7C046002370B5064C05005E
:10FA700008002360FFF7ECF9431C00D070BD236839
:10FA8000002BFBD02B60F9E7F4150020F8B5C04639
:10FA900001B40248844601BC604700BFD50800207D
:10FAA00001B40248844601BC604700BF1505002030
:10FAB00001B40248844601BC604700BF85020020B3
:10FAC00001B40248844601BC604700BFC10A00205F
:10FAD00001B40248844601BC604700BFC50A00204B
:10FAE00001B40248844601BC604700BFAD0A002053
:10FAF00001B40248844601BC604700BFC10A00202F
:10FB000001B40248844601BC604700BF5D0100208B
:10FB100001B40248844601BC604700BFAD0100202B
:10FB200001B40248844601BC604700BF490200207E
:10FB300001B40248844601BC604700BF990A002016
:10FB400001B40248844601BC604700BF850A00201A
:10FB500001B40248844601BC604700BFD5090020BB
:10FB600001B40248844601BC604700BFDD050020A7
:10FB700001B40248844601BC604700BFAD020020CA
:10FB800001B40248844601BC604700BFB1080020B0
:10FB900001B40248844601BC604700BF85090020CB
:10FBA00001B40248844601BC604700BF1D0100202B
:10FBB0004D650010796500109D5300108963001099
:10FBC000D55A0010CD620010156600109565001022
:10FBD000B5650010C9650010F9480010D165001026
:10FBE000CD49001005650010A5450010B96400104E
:10FBF000E531001019330010813D001079430010E9
:10FC0000657869740053797374656D20636C6F63F4
:10FC10006B206F66202575206B487A2063616E6EBD
:10FC20006F742062652065786163746C792061630C
:10FC30006869657665640049525120737461636B2D
:10FC4000206F766572666C6F77005069636F205322
:10FC5000657269616C0052617370626572727920BD
:10FC60005069005069636F000A2A2A2A2050414EC9
:10FC70004943202A2A2A0A004E6F207370696E6C4D
:10FC80006F636B732061726520617661696C61627C
:10FC90006C65004E6F207573657220495251732058
:10FCA00061726520617661696C61626C65004861B2
:10FCB00072647761726520616C61726D20256420C9
:10FCC000616C726561647920636C61696D65640063
:10FCD000486172642061737365727400556E686167
:10FCE0006E646C65642049525120307825780A0092
:10FCF000657020253032582077617320616C726501
:10FD000061647920617661696C61626C6500436150
:10FD10006E277420636F6E74696E756520786665F2
:10FD200072206F6E20696E616374697665206570FC
:10FD300020253032580000000000000000000000C4
:10FD400079380010F53900107D390010BD390010E8
:10FD5000E1380010213900108D380010313B0010BF
:10FD60006F380010913B0010F53A001000000000C1
:10FD7000CD7300104D74001071740010B174001038
:10FD80004D750010257600100000000000000000F6
:10FD900027EE00100000000029EE00102BEE0010EE
:10FDA0002FEE001033EE00100000000000000000F5
:10FDB000FFED001001EE001005EE001007EE001040
:10FDC0000BEE00100FEE001000000000000000001D
:10FDD00013EE001015EE001019EE00101BEE0010CF
:10FDE0001FEE001023EE00100000000000000000D5
:10FDF00037EE001039EE00103DEE00103FEE00101F
:10FE000043EE001047EE0010000000002E0000003E
:10FE10006E660000696E697479000000616E000012
:10FE2000494E4600696E66004E414E006E616E009E
:10FE30003000000042616C6C6F6320737563636512
:10FE400065646564000000002F776F726B646972EF
:10FE50002F7265706F2F6E65776C69622F6E657794
:10FE60006C69622F6C6962632F7374646C69622FB2
:10FE70006764746F612D6765746865782E63000030
:10FE80000A000000496E66696E697479000000001E
:10FE90004E614E005245454E54206D616C6C6F634F
:10FEA0002073756363656564656400002F776F7206
:10FEB0006B6469722F7265706F2F6E65776C696203
:10FEC0002F6E65776C69622F6C6962632F7374643F
:10FED0006C69622F64746F612E6300004300000040
:10FEE000504F534958000000232D302B20000000B4
:10FEF000686C4C00656667454647000065256C6484
:10FF00000000000030313233343536373839414261
:10FF10004344454600000000303132333435363733
:10FF20003839616263646566000000002C206675E4
:10FF30006E6374696F6E3A20000000006173736530
:10FF40007274696F6E2022257322206661696C6568
:10FF5000643A2066696C6520222573222C206C6926
:10FF60006E65202564257325730A00002F776F7254
:10FF70006B6469722F7265706F2F6E65776C696242
:10FF80002F6E65776C69622F6C6962632F7374647E
:10FF90006C69622F6D707265632E63000000000053
:10FFA00076870010A6860010A6860010A686001090
:10FFB000A6860010A6860010A6860010A686001051
:10FFC000A68600109687001096870010968700106E
:10FFD0009687001096870010A6860010A68600104F
:10FFE000A6860010A6860010A6860010A686001021
:10FFF000A6860010A6860010A6860010A686001011
:020000041001E9
:10000000A6860010A6860010A6860010A686001000
:10001000A6860010A6860010A6860010A6860010F0
:1000200096870010A6860010A6860010A6860010EF
:10003000A6860010A6860010A6860010A6860010D0
:10004000A6860010A6860010A686001068870010FD
:10005000A6860010388E0010509200103A920010C0
:100060008A92001084920010689200103A92001058
:1000700035000000CEFBFFFFCB03000001000000B5
:100080000000000034000000CEFBFFFFCB030000A7
:100090000100000000000000BC89D897B2D29C3C4F
:1000A00033A7A8D523F649393DA7F444FD0FA5325F
:1000B0009D978CCF08BA5B25436FAC642806681106
:1000C0000000000000000000000000000000000030
:1000D0000000000000000000000000000000000020
:1000E0000000000000000000000000000000000010
:1000F0001011121314151617181900000000000033
:10010000001A1B1C1D1E1F00000000000000000044
:1001100000000000000000000000000000000000DF
:10012000001A1B1C1D1E1F00000000000000000024
:1001300000000000000000000000000000000000BF
:1001400000000000000000000000000000000000AF
:10015000000000000000000000000000000000009F
:10016000000000000000000000000000000000008F
:10017000000000000000000000000000000000007F
:10018000000000000000000000000000000000006F
:10019000000000000000000000000000000000005F
:1001A000000000000000000000000000000000004F
:1001B000000000000000000000000000000000003F
:1001C0000020202020202020202028282828282027
:1001D000202020202020202020202020202020201F
:1001E0002088101010101010101010101010101087
:1001F0001004040404040404040404101010101077
:100200001010414141414141010101010101010140
:100210000101010101010101010101011010101092
:100220001010424242424242020202020202020212
:100230000202020202020202020202021010101066
:10024000200000000000000000000000000000008E
:10025000000000000000000000000000000000009E
:10026000000000000000000000000000000000008E
:10027000000000000000000000000000000000007E
:10028000000000000000000000000000000000006E
:10029000000000000000000000000000000000005E
:1002A000000000000000000000000000000000004E
:1002B000000000000000000000000000000000003E
:1002C000000000005CCB001010CA00105CCB0010D6
:1002D000D6CB001010CA0010CCCA0010D4CA00102F
:1002E000D4CA0010D4CA0010D4CA0010D4CA001056
:1002F000D4CA0010D4CA0010D4CA0010D4CA001046
:1003000010CA001010CA001010CA001010CA001045
:1003100010CA001010CA001010CA0010C8CB00107C
:1003200010CA001010CA001010CA00108ACB0010AA
:1003300080CB001010CA001010CA00101CCB001097
:1003400010CA001010CA001010CA001010CA001005
:10035000F8C9001010CA001010CA001010CA00100E
:1003600010CA001010CA00106CCB001010CA001088
:1003700010CA001010CA001010CA001076CB00106E
:1003800010CA001010CA001010CA001010CA0010C5
:1003900010CA001010CA001010CA0010C8CB0010FC
:1003A00010CA001010CA001010CA00108ACB00102A
:1003B00080CB001010CA001010CA00101CCB001017
:1003C00010CA001010CA001010CA001010CA001085
:1003D000F8C9001010CA001010CA001010CA00108E
:1003E00010CA001010CA00106CCB001010CA001008
:1003F00010CA001010CA001010CA001076CB0010EE
:1004000010D20010FCD10010FCD10010FCD1001063
:10041000FCD100101ED30010FCD10010FCD1001044
:10042000FCD10010FCD10010FCD10010FCD1001058
:10043000FCD10010FCD10010FCD10010FCD1001048
:1004400074D200102ED20010FCD10010FCD100108C
:10045000FCD10010FCD100102ED20010FCD10010F5
:10046000FCD10010FCD10010FCD10010FED2001015
:1004700054D2001088D20010FCD10010FCD1001022
:1004800010D20010FCD1001054D20010FCD100108A
:10049000FCD10010FAD20010050000001900000085
:1004A0007D00000000000000BC89D897B2D29C3CBF
:1004B00033A7A8D523F649393DA7F444FD0FA5324B
:1004C0009D978CCF08BA5B25436FAC642806C80A99
:1004D0000080E03779C34143176E05B5B5B8934640
:1004E000F5F93FE9034F384D321D30F94877825A0C
:1004F0003CBF737FDD4F1575000000000000F03F2A
:1005000000000000000024400000000000005940EE
:100510000000000000408F40000000000088C34041
:1005200000000000006AF8400000000080842E41B6
:1005300000000000D01263410000000084D7974102
:100540000000000065CDCD41000000205FA0024208
:10055000000000E876483742000000A2941A6D427D
:10056000000040E59C30A2420000901EC4BCD64270
:1005700000003426F56B0C430080E03779C341431B
:1005800000A0D8855734764300C84E676DC1AB4391
:10059000003D9160E458E143408CB5781DAF1544AF
:1005A00050EFE2D6E41A4B4492D54D06CFF080448A
:1005B000F64AE1C7022DB544B49DD9794378EA449F
:1005C000D02330B5802400251B061A68044BD200C6
:1005D0009B186404186859680019694103C330BD49
:1005E000A815002070B5D025FF232D062B6500F03F
:1005F00047FD01242B6D234209D000F031FD054B4E
:100600009842F7D1044B1C701A78002AFCD100F0F4
:100610002FFD70BD2ED0DEC0B4210020D0230021DC
:100620001B0630B51C780568EFF3108372B62A6894
:10063000002AFCD0BFF35F8F057902687F2D06D9B1
:100640000471BFF35F8F116083F3108830BDBFF377
:100650005F8F116083F3108820BFE4E7D02370B56B
:1006600000251B061B785EB20468EFF3108272B699
:1006700021680029FCD0BFF35F8F04240457016870
:10068000B44201D0002C0ADA03714379013343717B
:10069000BFF35F8F00230B6082F3108870BDBFF340
:1006A0005F8F0D6082F3108820BFDDE7030010B577
:1006B0000068EFF3108472B60268002AFCD0BFF322
:1006C0005F8F04229A56002A0CDAD02201201206EB
:1006D00012681A711B68BFF35F8F00221A6084F3DF
:1006E000108810BD002901D10020F3E70A60FBE764
:1006F000F7B51F00D023050016001B061B680193E9
:100700002968EFF3108372B60A68002AFCD0BFF3A1
:100710005F8F297900242A687F2908D901992971D6
:10072000BFF35F8F146083F310880120FEBDBFF319
:100730005F8F146083F310883000390000F080FC74
:100740000028DDD02000F1E7F8B50D00040000F02E
:1007500067FCFA2206000F00002392002800002107
:1007600000F03EFC02000B0092197B41002B02DAE4
:100770000122034B52422000FFF7BAFFF8BDC046EA
:10078000FFFFFF7F0168EFF3108372B60A68002A4B
:10079000FCD0BFF35F8FFF2202710268BFF35F8F4F
:1007A0000021116083F3108840BF704710B50168C5
:1007B000EFF3108272B60B68002BFCD0BFF35F8F93
:1007C00043790168013BDBB24371002B08D1FF2460
:1007D0000471BFF35F8F0B6082F3108840BF10BDC0
:1007E000BFF35F8F00230B6082F31088F7E70000F0
:1007F000F0B587B0019104004078023804281BD876
:1008000000F0C0FB03B31237B50001215A4B1A7830
:100810008A431A701A7849188A431A7000225A704B
:1008200004211A788A4306E0534B1A78D20724D55C
:10083000042219780A431A70504B1D686969EFF356
:10084000108372B60A68002AFCD0BFF35F8FAB61D9
:100850002100280000F0FCFB6A69AB69BFF35F8FE1
:100860000021116083F31088884206D061782078D7
:100870006CE0414B1A78D207D2D407B0F0BDAB423E
:1008800068D93F4B6A011B689B18002B66D1013564
:10089000EDB23C4B1B781A1DAA42F0DA364F3B787A
:1008A0005B072CD504223B7803AD9343002128003D
:1008B00008323B7000F0ECFB23782B7005236B7043
:1008C0002E4B1E687169EFF3108372B60A68002A16
:1008D000FCD0BFF35F8FB3612900300000F0B8FB9C
:1008E0007269B369BFF35F8F0021116083F31088D1
:1008F000884204D069782878019A00F089FBFB7857
:10090000DB07BAD5237803AD2B7003236B706368C4
:100910006B601A4B1C686169EFF3108372B60A684A
:10092000002AFCD0BFF35F8FA3612900200000F0F4
:100930008FFB6269A369BFF35F8F0021116083F3AE
:100940001088884200D198E769782878019A00F0E9
:100950005FFB92E70C4AEB1A5B019B18DB69002BEB
:1009600095D020786168984791E7002591E7074A7C
:100970001378013313705FE7BA210020D0190020EB
:10098000A4160020B52100206CFD0010CE2200200E
:10099000084A10B51378002B0AD18023064807496E
:1009A0005B051C68C45004338B42FAD101231370D9
:1009B00010BDC046CF220020D41900100001001045
:1009C00010B5014B984710BDD5190020002310B574
:1009D000011D064C9A00145901338C50062BF8D196
:1009E000A0235B051B68036010BDC04604000240E5
:1009F000002330B5041D9A00A158054D0133515113
:100A0000062BF8D1A02302685B051A6030BDC046F2
:100A100004000240F0B5142518248DB023880091FD
:100A200007002949288816009847238801902749FC
:100A30002888984723882649029028889847039059
:100A4000FFF7A6FF05A8FFF7C1FF019B9847029B90
:100A5000984780231F489B000268103C5340C022E7
:100A6000920013401C4AA4461360C0223300520572
:100A700034001C430ED1C02302689B009343164AE6
:100A80001360039B9847FFF79BFF05A8FFF7B0FF94
:100A90000DB0F0BD65460221946A25400C4208D095
:100AA000002E06D09C1B0D2C03D83C78013E14660A
:100AB0000137002DDCD0002BDAD00099146E013BF9
:100AC0000C7001310091D3E7494600004558000001
:100AD000464300000C8001400C90014000231900A7
:100AE00010B50948DA00121801339160D1600F2B5C
:100AF000F7D1F02292000021044800F0C9FA044B1B
:100B0000044A1A6010BDC046000010505C1B002053
:100B10001C1F002080011050F0B500250126174B46
:100B200085B09F6D002F01D0202D01D105B0F0BD03
:100B30003E421FD0124B6C089E6501236400AB43FC
:100B4000E418104B6401E418200000F0FDF90028BF
:100B50000FD0E38AE0210393002301A8A278C90003
:100B60000180012102714371FFF742FE200000F075
:100B700083F9B74301357600EDB2D3E70000115099
:100B8000003011501C1B0020624BF0B51D68802303
:100B90002C009B0285B01C401D422DD05E4B5F4C4B
:100BA0009A6A5F4B5F4F1A600023E27E022A07D1E8
:100BB000A67E002E04D0237F002B00D0A0E03300BF
:100BC0004034BC42F1D1002B07D1574B1B78002B8E
:100BD00003D18022554B92021A60C0226946544BC1
:100BE00092009B6C80245B058A805B0D012101A82B
:100BF0000293FFF7FDFDA40210231D4202D01C4307
:100C0000FFF78AFF80235B021D4235D00226494F41
:100C10001C43BB7E002B1AD000F0EAF9012806D94C
:100C2000454B434A1E66536E3340B342FBD1C0224C
:100C300000213800920100F025F9380000F01CF97D
:100C400000F0D6F9012802D93C4B5E661E660123EE
:100C5000FB7020379E4259D1C0236A46DB00938047
:100C6000374A02AB03CA03C3310001A8FFF7C0FD36
:100C70008022324B92021A6580235B011D4217D0FD
:100C800000272B4E1C433760FFF728FF80236A465E
:100C90005B0093801772012101A8FFF7A9FD802254
:100CA000264B12031A65F36CDB0301D500F0C0F983
:100CB0008023DB011D420BD01C4380236A46DB00EE
:100CC0009380012101A8FFF793FD10221B4B1A65A9
:100CD00080231B021D420CD01C43A0236A46DB006C
:100CE0009380012101A8FFF783FD8022134B12019D
:100CF0001A65AC420CD021001248694000F080F91E
:100D000000232000237700F0E5F858E7012680E76C
:100D100005B0F0BD98001150004005403C1B00207C
:100D2000041B00203C1F0020B721002090301150F0
:100D3000000011501C1B00200020115000301150E9
:100D400000001050DCFC00100300F0B51A8B808A04
:100D500094B2844200D9021CDD7892B2801A988243
:100D600028008024461EB041E40014434003204381
:100D700001246C40DC705C78002C0BD1DD688E01A6
:100D8000AD191E69A2420FD11C69A2181A618022F6
:100D9000120210439B8A002B02D18023DB011843EF
:100DA000002900D00004F0BD375D2F550134E9E77C
:100DB000074B1B6C9B0701D5002070478378DB092C
:100DC000012BF9D1C07E023843425841F5E7C046B5
:100DD0000000115010B5FFF7EBFF00280AD0064BBA
:100DE000064A9B6A064912685B189B1A0020C622B5
:100DF0009A42404110BDC04600400540041B0020FF
:100E0000E0FCFFFF8368020030B51B68002900D0BA
:100E10001B0C9B05980D5378002B08D1D38AC3185F
:100E2000D382138B834201D90023938230BDD368D0
:100E30008901591800231469984206D1D38AC3182E
:100E4000D38213691B181361EBE7CD5CE5540133C2
:100E5000F2E710B50400836800211B68FFF7D2FF9A
:100E600063681B685B0006D5238B834203D1012195
:100E70002000FFF7C7FF10BD0023837603614361A5
:100E80007047000010B58368002901D01C6821401C
:100E9000002A15D08024E4001143224210D01A68A1
:100EA000224203D08178084800F0AAF8074A0A4095
:100EB0001A60074B1B6C9B0702D40C23033BFDD22B
:100EC0008368196010BDC046F0FC0010FFFBFFFFF7
:100ED00000001150436870B50021802504001E6891
:100EE000FFF732FF154B6D011A6C0543A37892078B
:100EF00019D4DB43DBB2DB09A28A002A19D0002B0C
:100F000017D101212000FFF71FFF0D4B0543334090
:100F1000A026F6051E4363682A001E6000212000FB
:100F2000FFF7B0FF70BD7F2213405A1E9341DBB222
:100F3000E2E7044B1E4080239B05EBE700001150C5
:100F4000FFFFFFDFFFFFFFAF70B5847E0500002CC1
:100F500003D181780A4800F053F8FFF77AFFAB8A93
:100F6000002B07D02800FFF735FF041E04D0012313
:100F700000242B77200070BD2800FFF7ABFFF9E7B6
:100F80000EFD001002B4714649084900095C490091
:100F90008E4402BC7047C04603B471464908400005
:100FA0004900095E49008E4403BC704703B4714692
:100FB000490840004900095A49008E4403BC704763
:100FC0007047C0469140030090409C46203A9340B1
:100FD000194352426346D340194370470000000052
:100FE00001B40248844601BC604700BF556300104D
:100FF00001B40248844601BC604700BF3983001039
:1010000001B40248844601BC604700BF5D44001043
:1010100001B40248844601BC604700BF79670010F4
:1010200001B40248844601BC604700BFA94F0010CC
:1010300001B40248844601BC604700BFDD82001055
:1010400001B40248844601BC604700BFA54E0010B1
:1010500001B40248844601BC604700BFED7A00102D
:1010600001B40248844601BC604700BFE56300103C
:1010700001B40248844601BC604700BFB537001088
:1010800001B40248844601BC604700BFE537001048
:1010900001B40248844601BC604700BF9963001058
:1010A00001000100E8030000FF0000000100000053
:1010B0000A00000010000000000000000000010015
:1010C000000000000000000000000200000000001E
:1010D000000000000000030000000000000000000D
:1010E00000000400000000000000000000000500F7
:1010F00000000000000000000000FF0000000000F1
:1011000001B5486801318E460047704609380149EB
:10111000884701BD01480010FFFFFFFFFFFFFF7F71
:1011200000000000000000000000000000000000BF
:101130000000000028140020000000000000000053
:10114000503300004C330000543300005233000091
:101150004D5300004D430000533400004334000061
:101160000E22002010000C00000000000000000013
:10117000000000000000000000000000FF00000070
:10118000840C002000000000C0120020301300205A
:10119000A01300200000000000000000000000007C
:1011A000000000000000000000000000000000003F
:1011B000000000000000000000000000000000002F
:1011C000000000000000000000000000000000001F
:1011D0000000000003000000C012002043000000D7
:1011E00000000000000000000000000000000000FF
:1011F00000000000000000000000000043000000AC
:1012000000000000000000000000000000000000DE
:10121000000000000000000000000000430000008B
:1012200000000000000000000000000000000000BE
:10123000000000000000000000000000430000006B
:10124000000000000000000000000000000000009E
:10125000000000000000000000000000430000004B
:10126000000000000000000000000000000000007E
:10127000000000000000000000000000430000002B
:10128000000000000000000000000000000000005E
:10129000000000000000000000000000430000000B
:1012A000000000000000000000000000000000003E
:1012B000000000000000000000000000C9C2001093
:1012C00089E3001000000000C00101100CFE0010B6
:1012D00038FF001038FF001038FF001038FF0010F2
:1012E00038FF001038FF001038FF001038FF0010E2
:1012F00038FF0010FFFFFFFFFFFFFFFFFFFFFFFFB3
:10130000FFFF000001004153434949000000000075
:1013100000000000000000000000000000000000CD
:101320000000000000004153434949000000000054
:1013300000000000000000000000000000000000AD
:101340000000000000000000FFFFFFFF000002009F
:101350000000000000000000500E0020500E002091
:10136000580E0020580E0020600E0020600E002055
:10137000680E0020680E0020700E0020700E002005
:10138000780E0020780E0020800E0020800E0020B5
:10139000880E0020880E0020900E0020900E002065
:1013A000980E0020980E0020A00E0020A00E002015
:1013B000A80E0020A80E0020B00E0020B00E0020C5
:1013C000B80E0020B80E0020C00E0020C00E002075
:1013D000C80E0020C80E0020D00E0020D00E002025
:1013E000D80E0020D80E0020E00E0020E00E0020D5
:1013F000E80E0020E80E0020F00E0020F00E002085
:10140000F80E0020F80E0020000F0020000F002032
:10141000080F0020080F0020100F0020100F0020E0
:10142000180F0020180F0020200F0020200F002090
:10143000280F0020280F0020300F0020300F002040
:10144000380F0020380F0020400F0020400F0020F0
:10145000480F0020480F0020500F0020500F0020A0
:10146000580F0020580F0020600F0020600F002050
:10147000680F0020680F0020700F0020700F002000
:10148000780F0020780F0020800F0020800F0020B0
:10149000880F0020880F0020900F0020900F002060
:1014A000980F0020980F0020A00F0020A00F002010
:1014B000A80F0020A80F0020B00F0020B00F0020C0
:1014C000B80F0020B80F0020C00F0020C00F002070
:1014D000C80F0020C80F0020D00F0020D00F002020
:1014E000D80F0020D80F0020E00F0020E00F0020D0
:1014F000E80F0020E80F0020F00F0020F00F002080
:10150000F80F0020F80F002000100020001000202D
:1015100008100020081000201010002010100020DB
:10152000181000201810002020100020201000208B
:10153000281000202810002030100020301000203B
:1015400038100020381000204010002040100020EB
:10155000481000204810002050100020501000209B
:10156000581000205810002060100020601000204B
:1015700068100020681000207010002070100020FB
:1015800078100020781000208010002080100020AB
:10159000881000208810002090100020901000205B
:1015A0009810002098100020A0100020A01000200B
:1015B000A8100020A8100020B0100020B0100020BB
:1015C000B8100020B8100020C0100020C01000206B
:1015D000C8100020C8100020D0100020D01000201B
:1015E000D8100020D8100020E0100020E0100020CB
:1015F000E8100020E8100020F0100020F01000207B
:10160000F8100020F8100020001100200011002028
:1016100008110020081100201011002010110020D6
:101620001811002018110020201100202011002086
:101630002811002028110020301100203011002036
:1016400038110020381100204011002040110020E6
:101650004811002048110020501100205011002096
:101660005811002058110020601100206011002046
:1016700068110020681100207011002070110020F6
:1016800078110020781100208011002080110020A6
:101690008811002088110020901100209011002056
:1016A0009811002098110020A0110020A011002006
:1016B000A8110020A8110020B0110020B0110020B6
:1016C000B8110020B8110020C0110020C011002066
:1016D000C8110020C8110020D0110020D011002016
:1016E000D8110020D8110020E0110020E0110020C6
:1016F000E8110020E8110020F0110020F011002076
:10170000F8110020F8110020001200200012002023
:1017100008120020081200201012002010120020D1
:101720001812002018120020201200202012002081
:101730002812002028120020301200203012002031
:1017400038120020381200204012002040120020E1
:101750004812002048120020000000000000000095
:101760000000000000000000000000000000000079
:101770000000000000000000000000000000000069
:101780000000000000000000010000000000000058
:101790000100000000000000000000000000000048
:1017A0000100000000000000010000000000000037
:0817B000010000000000000030
:0400000510000000E7
:00000001FF
