:020000041000EA
:1000000000B5324B212058609868022188439860DF
:10001000D860186158612E4B002199600221596106
:100020000121F02299502B49196001219960352056
:1000300000F044F80222904214D00621196600F024
:1000400034F8196E01211966002018661A6600F04E
:100050002CF8196E196E196E052000F02FF8012189
:100060000842F9D1002199601B49196000215960AB
:100070001A491B48016001219960EB211966A021F2
:10008000196600F012F800219960164914480160C1
:100090000121996001BC002800D000471248134993
:1000A000086003C880F30888084703B5996A0420EC
:1000B0000142FBD001200142F8D103BD02B5186610
:1000C0001866FFF7F2FF186E186E02BD00000240BE
:1000D000000000180000070000035F00212200005C
:1000E000F4000018222000A00001001008ED00E03C
:1000F00000000000000000000000000074B24E7A12
:1001000000200420E3010010CB010010CD010010FD
:10011000C9010010C9010010C9010010C901001077
:10012000C9010010C9010010C9010010CF01001061
:10013000C9010010C9010010D1010010D301001045
:10014000C1010010C1010010C1010010C101001067
:10015000C1010010C1010010C1010010C101001057
:10016000C1010010C1010010C1010010C101001047
:10017000C1010010C1010010C1010010C101001037
:10018000C1010010C1010010C1010010C101001027
:10019000C1010010C1010010C1010010C101001017
:1001A000C1010010C1010010C1010010C101001007
:1001B000C1010010C1010010C1010010C1010010F7
:1001C000EFF30580103800BE00BE00BE00BE00BECA
:1001D00000BE00BE00202149086006C881F30888DF
:1001E00010471F480068002801D00020F3E70DA445
:1001F0000ECC002902D000F012F8F9E719491A4A8A
:10020000002000E001C19142FCD1184988471849FB
:1002100088471849884700BEFDE701C901C29A42D4
:10022000FBD3704778020010C00000202423002078
:10023000DC24001030230020842600203028001009
:1002400000000420000004203028001000100420CA
:1002500000100420000000007047000008ED00E0DE
:10026000000000D084260020F02A0020392200203F
:10027000090100208D020020B0B500AF054B064AF1
:100280009A60054B1D68054B1B681C002B009D46A2
:10029000A047C04600ED00E0003000100430001020
:1002A00080B500AF00F016F803001A000123534098
:1002B000DBB2002B01D0FFF7DFFFC046BD4680BD9B
:1002C00080B582B000AF7860396000F04FF8FFF77A
:1002D000D3FF0000104B114A1B6812681B6812689C
:1002E000002010B5934215D080211800D21A490180
:1002F00000F016F900280DD009490A4800F060F90D
:10030000002807D008220849064802F083F8434233
:100310005841C0B210BDC046F4250020F025002091
:10032000B827002004FA0320B82400200D4B012038
:1003300070B5002201269C460B4D40420821AB5C63
:1003400058400300644633405B4223404008013973
:1003500058400029F5D1A32301329B009A42EDD1E8
:10036000C04370BD2083B8ED04FA032070B586B099
:10037000FFF7DCFFA323314C9B00E35883425BD1A2
:10038000A368002B58D000238026019376012B4BC5
:10039000019A9B689A4209D3294B186800F0B8F873
:1003A00000216422080001F027FEFEE7E368012B2C
:1003B00011D12000103000F02BF900283CD0206D26
:1003C00000F0A0F9002837D0656DA36D0093002DD3
:1003D00006D100F0AAF9019B503401330193D6E70E
:1003E0000295B54200D90296029800F061F9039097
:1003F000002821D03200009902F00CF8002814D017
:10040000EFF3108372B6F0220593009B12069B183F
:1004100018003100049302F0A9F8320003990498FF
:1004200002F0E6F8059B83F310888022029B5201BC
:10043000ED1A009B9B18C9E706B070BD04FA0320B3
:10044000B8270020FEE7FEE70020704770B5094C92
:10045000094A236810684B43C018EFF3108572B641
:10046000F0231B062168C01802F080F885F310887D
:10047000002070BD84260020B42700200A4810B553
:1004800000680A4C4843821820688018EFF31084F3
:1004900072B6F022120680181900029A02F0A8F82B
:1004A00084F31088002010BD84260020B42700208B
:1004B00010B50C00074908480968614389180268AB
:1004C00018005118029A01F08BFF044B00201C60A9
:1004D00010BDC04684260020B4270020DC26002062
:1004E000802370B5074C05002200046006495B01BB
:1004F000064801F01BF82B6824185A1C6C602A600F
:10050000187870BD04E7032088260020E02600202C
:1005100010B501000148FFF799FF10BD60270020CA
:10052000F8B51C4B0D0018601B4B1700196080229A
:1005300000211A4801F04EFF194C542200212000DE
:1005400001F048FF174BE5616360174BA360174B41
:10055000E360174B236180235B006361A361002D7F
:1005600004D02900380001F07BFE050010236362EF
:10057000F033A362E3620F4B210063630E4B074825
:10058000A3630E4B2562E36300F0EEFDC043C00F92
:10059000F8BDC046B427002084260020E0260020B5
:1005A00060270020F9020020C502002095020020EB
:1005B0009102002004F9032004F8032004F703202B
:1005C000F0B50F4B99B006000D0000930D4A0123C2
:1005D0000D4803A900F0F6FE002802DA002019B049
:1005E000F0BDA427BF003B003200074803A900F07C
:1005F0009DFFB842F2D1054B01201B682B60EEE74E
:1006000004260020C1240020E0260020DC26002053
:10061000F0B500271F4B87B003931F701E4B0200DD
:1006200000931E4901231E4800F0CCFEB8422BDB8C
:1006300005AC022322001949194800F077FF02286F
:1006400022D11649164801F079F823781F2B02D1E0
:1006500063788B2B02D0012007B0F0BD01F09AF92E
:100660008022104C104B2000104912022760676056
:10067000A36001F090F9200001F001FB002805D0F3
:100680000649074801F05AF80020E5E70123039ADC
:100690001370E0E7EC2A0020F825002088260020CF
:1006A000E0260020005203202903002004670320D5
:1006B0000F4B70B51B7805000E4C002B0BD12B0097
:1006C00022000D490D4800F031FF281A43425841DD
:1006D0004042204070BD0A48651944618461C5618B
:1006E00001F068F903000020012BF3D82000F1E7A6
:1006F000EC2A00200457032088260020E026002052
:100700000052032070B5802604007601002C01D130
:10071000012070BD2500B44200D935002800FFF744
:10072000C7FF0028F5D0641BF0E7704710B50B68D1
:1007300004689C4201D1002010BD4068496888428D
:10074000F9D08C42F7D0181A431E9841F4E783057C
:100750009B1501335A42534118188005800D04300F
:1007600070470200836A2832002B03D08B4202D1EB
:100770001B68136070471A001B68F5E7F0B58BB073
:10078000109E0493129B0992F218836E0C00DB6991
:1007900006909A4205D8C36E002B20D0049A93424B
:1007A0001DD8542040420BB0F0BD6168A5684D19BA
:1007B000AE4248D28E4217D3129BAD1B9D4200D948
:1007C0001D00E368711A59182A00119801F008FEFB
:1007D000119B76195B191193129B5B1B1293129B51
:1007E000002B2CD11298DEE7129B8F1B9F422BD936
:1007F0001F0029E0049B2360059BF31A08936360A4
:10080000099B5F1E039BFF18BF191900380001F0F8
:1008100027FDEB697F1A9F4200D91F00059BAA6A3A
:100820009B1BFF18974200D91700A760009728006C
:10083000E368089A0499079DA8470028B3D1236864
:10084000049A9A42B1D0129F069B30009D6E6B694C
:100850001900039301F004FD6B68099A0793129B3A
:1008600005919342C6D30029C4D1039B129A9342A7
:10087000C0D81900380001F0F3FC7B1A280005915C
:10088000039300933200119B0499079DA847002809
:1008900000D088E7039A119BB6189B181193059B0B
:1008A000129ADB1BD31899E7F0B5036886688DB000
:1008B0008905050006938F0DBE4200D93E00002435
:1008C00013680793536808936B680993A64206D888
:1008D000AB680020BB4221D0BB4240411DE0321B2F
:1008E0000592082A01D908230593059B06990293CE
:1008F0000AAB0193089B08001B190093079BFFF7A5
:100900003DFF00280AD1099B059A19190AA801F090
:1009100081FD002804D0C043C00F01300DB0F0BDF0
:10092000059BE418D2E7F8B5C7690C68083F0E00CC
:100930000020BC4215D33900200001F091FC0138A1
:1009400001F088FC023080003900201A01F088FC98
:10095000050001F07FFC8000241A28006F43E41B8F
:100960003460F8BDF0B50C001500496B85B0002B64
:1009700007D05518012B04D00D00022B01D1E56AD8
:100980005519436FAB4232D32E008D4220D0236BDA
:1009900000935B0329D5876EE26BFB699A421AD0FC
:1009A0000291380002A9FFF7BEFF03A901903800A9
:1009B0000395FFF7B8FF019B83420CD1636C039A48
:1009C000934208D8A16C5B189A4204D26563E26333
:1009D000300005B0F0BD009BDB0202D401235B4276
:1009E0002364044B009A1A4022636563F0E71626DD
:1009F0007642EDE7FFFFFBFF10B50C00826AFF2196
:100A0000E06801F0E7FC01235B42236010BD0000B9
:100A1000F0B59FB01393C36E06000F000592002B34
:100A20000BD01268934204D85424644220001FB0B3
:100A3000F0BD059A52689342F6D9002516AB16957B
:100A400017950693079504220292069AAB0001922D
:100A500000220092059A3100D35830000422FFF79B
:100A60008DFE041E62D003005433DFD1069B043395
:100A70000693012D58D1079B05999A00059B9B5819
:100A80003B60079B5B192B400D939B00CB587B6011
:100A900016ABD358BB600023FB6002331193033BBA
:100AA0000793BB4B18AA11CB11C2390001200422B5
:100AB0000831404200F04CFE079B012505930023BE
:100AC000149010930F9309936D4208932800FFF739
:100AD0003EFE089BB26E1B1808930423029315ABCD
:100AE0000193089B3100009330003B68D269FFF707
:100AF00045FE041E26D02300543397D10025FB6801
:100B00000693002B00D04FE13B687A687B600D9B19
:100B10003A609B0016AA9B58BB60119B012B00D129
:100B200082E701231193BCE701258CE70123069A94
:100B30006B409B0016A912685B58D31A834295DD5F
:100B4000079593E70422149815A900F001FE159B60
:100B500014901BBA6B4006931593A34209DAF02355
:100B60002D0DDB001D408B4BED186B425D41EDB24E
:100B7000C5E70698FFF7EBFDB36EDB690C93089BA6
:100B80000C9AC318934200D9FFE0F021A0223B68E1
:100B9000C9001293089B250004330B93069BD200D7
:100BA0001B0D0B40011F0E91934254D1042302935D
:100BB0001CAB01930B9B310000933000129B0C9AED
:100BC000FFF7DCFD041E96D11C9A149B9A4295D126
:100BD000159B069A1B0DDB075A40069214A90422A6
:100BE000F06A00F0B5FDF0621598FFF7B0FD089BC4
:100BF000C018069BF8603B61099BBB82189BBB61D8
:100C0000199BFB610F9BFB7501235B421493059BB2
:100C10000793069D5AE70E9B5B1B0A93082B01D98D
:100C200008230A930C9B31005A1B0A9B3000029345
:100C30001CAB01930B9BEB180093129BFFF79EFDDF
:100C4000041E00D057E70A9A14981CA900F080FDF2
:100C50000A9B1490ED180E9BAB42DCD8159BE0214B
:100C60001D0D2A00C9000A400D421DD1099A1B031F
:100C70009B0D9A4201D8013309931599249B139D2A
:100C8000139A4B401D401A42C3D13B6827981C93CE
:100C90000B9B1CAA1D93269B9847041E58DA030041
:100CA000543300D12BE7C1E68021C9008A4220D10C
:100CB000099A6DB2521992B237490992059A1140B8
:100CC000364A0A43934205D18023059A1B061A43EC
:100CD0000592D2E7059A0132CFD0059A1B03120381
:100CE0009B0D920D9342C8D8059BAD02EB1805935E
:100CF000C3E7C0213B68C9008A4212D10821B26E05
:100D0000029118A901910B9930000091D26931002C
:100D1000FFF734FD041E00D0EDE601231D400F95C2
:100D2000ABE71F4A6D056D0D9542A6D10821B26E45
:100D300002911AA901910B9930000091D2693100FA
:100D4000FFF71CFD543000D1D8E60123109394E73F
:100D50001599002801D105915BE7059B114A4B408D
:100D600013420FD0022800D053E7059B1A030B0350
:100D7000920D9B0D9A4200D24BE780231B060B433A
:100D8000059346E701235B42FAE72500B7E6C04634
:100D9000E024002000FBFFFF00FC0F000000F04FEC
:100DA000FF05000000FCFF7F0023BB759D4236D08D
:100DB000B46E0698A16901F053FA0D1E2FD1109B55
:100DC0008B422CD0E3690A933B680B931A9B0993DF
:100DD00001235B420893099BAB421AD9099B5B1B19
:100DE0000593082B01D9082305930A9B31005A1B50
:100DF000059B300002931CAB0193069B5B1900938B
:100E00000B9BFFF7BBFC041E25D00300543300D01E
:100E10000CE6089A1B9B9B1A5A425341BB75E02370
:100E2000F46BDB00220D1A4226D03000390040302E
:100E3000FFF77CFC00281FD1079A24031203A30D9F
:100E4000920D9A4210D18024079B24061C43259BB7
:100E5000002B15D11FE0059A08981CA900F078FC1A
:100E6000059B0890ED18B6E7079901311CD007994A
:100E70000E480C189A4200D8079C259B002B07D0DF
:100E8000BA8A23039B0D934200D91300259A13803D
:100E9000002C00DBCAE5BA8A23039B0D00249A428A
:100EA00000D8C3E5023CC1E5079CD0E700FCFFFF8A
:100EB000F0B58BB00793CB68C46B0593E0230D6945
:100EC0000692DB00220D0F00049009951A4200D112
:100ED0007FE04030FFF72AFC002800D079E0069B35
:100EE0001B039B0D834200D173E0079B24031B036C
:100EF000A40D9B0D9C424AD09C42A441A40AA60288
:100F00002800FFF724FC059A031D93423FD8059B58
:100F100004991B1A05930423029309AB0193059BC3
:100F20000800009304223B68FFF728FC011E30D123
:100F3000099B069A1BBA6B405B005B08120309937E
:100F4000920D824219D0E0242A0D80211000E40085
:100F5000C9002040884210D10799881B01038C0DDD
:100F60002903890D8C4208D31C4908401C490143C0
:100F7000A9420CD052B292029619079A0699921B76
:100F80006A40114227D1AC05A315013304D10221D7
:100F9000494208000BB0F0BD129BA40D9C4200D941
:100FA0001C00119B059A0193109B049904339B1814
:100FB00002940093080022003B68FFF7DFFB011E4C
:100FC000E7D1129B1A1B119B181901F003FA711932
:100FD000DFE7002694E71D0092E7C04600FC0F0003
:100FE000000010401FB59C05A40D0294069C0194BE
:100FF00000240094FFF75CFF04B010BDF0B593B07F
:101000000D93036A15688B61436A0F00CB612B78DF
:1010100006900A92002B00D190E04B4C230D0B93CD
:10102000022B04D12800494901F03CFA2D18280070
:10103000464901F011FA0490012806D12B782E2B95
:101040000ED16B1C0793079DE8E7049B022B07D189
:1010500028003F49049A01F0DDF9002800D16DE035
:10106000049BEB181E00079301230593374B09934C
:10107000374B0C933000099901F014FA3618300000
:10108000099901F0E9F9089000281CD0012805D140
:1010900033782E2B13D1089BF618EBE7089B022B15
:1010A0000DD11A0030000C9901F0B4F9002806D1D6
:1010B000059B013B05938342EDD1B31CC2E7059B21
:1010C00001330593E7E72B78002B34D00A9B1D6092
:1010D0000B9B022B35D11F4A23039B0D93420DD04E
:1010E0001D4A1E4B224013433A0018320092390029
:1010F0001B4A0698FFF776FF041E1CDB3E001836DD
:101100000FAB0393174B069A02930D9B0F9201931B
:10111000F023049A39001192009206983200DB0500
:101120001095FFF775FC041E05DB00288BD1FB7DB5
:101130008342E5D1023C200013B0F0BD1624644286
:10114000F9E71424FBE7C04600FC2F00D024002060
:10115000D2240020FF03000000FC0F000800002044
:1011600000FC0F70F1060020F0B504000B6A99B086
:10117000E3664B6B0800A166E360002B03D08B6B2A
:10118000002B02D1E3610C20E1E0E3612100FFF7D5
:1011900033FC2100A06E1031FFF72EFCA16ECB6B4B
:1011A000002B01D16366EEE763660B6C002B5BD00E
:1011B00023674B6C002B00D1784B6367886C002849
:1011C00000D17748A0670B6D5A1C51D0002B0AD173
:1011D000CA6C8B6A002A49D0D208834200D9030026
:1011E000934200D913000125002620006D42E367D9
:1011F00031000C22A662E662256265623C3001F095
:10120000E9F8200031000C22303001F0E3F8200032
:1012100031000C22483001F0DDF831001C2210A80A
:1012200001F0D8F801231E00179304930595169B2F
:101230005A1C03D0179A511C00D0A6E0226BD30F82
:101240009B1823632200230030323C3323CA23C37C
:10125000E56EE06A290001F003F800206165A065F1
:10126000E065256619B0F0BDFF23A1E7CA69B3E7C1
:101270000023B8E7AB4203D105998A4200D18BE045
:101280000499B14205D1150000260499059349003F
:10129000049107AB0393434B434A02930023089204
:1012A00008220193414B099200932000404B16AA5B
:1012B00010A90794FFF7ACFB0028D3DB49D08005C9
:1012C0008015013045D0109B0AAF2362119B20008E
:1012D0006362374A374B009710A9FFF783FE002857
:1012E000C0DB0A990B0C022B30D189B201292DD811
:1012F000236B314A134001224A40520213432363B5
:101300000D9B002B03D0226F93421FD823670E9BA7
:10131000002B03D0626F934218D863670F9B002B9A
:1013200008D0A26F934211D8E26FA3679A4200D906
:101330001A00E267A36E0C9A196A002901D0914243
:1013400004D1E266DB690B9A9A4202D01620404231
:1013500088E70AAF2000194B194A009710A9FFF738
:1013600041FE002804DA831C00D07BE701365EE7EB
:10137000236B0A9A534023637A68636B5340636319
:10138000BA68A36B5340A363F0E705998B4200D082
:1013900070E7AA4200D073E75420D8E7FFFFFF7F31
:1013A000FE030000F1060020D52400200800F00F05
:1013B00000FCFF7F18001020FFFDFFFF0C00F07FF6
:1013C0000000F07FF0B589B00B6300234B63CB6363
:1013D000CB640B00079208330E9A03930A650B1D2A
:1013E0000C0007AA03990600FFF708FE051E12DA93
:1013F000831C2BD1474B079F19003800049301F041
:101400002BF804990590381801F04CF8059B3F180B
:10141000FB5C002B1AD10123A371B36A2360B46271
:10142000AB1C13D02B0D04931525012B49D1A28899
:10143000394B920213432200283200923000374A7F
:101440000399FFF7CFFD0027051E09DA21003000C0
:10145000FFF787F916E0226B04990A4215D101378C
:10146000236D9A689742F6D31B68E364002B27D05C
:101470002100B06E4031FFF7BFFA294A2B0D93428D
:1014800021D00025280009B0F0BD0C21C0207943EF
:101490005A68A388521891689B020B431178800008
:1014A0005268091809050B43009230001D4A039940
:1014B000FFF798FD0028D2DA831CD0D00500C5E7DD
:1014C0000C256D42C2E78023216B5B030B43236332
:1014D000002302226364B36EAD059B6A5242AD0DD8
:1014E000A262E5622264A364CCD0A2880E49920273
:1014F0008B4200D90B001A4380239B051343E26CF7
:10150000300000920399054AFFF76CFD051EB8DA1A
:101510009CE7C046D02400200800002000FC0F708B
:101520000102000000FCFF7FFE030000F0B597B051
:101530000C000A924A6BC96A070000208A4200D355
:10154000D7E08A1A08929A4200D90893089B06931A
:10155000069B002B01D10898CBE08022236BD2029E
:10156000134204D0BA6EE66BD269964215D180223E
:101570005203666B134200D08BE0A26AE36A1392B7
:101580001496002B4CD101221E005242A263E36349
:101590008022236BD20213432363BA6E0699D26969
:1015A0000992921B05928A4200D90591802252032A
:1015B000134200D19FE0059B099A9B199A4200D2E1
:1015C000B4E0230008331093A3885A4A9B021A43BD
:1015D0000A9B11920B93059B0793079B002B00D14D
:1015E00097E0E36C0F93236C023356D1616CA56CCA
:1015F0004D19AE4251D28E424FD3079BAD1B9D4237
:1016000000D91D000F9B711A59182A000B9800F081
:10161000E7FE0B9B76195B190B93079B5B1BDBE7C4
:101620002200BE6E4032013B15A93000099215938D
:10163000FFF779F914A905003000FFF774F9079056
:10164000139B0593079BAB4204D3059B149EA36396
:10165000E6639DE7079BE81A00F0F0FD060028000E
:1016600000F0F2FD1F239E1B864200D906000423D2
:10167000029313AB0193B300009304223800059B3F
:101680000999FFF77BF8002833D10123B340ED1A05
:10169000D6E702235B42A363DAE702235B422364BB
:1016A000BB6E30000D935B6919000C9300F0D8FD00
:1016B000731A0C9A0E936364099B11009D18013DE7
:1016C000AD19280000F0CCFD0D9B6D1A9B6A9D4260
:1016D00000D91D000F9BA56401930E9B3800009359
:1016E000154A119B10990295FFF7E2FB002800DBD9
:1016F00077E717B0F0BD2100059B009602930A9B87
:1017000038000193A36B099A4031FFF737F800289E
:10171000EFD1059A636B9B186363E36B9B18E363DC
:101720000A9B9B180A93069B9B1A10E75420404281
:10173000DFE7C0460000102000FCF7FF002310B5D3
:101740001A00FFF70FF9002800DD002010BD00008F
:1017500070B50F250A4C8A18914200D170BD0B78E4
:10176000060958402840800000591B094640734034
:101770002B409B001B59300958400131ECE7C04613
:10178000E8240020F0B50D0016000021202289B0C9
:10179000040000F01FFE2A00A81990420ED1002379
:1017A00069461A002380E05A5A5202331218202B3D
:1017B000F9D10022B24208D109B0F0BD137801324C
:1017C0005B00E15A0131E152E7E7A85C002806D04E
:1017D00040000B5A5F1C10335B000F52E252013283
:1017E000E8E70368426810B5934203D25A1C0260CE
:1017F000187810BD8368841D002B07D0E27F002A73
:1018000004D19847002801DBC0B2F2E70123002091
:10181000E377EEE7036910B55A1E04000261002B5E
:1018200004D1FFF7DEFF0723E0602361E06843088F
:10183000E3600123184010BDF7B5002517000190A3
:10184000A94204D0012426008E40B44201D3781965
:10185000FEBD0198FFF7DEFF604364002D18F4E73A
:10186000F7B500250B000F002C00203301908E1CD3
:1018700000930198FFF7CEFF009B9E420DD06D00B4
:101880002818358802362B19451B04D52418103426
:101890006400385BFEBD1C00EBE703204042F9E723
:1018A000F0B5D5B0039202220091FF320521050068
:1018B000FFF7C2FF0122052106002800FFF7BCFF49
:1018C0000422029011002800FFF7B6FF1322070040
:1018D000002104A800F07EFD0024BC4218D10024A1
:1018E0001322009804A9FFF74DFF029BF318019300
:1018F000019B9C4217D304AC320021000098FFF7F3
:1019000041FF0398029AA119FFF73CFF002012E063
:10191000002203212800FFF78FFF1D4B04AA1B5D47
:101920000134D054D9E728000099FFF799FF002827
:1019300003DA0320404255B0F0BD112820D0122810
:1019400022D0102818D1002CF3D02300413304AA50
:10195000FF339B1802210322423BFF3B1F782800E4
:10196000FFF76AFF019B20189842E2D804ABA0421F
:10197000BED0E7540134FAE704AB18550134B7E799
:10198000032211000027EAE70B220721FAE7C046ED
:10199000282500207047002310B5841DE37701241B
:1019A00064420361C3628462C2638163036403634C
:1019B00010BD0000F8B50400A36A013375D1200002
:1019C000A56AFFF727FF0022E06202212000FFF74F
:1019D00033FFA062012800D0CBE085426BD021000C
:1019E00000230831A21DD38702318B87CB870231B8
:1019F000CB870231CB8740310B804B8023001821ED
:101A000052331980803159802839998021008023F0
:101A1000183064315B00FF300B8001339BB2023120
:101A20008342F9D1200000239430590043520133FE
:101A3000902BFAD1D7218C204900400050521A2017
:101A40000231FF3050520231013050521C2002311D
:101A5000FF3050520231013050521E200231FF300F
:101A6000505202310130505220200231FF3050528A
:101A70002200C532FF32BC39138001339BB20232DF
:101A80008B42F9D1A922002320219200A352A2184F
:101A9000518153809380D3801381B1229200A11889
:101AA0005A008B520133202BFAD1A66A002E6FD038
:101AB000013E012E69D8236B002B38D12100200074
:101AC0004431FFF7CDFEA31DDB7F002B5DD1FF2846
:101AD00000DC7FE080235B00984200D1A5E0023863
:101AE000FF381C2851DC554B4200D25A544B195C2C
:101AF0002000FFF7A1FEA9239B002063E11820002E
:101B0000FFF7AEFE1D2840DC4E4B4200D25A4E4B32
:101B1000195C2000FFF790FEA36B002B75D0E26BE1
:101B2000904200D987E0236C1B1A6BD46363A16BCE
:101B3000A369626B002972D0581CA0618A5C1A707C
:101B4000A36B002B0BD0226C616B501C2064595C82
:101B50009954226CE36B9A4201D100232364636B96
:101B6000E26B0133934258D06363236B013B2363E1
:101B700041E0022899D1A92321009B002000E2180E
:101B80004431FFF78DFE00288FD00320404251E002
:101B9000206BB04217D12000FFF723FE0500200084
:101BA000FFF71FFE000245192000FFF71AFE07008D
:101BB0002000FFF716FE254B0002C01943409D424E
:101BC000E3D1681C26610138206300282DD0200055
:101BD000FFF707FEA3695A1CA2611870A26B002AC6
:101BE00009D0236C591C2164D054226CE36B9A42B7
:101BF00001D100232364A269E3699A4200D2DBE6A3
:101C0000002017E0D218626391E7A36962699B1A0A
:101C10009842BAD84042606389E70023A4E79A5CFF
:101C20001A70A3690133A3619FE7E36A002B00D117
:101C3000C5E60120F8BD0520A8E7C046962500208E
:101C4000D22500203C25002078250020FFFF000041
:101C500070B505000C00002C00D170BD2800013CBF
:101C6000FFF7BFFDF7E770B50400FFF7BAFD050009
:101C70002000FFF7B6FD0002284380B270BD70B5AA
:101C80000400FFF7AEFD1F2804D12000FFF7A9FDD7
:101C90008B2802D00320404270BD2000FFF7A1FD39
:101CA0000828F7D12000FFF79CFD05001F28F1D878
:101CB00006212000FFF7CCFF6B0706D52000FFF7B9
:101CC000D2FF01002000FFF7C3FF2B0704D520003F
:101CD000FFF787FD0028FAD1EB0604D52000FFF7B7
:101CE00080FD0028FAD10226354202D02000FFF7FD
:101CF000BAFF631DDE7701235B4200202362CBE73E
:101D0000044B0548054A1900043308609342FAD190
:101D10007047C04600E400E08080808020E400E05E
:101D2000044A1078431CDBB2172B00D91023137020
:101D30007047C046102600200021044B044ABFF320
:101D40005F8F02C39342FAD17047C046000100D0B2
:101D5000800100D0024BC918890001607047C0465D
:101D60004000003410B50400FFF7DAFF0100200046
:101D7000FFF7F0FFFF232371BFF35F8F10BD10B596
:101D80000400FFF7CDFF01002000FFF7E3FFFF2372
:101D9000A380BFF35F8F10BD10B50848084B984271
:101DA00000D310BD040003680834002B03D0FFF7F4
:101DB000E6FF2000F2E7FFF7D5FFFAE74026002014
:101DC00048260020142310B5010018889B889847E6
:101DD00010BD162310B5010018885B88984710BD08
:101DE000F8B50F00040000260125BE4201D12800ED
:101DF000F8BD2068FFF7E6FF01C4431E9841013695
:101E00000540F2E7F7B50C2444430193244B0092BC
:101E1000E4186368089A05000E00934200D26260DD
:101E2000C0232F1F9B01FFB2E318012F27D8012EDB
:101E300025D103221A60A3683342FCD0009B22689C
:101E40005B015340E022134080225201A350012F36
:101E500009D80321236873400B40A3500123B340EA
:101E6000A2681342FCD0802380229B011201E25021
:101E7000089B019A63600B4BAD00EA50F7BD8022CE
:101E800012011A60074BAA00D1580029D6D0586910
:101E900000F0E6F9431C032058430338FDD2CDE798
:101EA00000800040BC28002073B50D000699040096
:101EB0001800160000F0D4F9069A03001202290057
:101EC000009220003200FFF79DFF73BD13B5802400
:101ED00064000094FFF796FF13BD0000014B8000E3
:101EE000C0587047BC280020F8B504001F481700F0
:101EF0001E000D0000F0B4F90100380000F0B0F948
:101F0000069A3304120313432268002A0FDA3F2192
:101F100022680A40AA420AD1A2681205120D824222
:101F200005D1EE21E268C9020A409A421CD0104A4B
:101F3000104EA1184A42514101220C318A400E49EB
:101F40000A600E490A60170031688F43391EFAD1C2
:101F50000B4A2131A2182560A06011602168002978
:101F6000FCDAE36008231360F8BDC046001BB7002D
:101F70000040FDBF08C0004000E0004000F000400D
:101F800004300000024B1A68024B5A607047C0468A
:101F9000E4280020008005408022114BD20510B5B6
:101FA000104C1A60104A1460E022104CD204002930
:101FB00006D02260002805D180231B06236010BDB7
:101FC0001A60F7E7FA23DB005843094B094A9842A5
:101FD00000D918001060FFF7D5FF8023DB05EDE77F
:101FE00000B00540FCFF01000820014000A00540B2
:101FF000FFFFFF00E428002070B580240A4BE405B1
:102000001C600A4B00280DD00124094D04430948E7
:102010006540D8611D6259629C6200211000FFF783
:10202000BBFF70BDD861F8E700B0054000800540F7
:102030002D3FF84FD3C007B08023024A9B000B43CB
:10204000D362704700800540AA22064B12011A6035
:102050002132FF32DA600449044A11605A68002ACA
:10206000FCDA70470040024000B0FA000060024015
:102070007047000010B5044C044B9C4200D310BDC7
:1020800008CC9847F8E7C046482600208426002060
:10209000054B064A06491A60064B074A13601800AA
:1020A0000A689043FBD1704700E00040BFCDFBFEC3
:1020B00008C00040FE7F3C0000F00040044BDB6C99
:1020C000002B03D18022034BD2021A607047C04616
:1020D000000011504C201150044A054B1A60054A6B
:1020E0001368DB018033FBD17047C046FFFFFF015F
:1020F00000F0004008C000404022034B9A675A6736
:102100001A67DA667047C04600F0014010B5FFF765
:1021100013FE10BD70B50B490B4C0C4D641AA4088E
:102120002200302C00D930222800920000F058F90B
:10213000074B2F2C02D9074B9D6070BDA200AB50FE
:102140000134F6E700010010C0010010000000207B
:10215000C101001000ED00E0002373B5284DAB670E
:10216000FFF772FF0122274B1A606B6C012BFCD129
:102170000322254B1A60AC6B012CFCD102260525ED
:10218000210000960623214A2148FFF7ADFE2B00CF
:10219000210000951F4A2048FFF7A6FE31000022CB
:1021A00004201E4BFFF792FE2800210000221C4B4A
:1021B000FFF78CFE0022072011001A4BFFF786FE66
:1021C000002208201100174BFFF780FE8023002219
:1021D000DB00110000930920124BFFF765FE00227F
:1021E0000F4B11000620FFF771FE0420FFF776FE6B
:1021F0000D4900F035F801000020FFF71DFF73BD09
:10220000008000403CB0004030B00040002F6859D2
:1022100000800240008C864700C00240001BB700CF
:1022200040597307006CDC0240420F000148042152
:10223000014B184720260020291C0020014B5B6819
:102240001847000020260020014B9B68184700001B
:1022500020260020014B1B68184700002026002084
:10226000114A936F9B0813D210665166002905D05E
:10227000FFE7FFE7FFE7516F106F704704B50028D5
:1022800001D00020C04300F0C3F8002104BDC046C7
:10229000F0B5146E556E576F166FFFF7E5FF1466B5
:1022A000556657671667F0BD000000D0132370B560
:1022B0001C78114D012C0ED1002310499A000133D6
:1022C000A950202BFAD10D4BAB640D48FFF77AFDD6
:1022D0000C4B186070BD012CF5DD0B48FFF779FD44
:1022E00006000A48FFF775FD80223100280000F043
:1022F00077F8022CE9D1E6E7E828002059210020F0
:102300004C330000E82900205344000053460000ED
:1023100007B5604601880A0A0230DF2AFAD1C9B23D
:10232000820804D3028840880004104300E000685B
:10233000014A5050039007BDE8280020132310B530
:1023400010481C78FFF745FD0100012C13D10E4CFD
:102350005422200000F044F815230C4A9900013360
:102360006250202BFAD12262E2610948FFF72AFD70
:10237000084B186010BD012CF7DD8022024800F0E8
:102380002FF8F2E753460000EC290020E12100205D
:102390004C330000E829002007B5604601880A0A8E
:1023A0000230DF2AFAD1C9B2820804D302884088F9
:1023B0000004104300E00068014A5050039007BD3C
:1023C000EC29002001480421014B18473026002049
:1023D000291C0020014B1B681847000030260020F4
:1023E000014B5B6818470000302600207047000052
:1023F00010B5FFF73FFE044C044B9C4200D310BDC8
:1024000008CC9847F8E7C0468426002084260020A0
:102410007047C04630B50400032A18D90B000343A7
:102420009B070BD00023013A02E09A4211D00133FE
:10243000E05CCD5CA842F8D0401B0BE020680B6844
:102440009842EFD1043A04340431032AF6D8002A22
:10245000E8D1002030BDC04630B50C00017884467C
:1024600000291CD02578002D14D022002B0003E079
:1024700053780132002B04D08B42F9D16346C01A45
:1024800030BD417801300029EFD1F7E78378023081
:10249000002BF3D04378002BF8D10130EEE7002079
:1024A000EEE7C04630B50C000178844600200029D4
:1024B00012D025786046002D0CD022002B0003E0BE
:1024C00053780132002B05D09942F9D1417801307F
:1024D0000029F2D16346C01A30BDC046084A10B583
:1024E0001378002B0AD18023064807495B051C6836
:1024F000C45004338B42FAD10123137010BDC0467F
:10250000ED2A0020BC2700100001001010B5014B7F
:10251000984710BDBD270020002310B5011D064CB3
:102520009A00145901338C50062BF8D1A0235B0577
:102530001B68036010BDC04604000240002330B594
:10254000041D9A00A158054D01335151062BF8D1B5
:10255000A02302685B051A6030BDC046040002403B
:102560008023F0B5421807000E008DB05B049A423C
:1025700001D9FDF762FF14251824288823881549FE
:102580009847238801901449288898472388029007
:10259000124928889847238811490390288898472A
:1025A0000400FFF79BFF05A8FFF7B6FF019B9847C4
:1025B000029B98478022D823310038005202039DA5
:1025C000A847A047FFF7A2FF05A8FFF7B7FF0DB088
:1025D000F0BDC04649460000455800005245000085
:1025E000464300008023F0B517008DB08218060026
:1025F00000915B049A4201D9FDF71FFF14251824AE
:1026000028882388134998472388019012492888ED
:1026100098472388029011492888984723881049B1
:102620000390288898470400FFF758FF05A8FFF794
:1026300073FF019B9847029B98473A00300000992E
:10264000039B9847A047FFF761FF05A8FFF776FFB8
:102650000DB0F0BD49460000455800005250000042
:10266000464300005069636F204F5441006F74610E
:10267000636F6D6D616E642E62696E002F002E2E89
:10268000006C6974746C656673000000FFFFFFFFE7
:10269000FFFFFFFF000000006410B71DC8206E3B65
:1026A000AC30D9269041DC76F4516B6B5861B24D59
:1026B0003C7105502083B8ED44930FF0E8A3D6D6C3
:1026C0008CB361CBB0C2649BD4D2D38678E20AA02B
:1026D0001CF2BDBD10111200080709060A050B0403
:1026E0000C030D020E010F000100020003000400A4
:1026F0000500070009000D0011001900210031003C
:10270000410061008100C10001018101010201035A
:10271000010401060108010C01100118012001301B
:1027200001400160000000000101020203030404F3
:10273000050506060707080809090A0A0B0B0C0C11
:102740000D0D030004000500060007000800090045
:102750000A000B000D000F001100130017001B00F2
:102760001F0023002B0033003B0043005300630095
:1027700073008300A300C300E30002010000000017
:102780000000000000000101010102020202030337
:10279000030304040404050505050000F42F0010DC
:1027A000F02F001000500320000000000000000087
:1027B0000051032000000000000000001000000095
:1027C0000000000000000000000000005033000086
:1027D0004C33000054330000523300004D530000CE
:1027E0004D4300005334000043340000000000005B
:1027F00000000000752000200D220020E9000020CC
:10280000D91E0020051F0020F52000208521002072
:10281000A11F0020211F0020411F0020551F002064
:10282000E11B00205D1F0020B91E0020491B002075
:102830000000000000000000000000000000000098
:102840000000000000000000000000000000000088
:102850000000000000000000000000000000000078
:102860000000000000000000000000000000000068
:102870000000000000000000000000000000000058
:102880000000000000000000000000000000000048
:102890000000000000000000000000000000000038
:1028A0000000000000000000000000000000000028
:1028B0000000000000000000000000000000000018
:1028C0000000000000000000000000000000000008
:1028D00000000000000000000000000000000000F8
:1028E00000000000000000000000000000000000E8
:1028F00000000000000000000000000000000000D8
:1029000000000000000000000000000000000000C7
:1029100000000000000000000000000000000000B7
:1029200000000000000000000000000000000000A7
:102930000000000000000000000000000000000097
:102940000000000000000000000000000000000087
:102950000000000000000000000000000000000077
:102960000000000000000000000000000000000067
:102970000000000000000000000000000000000057
:102980000000000000000000000000000000000047
:102990000000000000000000000000000000000037
:1029A0000000000000000000000000000000000027
:1029B0000000000000000000000000000000000017
:1029C0000000000000000000000000000000000007
:1029D00000000000000000000000000000000000F7
:1029E00000000000000000000000000000000000E7
:1029F00000000000000000000000000000000000D7
:102A000000000000000000000000000000000000C6
:102A100000000000000000000000000000000000B6
:102A200000000000000000000000000000000000A6
:102A30000000000000000000000000000000000096
:102A40000000000000000000000000000000000086
:102A50000000000000000000000000000000000076
:102A60000000000000000000000000000000000066
:102A70000000000000000000000000000000000056
:102A80000000000000000000000000000000000046
:102A90000000000000000000000000000000000036
:102AA0000000000000000000000000000000000026
:102AB0000000000000000000000000000000000016
:102AC0000000000000000000000000000000000006
:102AD00000000000000000000000000000000000F6
:102AE00000000000000000000000000000000000E6
:102AF00000000000000000000000000000000000D6
:102B000000000000000000000000000000000000C5
:102B100000000000000000000000000000000000B5
:102B200000000000000000000000000000000000A5
:102B30000000000000000000000000000000000095
:102B40000000000000000000000000000000000085
:102B50000000000000000000000000000000000075
:102B60000000000000000000000000000000000065
:102B70000000000000000000000000000000000055
:102B80000000000000000000000000000000000045
:102B90000000000000000000000000000000000035
:102BA0000000000000000000000000000000000025
:102BB0000000000000000000000000000000000015
:102BC0000000000000000000000000000000000005
:102BD00000000000000000000000000000000000F5
:102BE00000000000000000000000000000000000E5
:102BF00000000000000000000000000000000000D5
:102C000000000000000000000000000000000000C4
:102C100000000000000000000000000000000000B4
:102C200000000000000000000000000000000000A4
:102C30000000000000000000000000000000000094
:102C40000000000000000000000000000000000084
:102C50000000000000000000000000000000000074
:102C60000000000000000000000000000000000064
:102C70000000000000000000000000000000000054
:102C80000000000000000000000000000000000044
:102C90000000000000000000000000000000000034
:102CA0000000000000000000000000000000000024
:102CB0000000000000000000000000000000000014
:102CC0000000000000000000000000000000000004
:102CD00000000000000000000000000000000000F4
:102CE00000000000000000000000000000000000E4
:102CF00000000000000000000000000000000000D4
:102D000000000000000000000000000000000000C3
:102D100000000000000000000000000000000000B3
:102D200000000000000000000000000000000000A3
:102D30000000000000000000000000000000000093
:102D40000000000000000000000000000000000083
:102D50000000000000000000000000000000000073
:102D60000000000000000000000000000000000063
:102D70000000000000000000000000000000000053
:102D80000000000000000000000000000000000043
:102D90000000000000000000000000000000000033
:102DA0000000000000000000000000000000000023
:102DB0000000000000000000000000000000000013
:102DC0000000000000000000000000000000000003
:102DD00000000000000000000000000000000000F3
:102DE00000000000000000000000000000000000E3
:102DF00000000000000000000000000000000000D3
:102E000000000000000000000000000000000000C2
:102E100000000000000000000000000000000000B2
:102E200000000000000000000000000000000000A2
:102E30000000000000000000000000000000000092
:102E40000000000000000000000000000000000082
:102E50000000000000000000000000000000000072
:102E60000000000000000000000000000000000062
:102E70000000000000000000000000000000000052
:102E80000000000000000000000000000000000042
:102E90000000000000000000000000000000000032
:102EA0000000000000000000000000000000000022
:102EB0000000000000000000000000000000000012
:102EC0000000000000000000000000000000000002
:102ED00000000000000000000000000000000000F2
:102EE00000000000000000000000000000000000E2
:102EF00000000000000000000000000000000000D2
:102F000000000000000000000000000000000000C1
:102F100000000000000000000000000000000000B1
:102F200000000000000000000000000000000000A1
:102F30000000000000000000000000000000000091
:102F40000000000000000000000000000000000081
:102F50000000000000000000000000000000000071
:102F60000000000000000000000000000000000061
:102F70000000000000000000000000000000000051
:102F80000000000000000000000000000000000041
:102F90000000000000000000000000000000000031
:102FA0000000000000000000000000000000000021
:102FB0000000000000000000000000000000000011
:102FC0000000000000000000000000000000000001
:102FD00000000000000000000000000000000000F1
:102FE00000000000000000000000000000000000E1
:102FF00000F01F1000F01F1000F01F1000F01F0065
:1030000000200420E3300010CB300010CD30001041
:10301000C9300010C9300010C9300010C93000108C
:10302000C9300010C9300010C9300010CF30001076
:10303000C9300010C9300010D1300010D33000105A
:10304000C1300010C1300010C1300010C13000107C
:10305000C1300010C1300010C1300010C13000106C
:10306000C1300010C1300010C1300010C13000105C
:10307000C1300010C1300010C1300010C13000104C
:10308000C1300010C1300010C1300010C13000103C
:10309000C1300010C1300010C1300010C13000102C
:1030A000C1300010C1300010C1300010C13000101C
:1030B000C1300010C1300010C1300010C13000100C
:1030C000EFF30580103800BE00BE00BE00BE00BE9B
:1030D00000BE00BE00201E49086006C881F30888B3
:1030E00010471C480068002801D00020F3E70DA419
:1030F0000ECC002902D000F012F8F9E71649174A61
:10310000002000E001C19142FCD1154988471549D2
:1031100088471549884700BEFDE701C901C29A42A8
:10312000FBD37047C0030110C0000020A81200208C
:10313000A81501100000042000000420A8150110AB
:103140000010042000100420000000007047000060
:1031500008ED00E0000000D0A8120020C8220020E6
:1031600061EC0010E13E0010A93E0010F8B5C04629
:103170000448054B10B5834203D0044B002B00D00C
:10318000984710BDA8120020A812002000000000DF
:1031900006480749091A8B10C90FC91810B54910FC
:1031A00003D0044B002B00D0984710BDA81200207C
:1031B000A81200200000000010B5074C2378002B57
:1031C00009D1FFF7D5FF054B002B02D0044800E0E2
:1031D00000BF0123237010BDC015002000000000B7
:1031E000E8F90010054B10B5002B03D00449054841
:1031F00000E000BFFFF7CCFF10BDC046000000009C
:10320000C4150020E8F9001010B50121152000F0C8
:1032100021FF0121192000F01DFF10BD10B50E493E
:103220000E4800F0DBFD0121152000F07DFF01219B
:10323000192000F079FFFA20400000F0D3FD0021B2
:10324000152000F071FF0021192000F06DFFFA2019
:10325000400000F0C7FD10BDE8F900101416002072
:1032600010B50368DB69984710BD13B56B4602685B
:10327000D9715468D91D0122A04716BD30B504008C
:1032800085B002AD00222800104900F0A9FF237C80
:10329000002B06D11C00280000F0BBFF200005B069
:1032A00030BD2B79002BF5D001200021404203F0E6
:1032B000E7FA6B46DC1D2100002003F005FF002823
:1032C00001D02478E7E701246442E4E730160020C7
:1032D00037B50400002268460C4900F081FF237CCA
:1032E0006D46002B05D11C00280000F092FF200045
:1032F0003EBD2B79002BF6D001200021404203F087
:10330000BFFA002003F0BCFE0400EDE730160020F9
:1033100030B5040085B002AD00222800124900F04B
:103320005FFF237C002B02D10124644216E02B793D
:10333000002BF9D001200021404203F0A1FA002027
:1033400003F09EFE0028EFD06B46DC1D0122210019
:10335000002003F0A1FE0028E6D02478280000F029
:1033600058FF200005B030BD3016002037B50400EE
:10337000002268460C4900F033FF237C6D46002B89
:1033800005D11C00280000F044FF20003EBD2B7931
:10339000002BF6D001200021404203F071FA0020FA
:1033A00003F0FAFE0400EDE73016002037B5050003
:1033B000002268460A4900F013FF2B7C6C46002B64
:1033C0000AD02379002B07D0002003F089FE0120CA
:1033D0000021404203F054FA200000F01AFF37BDEC
:1033E00030160020F0B5050085B0019100923A49F1
:1033F000002202A800F0F4FE2B7C002B03D002ABCD
:103400001B79002B06D11D0002A800F002FF280046
:1034100005B0F0BD03F0BEF8002801D003F0C2F8FB
:10342000002003F015FE002851D102222B7E15004A
:103430001D401A424ED100200021284B03C340E01A
:10344000002003F0A9FE009B1E1B864200DD060043
:10345000002E17D0019B32001919002003F07EFEC8
:1034600024182D1801200021404203F009FA002001
:1034700003F036FE01F0E6FC184B03C3009B9C42B0
:10348000DED31EE001203100404203F0F9F93000A4
:1034900003F026FE300003F0DBFDB04211D0300017
:1034A00003F07AFEB042E9D1002701F0CBFC0C4ECC
:1034B0000A4B0CCB92197B41994202D8DED1904243
:1034C000DCD901200021404203F0DAF99CE7002416
:1034D0002500D3E70400FBE7301600200814002085
:1034E00040420F0037B50400002268460B4900F047
:1034F00077FE247C6D46002C0BD02C79002C08D054
:1035000001200021404203F0BBF9002003F0A0FDA0
:103510000400280000F07DFE20003EBD3016002093
:103520007FB5067C0400002E23D1124800F09AFBE0
:10353000104800F04DF9A0740E4800F05DF9E074F9
:103540000C4800F045F90C4920750A4800F0DAF9FA
:1035500042236075029601360221084A009305480D
:103560002300019600F0B5F96074024800F0AAFB50
:1035700026747FBD30160020FEF90010A936001019
:1035800070B5037C0500002B13D00A4800F06AFBDD
:10359000697C084800F0AFF9A97C064800F026F9DC
:1035A0000448E97C00F035F9002302482B7400F050
:1035B00089FB70BD301600200023FA22436003749B
:1035C000E12392008260024A5B03026083617047DC
:1035D00040FB0010F0B5160093B0244A0C0001A97E
:1035E0000A800222CA70224A6D460292214A44276A
:1035F0000392214A8C700492204A8C720592204AD0
:103600000692204A0792204A0892204A0992204AAC
:103610000A92204A0B92204A0C920A220D921F4ACB
:103620000E921F4A0F921F4A10920022EA53427DC7
:10363000651C0A746A460732D47702AAD5770B2232
:103640008D76847C6A44D47731226A4415703A229C
:10365000C47C6A4414704122007D6A4410701A00D0
:10366000300002F091FD13B0F0BDC046080B000021
:10367000020200000904000001020200000524000B
:103680002001052401000004240206052406000090
:1036900007050003080010090400000207050002E6
:1036A000400000070500024010B504001800130098
:1036B0000A002100FFF78EFF10BD00000A22836977
:1036C00010B593439622D201934214D10123027E76
:1036D000002113430376052000F0C2FE8023064A32
:1036E0005B041360054A0320136001F0E7FB00212F
:1036F000080001F06BFD10BD00E0004000F000404C
:103700008900D2000A430C21044810B5037E0A4008
:103710008B431A430276FFF7D1FF10BD1416002029
:103720004B780A781B0213438A78084812041A431C
:10373000CB780F2110B51B06134382691B010A4089
:1037400013438361FFF7BAFF10BDC0461416002073
:10375000054B10B5002B06D00448FFF7B9FD002833
:1037600001D000E000BF10BD0000000014160020D2
:1037700010B50248FFF720FF10BDC0461416002008
:1037800070B50C0005001900200002F0FDFCA570CA
:1037900070BD000010B5044B187A00F081FEFA20CD
:1037A0000021800010BDC0463016002010B5002159
:1037B00006480CF0A9F8002807D00120002140425B
:1037C00003F05EF801480CF05FF810BD30160020E1
:1037D00070B5448D0500201E07D001F035FD012392
:1037E000834080389C436C85C0B270BD01238B4000
:1037F000428D13434385704770B5848D0500201EAC
:1038000006D001F021FD012383409C43AC85C0B26A
:1038100070BD012380398B40828D134383857047AF
:10382000F8B518201F000D001403089E08F066FC70
:10383000069B07604360184B2F681A78511C19705B
:10384000079BB1031B051B0D1C433F231340890B32
:103850009B040B43C1680481090E09060B43C36036
:10386000099B390003610023436100290CD0CC6817
:10387000A403A40BB44204DB002B07D041615861C0
:1038800006E00B004969F0E78B42F8D147612860F8
:103890003F201040F8BDC046A00B002070B50D6859
:1038A0000C002800002100280AD0837B1B069B0EF9
:1038B000934206D1A84207D1456908F029FC25604A
:1038C00070BD01004069EEE743694B6108F020FCE0
:1038D000F6E730B50C00010085B00A9D0093039512
:1038E000099D13000295089D220010310195FFF7F4
:1038F00097FF05B030BD0A00010010B51031FFF789
:10390000CDFF10BDF7B50191417E037E05008B42CE
:1039100007D30431C9B240696976890006F0FEFE1A
:1039200068612C7E6F69002C03D10C4B01343B6025
:103930002C760026B300F958019808F03FFE0028C5
:1039400002D1F4B22000FEBD0136B442F2D8019A91
:10395000A300DA51631C2B76F4E7C0461EFA001070
:10396000F7B5394F04003B78002B03D119213800FB
:1039700002F09CFCE68D002E00D1344E258E002DE9
:1039800000D10A35230032331B780093002B04D179
:103990002F493048FFF7B6FF0090230033331B78E0
:1039A0000193002B04D12C492A48FFF7ABFF01906B
:1039B000230034331A78002A04D139002548FFF750
:1039C000A1FF02002000122335300370234B012198
:1039D000A363230040273C33E1865E70360A1F70E4
:1039E0009E702E0A1E71260000274136DD7032714E
:1039F00022003770009F4632B770019F7170F770D8
:103A00001170268E0333002E12D12A00E768002F92
:103A10000FD1BE4203D01500110A1A70597000214F
:103A20002269002A0AD1914202D01D702D0A5D70D0
:103A3000FEBD3E8A7F6972400E00E8E7118A526936
:103A40004D400121EDE7C046822100208A2E000072
:103A50000AFA00103016002017FA001002EF0201D7
:103A600010B50248FFF77CFF10BDC046301600209D
:103A7000F8B50023C56806002A001800002A05D101
:103A800093420BD1B38300233362F8BD138952698B
:103A90001B051B0DC01880B20123EFE7B08300287F
:103AA000F1D008F02BFB8527306204000126002DA1
:103AB000EBD02A89200012056968120D02F064FB20
:103AC000E671A7712B8901361B051B0D6D69E41882
:103AD000EDE70000014B586A7047C04630160020E1
:103AE000F0B5466A05008FB0002E55D1036AB34287
:103AF00025D0394A838B0792384A394F0892394A80
:103B000007AC0992384A38000A92384A0B92384A70
:103B100023741B120C926374FFF75AFE354BE87640
:103B20001B68207523760A2301930F33009301212C
:103B300023003800304A0296FFF7CBFEA876002219
:103B4000092617002B69002B28D13300002A01D148
:103B50000926330029492B852148FFF7D3FE05901C
:103B60002B8D1800049308F0C9FA04006862002144
:103B7000049A02F003FB224B6680238001236371C9
:103B8000059B0026A371A0232D69E371233B2771B8
:103B900023720934002D0CD10FB0F0BD1A89120523
:103BA000120DB6185A7A5B691206120FBF1801225D
:103BB000C9E72A896B681205210030002F68120DB1
:103BC000B8472B891B051B0DE4186B7A6D691B0622
:103BD0001B0F9E19DEE7C046090401000103000027
:103BE0003016002000092111010001220000070504
:103BF00000034000A40B0020813700101EFA0010C3
:103C000009020000030000290CD10F4B0F4A5A8013
:103C10000123C0220133DBB20B485B009200134347
:103C200003807047027E00208A42FAD95B698900CE
:103C3000C8580023044AC15C0029EAD001335180EE
:103C400002321F2BF7D1E4E72421002009040000F1
:103C500010B50A0001000248FFF7D4FF10BDC046AE
:103C60003016002070B5040002F084FC06001448F1
:103C70000BF08AFE02F0AEFC002E03D0FA204000CA
:103C800001F054F80E480BF0FFFD606A08F040FAAE
:103C9000002363622385236A002B09D02000A17EC4
:103CA000FFF729FE0123E27E9340628D1343638573
:103CB000206A08F02DFA00232362A38370BDC0465A
:103CC0003016002010B50400FFF7D2FE2000FFF7E9
:103CD00007FF04480BF058FE02F086FC01480BF089
:103CE000D3FD10BD3016002030B585B0040003F0C0
:103CF00025FC051E30D12000FFF7BAFE2000FFF79B
:103D0000EFFE200000F02CFD2900280003F0F2FB5C
:103D1000012000F013FD11492072C0B200F0D0FB69
:103D20000121207A00F09CFB00F0FEFE040001F06F
:103D300089F8FA220023920012184B41AB4202DAB2
:103D40000122074B524201210291002101910549B4
:103D50002000009100F03EFF05B030BDAD370010EF
:103D6000FFFFFF7F95370010FF210022084B090459
:103D700099610849DA60996207491A615A619A8320
:103D80001A625A62D9621A6334331A707047C04695
:103D9000301600200000FEFFFEFF000070B5050099
:103DA0000C00081E07D008F0D1F92B680200210092
:103DB00028005B68984770BD10B50249FFF7EEFF19
:103DC00010BDC0461CFA001070B50400FFF7E6FFF6
:103DD00005002000FFF7F0FF401970BD10B5FFF798
:103DE000F3FF10BD10B5002801D000F09FFF10BDFB
:103DF00010B5D024FF2324062068236504490F3022
:103E000000F05EFB206801210F3000F029FB10BD9F
:103E1000E5000020104B10B51B78002B0DD10020C1
:103E200000210E4B9860D9600D490F3001F0E2F986
:103E300007220C4B1A600C4A5A60FFF7D9FF0B4B54
:103E4000002B01D000E000BF094B002B00D1FEE7A2
:103E500000E000BFF8E7C046B8220020901500201F
:103E6000C100002010E000E0FFFFFF0000000000A4
:103E70000000000070470000084B10B5002B01D077
:103E8000FFF766FC064B002B01D000E000BF054B9E
:103E9000002B01D000E000BF10BDC046513700101C
:103EA000000000000000000010B5014800F024FAF6
:103EB0001FFA001010B5074C10220021200002F05C
:103EC0005DF90023044923740448013BE36200F0D8
:103ED000EFF910BD901500201EFA0010F01A002016
:103EE000F0B585B001F04AF90B2805D80C2001F097
:103EF00037F9454B033BFDD2444803AB02AA01A965
:103F000001F0A4F8041E75D0039A0299019801F0FB
:103F10006DF83F4E002E02D13E4B002B10D04C21AD
:103F2000012006F0F1FA05003B4B4C2200211860FD
:103F300002F024F9394B6B60394BAB60394BEB60C5
:103F400000220023384D39490F202A606B6001F0B0
:103F500051F90722364B1A60364A5A60FFF78AFF3A
:103F60003548FFF7C1FEE12134484902FFF7D8FA8E
:103F7000002E02D1274BB34240D0314800F0F0FB75
:103F80001021022006F0C0FA0700E86100F0CCF929
:103F9000082203000421380000F0A2FFEF6900F0BE
:103FA000C3F91037030008220421380000F098FFFD
:103FB0002C74FFF71DFF002E02D1164BB34212D016
:103FC0000120FFF70FFF1F4B1B78002B18D080201C
:103FD000800108F093F880221B4B010018609201C9
:103FE0001A4802F031F9FFF70FF9FFF717F9FFF759
:103FF00043FFFAE71648054900F07EF93400D7E799
:10400000124802F03BF9EEE7E02E0000400D0300FD
:10401000000000000000000078160020B012002010
:10402000201300209013002090150020C1000020D4
:1040300010E000E0FFFFFF00301600201416002003
:10404000A4150020B9220020E81A0020153E001017
:1040500024FA0010F7B5040001911D281FD8082983
:104060001DD808000BF068FC053E1C2D1B4C3E5271
:1040700058000123D022A34012060521200093629C
:1040800000F06CF900222000110000F087F9254BA8
:10409000019A1A55192C02D9200000F01DF9F7BD1C
:1040A00001273E00D025A6402D0605212000AE6246
:1040B00000F054F900223900200000F06FF9AE61E1
:1040C000E5E701273E00D025A6402D06052120006A
:1040D000AE6200F043F93A000021200000F05EF9E2
:1040E0006E61D4E70521200000F038F9012120009D
:1040F00000F084F90123D022A34012065362C6E7E0
:104100000521200000F02AF90021F0E70521200018
:1041100000F024F90221EAE70521200000F01EF951
:104120000321E4E76421002070B505000C001D2880
:104130000DD8052100F012F90B4BD022595D012357
:104140001206AB40032903D1002C05D1936270BD48
:10415000022903D1012CF9D05362F8E7002C01D0D9
:104160005361F4E79361F2E764210020D0231B063A
:104170001B6808489B00195830B5002909D0064C27
:1041800001391A59195055081D5101231A4082F35B
:10419000108830BD7C16002084160020D0231B061A
:1041A0001B680C499B005A5810B50F2A02D10A48C7
:1041B00000F0A2F8094A985840009850EFF3108494
:1041C00072B6601E84419858204398505A58013264
:1041D0005A5010BD7C16002056FA0010841600209C
:1041E00013B500230400080021602371627101A946
:1041F0000BF08AFB002808D1D0231B06019A1B680C
:104200009A4204D020680BF0BFFB012323712000E9
:1042100016BD10B503790400002B02D000680BF026
:1042200033FB200010BD10B504000068002801D049
:1042300007F06EFF00232360A360636010BD70B5BC
:1042400004000D000068013106F068FA031E01D079
:10425000012028C470BD036810B50400002B03D0F2
:10426000436801208B4209D22000FFF7E8FF0028B5
:1042700004D0A368002B01D12268137010BD70B563
:104280000E00110004001500FFF7E5FF002804D11F
:104290002000FFF7C8FF200070BD2A003100206811
:1042A000A56001F071FF00212268A368D154F2E7F4
:1042B000002370B504000D000360436083609942E1
:1042C00007D0080007F042FF290002002000FFF796
:1042D000D6FF200070BD000010B5020001200021B3
:1042E0000BF0F2FA034C2268636882438B430CC4E0
:1042F00010BDC046001400200FB407B5084806F0F2
:10430000EFF8049B002B07D005A91800019104F0D9
:104310008DF8044806F0E4F801200AF088FCC04655
:1043200069FA00101EFA0010044A1078431CDBB230
:10433000172B00D9102313707047C046A80B00201C
:1043400013B5044B0100009318221F23024803F009
:10435000F8FB16BD79FA0010BC1A0020074B82004A
:1043600010B5D45840236340C0242340044CC000FF
:104370001351044BC018416010BDC04604C0014039
:1043800004D0014000400140034BC000C0181F236F
:10439000406818407047C04600400140054B80000F
:1043A000C358C90092000A435A400C231A40024BDA
:1043B000C250704704C0014004D00140054BC0000A
:1043C000C35809045940C0239B021940024BC150F5
:1043D0007047C0460440014004500140054BC000F6
:1043E000C35809035940C0239B011940024BC150D7
:1043F0007047C0460440014004500140044B800017
:10440000C3580901594030231940024BC15070472D
:1044100004C0014004D00140074B10309B6880006D
:10442000C150BFF35F8FBFF35F8F0021034B196053
:1044300082F310887047C04600ED00E0240100D0F0
:10444000044B0548054A1900043308609342FAD129
:104450007047C04600E400E08080808020E400E0F7
:104460001F2318401E3B8340002905D0C021044A69
:104470004900535013607047024AD367FBE7C046B8
:1044800000E100E004E100E001228240034B1B68F0
:1044900013405A1E9341D8B27047C04600E100E075
:1044A00001238340014A13607047C04600E200E0E8
:1044B000024B10309B688000C058704700ED00E050
:1044C00070B504000D00EFF3108672B60A4A136847
:1044D000002BFCD0BFF35F8F2000FFF7E9FF074BF5
:1044E000984201D0A84205D1320029002000FFF7F0
:1044F00093FF70BD01F0FAFE240100D0C13000101E
:10450000F0B587B0049003910292EFF3108372B676
:10451000564A05931368002BFCD0BFF35F8F00232E
:104520005349CB560093002B01DA01F0DFFE0C2338
:104530009C466246009B4F4D53435A199079087030
:104540004D4988680499103189000958481B47284B
:1045500019D94A488142E8D1494959534949023356
:1045600004395B19CB1A1B0547495B0D0B4353807C
:10457000464B9380FF239371029BD371039B9360FF
:104580000121114335E001200E0086433400002054
:104590000196E779029EB74231D83B4CA4460028E9
:1045A0003AD006268657071D002E33DB384D848807
:1045B0005D1963466405241508340419641B043C22
:1045C0002405640D1C436346043AD21B1205520DA8
:1045D00013438380009B009A83710C235343254A25
:1045E0009B182C4A9C801A60029A9E71DA71039A79
:1045F0009A60059A0498FFF70FFF07B0F0BD0627F1
:10460000E757002F04DB604647432000EC19C0E762
:104610002000C2E71D4CD6E70C206646154C1E4D07
:104620000199091B49414D432D0D00999F1C484399
:1046300013493F190153134920180439C91B0905AF
:10464000490D31434180043301991B19CB1A043BB6
:104650001B055B0D33438380029B0199C371039B50
:10466000857183600B4B0B608AE7C046240100D044
:10467000BC220020AC0B002000ED00E0C130001097
:1046800000A1FFFFF40B002000E0FFFF01BDFFFFD2
:10469000B00B002001488047AAAA00000123034371
:1046A000F0B51E00EFF30581EFF3108772B61C4BD7
:1046B0001B68002BFBD0BFF35F8F1A4A04001A4B14
:1046C000A41A644163431B0D5BB29C46174B8900DF
:1046D0009B6814005B581D000023B54214D1134B96
:1046E000134A9B685A50134B1A78827162461A70AB
:1046F000BFF35F8F00230A4A136087F31088F0BD71
:1047000001330C34062BEED0062161566145F7D1FA
:104710000C214B43D318FF229A71074A9A80E2E793
:10472000240100D0AC0B0020AAAA000000ED00E09C
:10473000C1300010BC22002001BDFFFF13B5064BA5
:104740000100009300220523044803F0FAF9002831
:1047500001DB1F23181A16BD94FA0010C522002091
:1047600010B50400FFF7E0FD0100200003F020FA7F
:10477000FF232371BFF35F8F10BD10B50400FFF757
:10478000D3FD0100200003F013FAFF23A380BFF341
:104790005F8F10BD10B50848084B984200D310BD7C
:1047A000040003680834002B03D0FFF7E6FF200065
:1047B000F2E7FFF7D5FFFAE748120020A812002021
:1047C0000A4B1868EFF3108272B601680029FCD01A
:1047D000BFF35F8F1B68BFF35F8F0021196082F307
:1047E000108840BF002000217047C04620210020D3
:1047F000F8B5C16004001F0016000D00FFF794FD1E
:10480000154B2670C018D0231B061B6880006370F0
:1048100001235B422381A380FB1863800023206176
:104820006781BB4211D101270C4BB200D4503C0030
:10483000B44030002C620A49FFF742FE39003000D4
:10484000FFF70EFE074BEC50F8BD18205843616986
:104850005A1E42520133E4E7400000340C1F00208E
:10486000C14800103820000010B5094C2369002B06
:1048700009D10321074800F0B1FA102303222000D8
:104880000449FFF7B5FF0A21034803F091F910BD71
:10489000180C00200040054020210020074A10B5D8
:1048A000536A04000020994206D8926A0130A2425D
:1048B00002D2C81A431E984110BDC04600400540B0
:1048C000F0B587B0EFF3058203231A40924B0392B1
:1048D0009200D4580123039A93400493049A8F4B77
:1048E0001A608F4B049A5A630822A35E0293002B2E
:1048F00055DB1823029A656953438948ED18AA6865
:10490000EB680092019300F073FA019B8B4246DC46
:1049100002D1009B834242D8019B002B00DAA5E024
:104920002B69804A6E69934200D08FE03000336972
:104930009847002800D199E0C0CE33003B4300D116
:1049400094E0002F00DB8BE000980199801BB941B7
:104950000022AB5EA860E960002B20DB6269944610
:1049600018225A436244D6688E4218DC02D19268FB
:10497000824214D826002381083618225A43624402
:10498000D7688F4208DC02D19768874204D81600A6
:104990000022B35E002BF0DA2B80029B33800422CE
:1049A000A35E002B1ADB2169EFF3108372B60A684D
:1049B000002AFCD0BFF35F8F0422A15E0122524285
:1049C000A2802269BFF35F8F0020106083F31088FC
:1049D000230008330593002900DB5EE0A379002B58
:1049E00008D00023A37120000822A35E08305A1CBF
:1049F00000D076E00823E15E002924DB18224A4338
:104A000063699B189D68DE686B1C01D1731C10D014
:104A1000039B434F9B00DB19B96A1A69681A521A43
:104A2000904205D301220398396A8240114200D195
:104A30001D613B4800F0DCF98E4204DC00D050E7F9
:104A4000854200D84DE740BF07B0F0BD0821605E49
:104A50006A88000431001043984706000F006CE795
:104A60002F4800F0C5F98019794171E72B88216939
:104A70002381EFF3108372B60A68002AFCD0BFF3DB
:104A80005F8F62882A80029A62802269BFF35F8FFB
:104A90000021116083F3108881E76369059D00930D
:104AA00018234B43009AD3189A68DF6802920822B1
:104AB000A05E00280CDB18224243009EB218D66884
:104AC000BE4205DC09D19668B446029EB44504D9BD
:104AD00029800022995E18807DE715000022A85EDB
:104AE000E7E71821594366697218715E0227D65F9D
:104AF000002E0EDA01267642F7179660D760082757
:104B0000E65F9E4203D001802689168023810B0038
:104B10006DE71000FBE7C0460C1F00203C7005400D
:104B200000400540C148001000487047180C0020A4
:104B3000F0B5010016001F000269EFF3108072B695
:104B40001368002BFCD0BFF35F8F18220223CC5ECA
:104B50004B6962439B18002C01DB1A884A800A6962
:104B6000BFF35F8F0025156080F31088AC422CDB0B
:104B7000059A9E60DF601A61069A5A615A8801326E
:104B80005204520C101CAA4200D1012082B258805B
:104B9000200410430E69EFF3108272B63568002DC1
:104BA000FCD0BFF35F8F04268D5F1D808C800B6966
:104BB000BFF35F8F00241C6082F3108801220B7802
:104BC0009A40CB6802495A50F0BD01204042FBE7B1
:104BD0003C200000F7B51F000AAB1C78050016004A
:104BE000002C09D0099B32000193089B28000093F8
:104BF0003B00FFF79DFFFEBD00F024F932003B00B3
:104C0000121A8B41A342EDDA2000F4E730B5448953
:104C100003000A140020944225DD183050435A69DD
:104C20001D691218EFF3108472B628680028FCD0B2
:104C3000BFF35F8F558889B20020A94204D10A488A
:104C400001435180012098711A69BFF35F8F0021E1
:104C5000116084F31088884205D001221978DB683E
:104C60008A4002495A5030BD0080FFFF3C200000BE
:104C7000F0B506000F0006246442E517A4197D4133
:104C800085B08D4202D803D1844201D90024002589
:104C900000F0D8F822002B00121A8B41002B08DC00
:104CA00001D19A4205D13000390000F00FF905B06A
:104CB000F0BD002302930193104B22000093104893
:104CC0002B00FFF787FF0130EDD020002900FFF710
:104CD000E5FD0028E7D10B4B1868EFF3108272B6A0
:104CE00001680029FCD0BFF35F8F1B68BFF35F8FA3
:104CF0000021196082F3108820BFE6E7C147001049
:104D0000180C00202021002070B504000D0000F0D8
:104D100099F800196941002902DA0120024940424C
:104D2000FFF7A6FF70BDC046FFFFFF7FFA2210B558
:104D300000239200002101F0FFF9FFF7E5FF10BD0D
:104D4000F0B504000D0087B0EFF30583002B05D00C
:104D500020002900FFF7A2FD07B0F0BD1C4B059312
:104D60001B68834205D1059B5B688B4201D120BF44
:104D7000EEE7184B0493DF68049B38001E7800F0C0
:104D800037F80436B600BA5926002F000023361A29
:104D90008F41121ABB4202DCE9D1B242E7D9029339
:104DA00001930D4B2200009304982B00FFF712FF94
:104DB000061ECDDD059B2000290030C3FFF76EFDE8
:104DC000002800D120BF31000498FFF71FFFBFE784
:104DD000100C0020180C0020C147001010B5024A2A
:104DE000024802F090FE10BDAFFA0010B72200207A
:104DF0000300416A0A00986A596A8A42FAD17047E8
:104E0000416A9942FCD3994202D1816A914200D30E
:104E10007047416AF7E770B514001D000600FFF700
:104E2000E7FF22002B0012184B41994202D804D10F
:104E3000904202D901225242D3173000FFF7E0FF1F
:104E400070BD000010B50248FFF7D2FF10BDC0468C
:104E50000040054010B502000B000248FFF7DBFFE1
:104E600010BDC0460040054010B5002905DB826A30
:104E7000836A9B1A8B42FBD310BD08000021FFF709
:104E8000E9FFF9E70C4B10B504000800994206D879
:104E9000FA21890041432000FFF7E6FF10BDFA2206
:104EA00000239200002101F047F902000B002000CE
:104EB000FFF7B1FFF2E7C0469BC4200010B5010028
:104EC0000148FFF7DFFF10BD0040054010B50200AC
:104ED0000B000248FFF794FF10BDC046004005409C
:104EE00070B50E0019000400150002F061FE0023E9
:104EF0003100E581A681A360681C05F005FB6060B8
:104F0000431E9841C0B270BDF7B50C2444430193D1
:104F1000244B0092E4186368089A05000E0093423F
:104F200000D26260C0232F1F9B01FFB2E318012F44
:104F300027D8012E25D103221A60A3683342FCD062
:104F4000009B22685B015340E02213408022520103
:104F5000A350012F09D80321236873400B40A350AD
:104F60000123B340A2681342FCD0802380229B011E
:104F70001201E250089B019A63600B4BAD00EA50AE
:104F8000F7BD802212011A60074BAA00D1580029F0
:104F9000D6D0586900F086F9431C032058430338E3
:104FA000FDD2CDE700800040C01A002073B50D008F
:104FB000069904001800160000F074F9069A030020
:104FC00012022900009220003200FFF79DFF73BDFE
:104FD00013B5802464000094FFF796FF13BD000012
:104FE000014B8000C0587047C01A002073B51400F0
:104FF000012205000E0005201100114BFFF7E8FF0C
:1050000033002A00009401210E4800F05BF82100D3
:105010002800714300F046F9040000220221042018
:10502000094BFFF7D5FF2300002201210520FFF7E0
:10503000CFFF022200210620014BFFF7C9FF73BDFD
:10504000006CDC0200800240001BB700F0B5A02518
:1050500087B002900391049205936D00154B164A98
:105060006B4301939B18154A072493420BD9013DCA
:105070000F2DF3D100201BE0013E3F1B002E05D178
:10508000013CB442F3D02700260067433900019861
:1050900000F008F9029B9842EED10029ECD10120E2
:1050A000074B039A6B431360049B1C60059B1E60B7
:1050B00007B0F0BDE02E0000508EF4FF50F80C0059
:1050C000001BB700F8B504001F4817001E000D00B4
:1050D00000F0E8F80100380000F0E4F8069A330424
:1050E000120313432268002A0FDA3F2122680A4084
:1050F000AA420AD1A2681205120D824205D1EE2100
:10510000E268C9020A409A421CD0104A104EA11807
:105110004A42514101220C318A400E490A600E492F
:105120000A60170031688F43391EFAD10B4A2131CA
:10513000A2182560A060116021680029FCDAE360F4
:1051400008231360F8BDC046001BB7000040FDBF38
:1051500008C0004000E0004000F0004004300000C3
:10516000044B00011B685840F0231840024B1860A4
:105170007047C0460040064000500640024B186889
:105180000006000F7047C04600400640142310B5CB
:10519000010018889B88984710BD162310B50100A0
:1051A00018885B88984710BDF8B50F0004000026EA
:1051B0000125BE4201D12800F8BD2068FFF7E6FFB7
:1051C00001C4431E984101360540F2E770B5040062
:1051D00003480D00FFF7DAFF29000300200098477D
:1051E00055420000024B80009B68C0587047C04683
:1051F00000ED00E070B504000D00EFF3108672B60C
:10520000FFF7F0FFA84207D0084B984202D3084BA3
:10521000984201D301F06AF8064BA4009B68E55060
:10522000BFF35F8F86F3108870BDC046C03000109A
:10523000D430001000ED00E001480421014B184774
:10524000300C0020A9510010014B9B68184700004A
:10525000300C0020124A936F9B0815D29066D166DD
:10526000002905D0FFE7FFE7FFE7516F106F704798
:1052700004B580210906C2175140002800D0C84358
:105280000AF032FB002104BDF0B5146E556E576F65
:10529000166FFFF7E3FF1466556657671667F0BD94
:1052A000000000D0114A936F9B0813D2106651661C
:1052B000002905D0FFE7FFE7FFE7516F106F704748
:1052C00004B5002801D00020C0430AF00DFB0021E6
:1052D00004BDC046F0B5146E556E576F166FFFF7DC
:1052E000E5FF1466556657671667F0BD000000D0ED
:1052F00094464A4A926F9208624601D228E0C0461C
:10530000F0B5464E346E756E776F366F00F020F84C
:105310009446424A14665566576716676246F0BD62
:1053200094463E4A926F9208624601D254E0C046CB
:10533000F0B53A4E346E756E776F366F00F04CF8FC
:105340009446364A14665566576716676246F0BD3E
:10535000002B24DB11D000293EDA00B5C9434042BE
:1053600000D1013100F038F8C943404200D1013189
:10537000DB43524200D1013300BD002AEBD10028AB
:1053800001D1002905D00020C90FC90701D1C043B0
:10539000410800B50AF088FA0022002300BD00B5DC
:1053A00000290ADBDB43524200D1013300F014F83C
:1053B000C943404200D1013100BDC943404200D140
:1053C0000131DB43524200D1013300F005F8DB43E9
:1053D000524200D1013300BD002923D1002B18D146
:1053E000002A0CD0BC460D4F38667A660021002397
:1053F000FFE7FFE7FFE77A6F386F674670470028DF
:1054000001D00748010000B50AF04EFA002200233F
:1054100000BD02000B00002000217047000000D0FA
:10542000FFFFFFFF002B00D0BFE0130C28D1002AA4
:10543000E7D080B4114F39667A66FFE7FFE730B4F2
:10544000040C7B6F396F1B0423433B667A66FFE7CE
:10545000FFE7FFE7C04684B27B6F3D6F1B04234329
:105460003B667A66FFE7FFE7C04600232C042D0C5D
:105470007A6F386F00196941B0BC7047000000D0E6
:10548000F0B594460025140E01D112020835140F10
:1054900001D112010435940F01D192000235D40FCD
:1054A00001D152000135D40B0134254F7C66254CC7
:1054B0003C660E0C93B2FFE7FFE7FFE73C6F6643E5
:1054C000360C7703BE467343DF0B5B04C01AB94149
:1054D000130C7343DB18C91ACE086643360CB64466
:1054E00093B273431F0F1B01C01AB941130C7343CE
:1054F0001F0B1B05C01AB941860D8F023E43664340
:10550000360C092D24DB520A7243801A7703460AAF
:105510006643360C16235B1BDE40DF40BF19644632
:105520006643821B7046043506330100D940A8400B
:10553000C01900D30131A24206D20023F0BD000001
:10554000000000D0FFFFFFFF121B0130F3D3F1E793
:1055500009277F1BFE406446A2B27243801A00D224
:105560000139220C7243130C1204821A99410B0068
:105570007046043513370100F940A840801900D364
:105580000131002B02D1A2420AD2F0BD013000D37A
:105590000131121BFAD2013BF8D1A24200D2F0BD78
:1055A000013000D30131121BF7E7F0B51C0C00D01D
:1055B00080E00CB400251C0A04D11B02160E3343F4
:1055C000120208351C0B04D11B01160F33431201C4
:1055D00004359C0B04D19B00960F33439200023597
:1055E000DC0B02D192185B4101351C009718644115
:1055F0000134464F7C66464C3C660E0CFFE7FFE7E5
:10560000FFE7C0463C6F6643360C7703BE4697B251
:105610007743C01B00D20139C01B00D201399FB2B1
:105620007743C91BC91B170C77437E04FF0B801BF4
:10563000B941CE086643360C0C2D33DBB644120B51
:105640001F053A431B0B97B27743C01B00D20139A9
:105650009FB27743C91B170C77433E043F0C801B56
:10566000B941860D8F023E43664329277F1BFE40CA
:105670000C3D7746AF40BF1930BCA2B2ABB272430B
:105680007343801A9941220C7243130C1204801A3E
:10569000994102000B000137001BA941F9D2781E85
:1056A0000021F0BD0C277F1BFE4077467F0BAF40EB
:1056B000FF19E0E700245D1C07D0144F7D663966B2
:1056C000FFE7FFE7FFE7FFE73C6F95B29EB2654358
:1056D0006643401BB141150C1E0C654366433604FE
:1056E0002F0C3E432D04401BB141994204D20200CD
:1056F0000B0020000021F0BD01D19042F7D3801AA9
:10570000994101349942F2D3F6E70000000000D03D
:10571000FFFFFFFF48404140484018B41B4B5B6807
:10572000FC46019308BD04DF075A001018B4174B5C
:105730001B68FC46019308BD00DF115A0010944617
:10574000134A926F920809D2624618B40F4BDB6875
:10575000FC46019308BD0CDFC95C00100C4AF0B593
:10576000146E556E576F166F6246FFF7EEFF084ACC
:105770001466556657671667F0BD18B4034B9B68EF
:10578000FC46019308BD08DF6D5B00101C1F002064
:10579000000000D0FFB550404240504059404B40BF
:1057A000594000E0FFB5154F4C00640D03D0BC42DA
:1057B00004D10C0314D80020090D09055C00640D08
:1057C00003D0BC4204D11C030AD800221B0D1B05C8
:1057D00001264B4009D44B4003D58B4200D1824275
:1057E000FFBD9942FCD19042FFBD0B43DB18034340
:1057F0001343F5D0C9434918FFBD0000FF0700005F
:1058000000B5FFF7CFFF01D0002000BD012000BD93
:1058100000B5FFF7C7FF804100BDC04600B5FFF7E8
:10582000C1FF01D9002000BD012000BD00B5FFF778
:10583000B1FF804100BD012040054A00121804D884
:105840005A00121801D8002070470120704700004C
:105850000021002805D17047C1174840401AFAD0EE
:10586000C90713B5064B1B6898470CBC441CA240E3
:105870001005120B0349091B09051943114310BDFB
:105880001C2000201F04000010B54C00620D802376
:10589000D218DB00D21A5B057E2A10DD9E3A13DA9D
:1058A000CC170903490819435242D140640001341E
:1058B0001532202A05DAD0400843604310BD00208D
:1058C00010BD0846604310BDC80FC018013810BD98
:1058D00018B4044B5B6AFC46019308BD24DF795E73
:1058E000001000001C1F002018B4044BDB6DFC46A8
:1058F000019308BD5CDF855F001000001C1F0020C5
:10590000C94211D300B549004908002200F018F837
:10591000002904D4002240428A41114600BD802162
:105920000906002000BD000018B4044BDB6EFC46E5
:10593000019308BD6CDF875E001000001C1F002073
:1059400018B4044B9B6FFC46019308BD78DFA35E3F
:10595000001000001C1F002018B4044BDB6FFC4635
:10596000019308BD7CDF115F001000001C1F0020A8
:10597000132370B51C78114D012C0ED10023104952
:105980009A000133A950202BFAD10D4BAB640D487E
:10599000FFF7FCFB0C4B186070BD012CF5DD0B48CC
:1059A000FFF7FBFB06000A48FFF7F7FB80223100F8
:1059B000280000F0E9FB022CE9D1E6E71C1F0020DB
:1059C000D55900104C3300001C2000205344000027
:1059D0005346000007B5604601880A0A0230DF2AF4
:1059E000FAD1C9B2820804D3028840880004104367
:1059F00000E00068014A5050039007BD1C1F0020C2
:105A00000FB403BC0CBCF0B50124E407634000E014
:105A1000F0B50C0DCF0F661E3605891B640503D348
:105A2000C943404200D30131640D03D0661CF60A1D
:105A300007D0E41B00207F00791C89078912803C75
:105A400024031D0DDF0F6E1E36059B1B6D0503D352
:105A5000DB43524200D301336D0D03D06E1CF60AB6
:105A600007D0ED1B00227F007B1C9B079B12803D13
:105A70002D032F1B661B58D4A446202E46DA203750
:105A80001400BC401D00BD40F24033412A43801841
:105A90005941CB0F05D0C943C04300226442504155
:105AA000514162464D0D28D10D0D07D100281FD060
:105AB000241940414941013A0D0DF9D0640006D343
:105AC000013000D30131002C01D140084000013ADF
:105AD0000BD4941CE40A04D112051144DB071944C9
:105AE000F0BDD907204B194300E0D9070020F0BDD5
:105AF0000029DDD1002CDBD1F0BD0132C607400802
:105B0000CD0728434908002EE1D0D9E73C2E29DAF9
:105B1000203E40371400BC4000D00124F240144322
:105B20001A00BB401C43D317ACE7AC46202F08DA61
:105B300020360400B4400D00B540F84039412843F8
:105B4000A5E73C2F0CDA203F40360400B44000D0DB
:105B50000124F84004430800B1400C43C117EAE7B0
:105B600010001900002494E70000F07FF0B50C0D40
:105B7000661E3605891BE60A6405640D02D0651CA5
:105B8000ED0A04D0002001210905803C2403A4462D
:105B90001C0D671E3F05DB1BE70A6405640D02D080
:105BA000651CED0A04D0002201231B05803C240360
:105BB0007740644497B484B296B27443070C7E4332
:105BC000150C6F4380B26843361802D301200004DD
:105BD0003F183004350C00197D41844688B29AB2D2
:105BE00050430C0C62431F0C7C438EB27E439219CF
:105BF00002D301263604A4191604170C361867417F
:105C000001BC81B29AB25143040C62431B0C5C4349
:105C100080B25843121802D3012000042418100443
:105C2000130C401863412D185E410020474106BC0B
:105C300088B293B258430C0C6343120C544389B29C
:105C400051435B1802D301210904641819041A0C8A
:105C5000091862416D1856410020474118BCF902ED
:105C6000720D1143F0026A0D1043ED020A0D03D1CB
:105C70006D1940414941013B124E9B1B7600B342D6
:105C80000ED26D0007D301300026714166463543C0
:105C900001D1400840001B05C918E4072144F0BDAC
:105CA0000BDA013306D1013004D101314F0D01D09F
:105CB0004908F2E7E1070020F0BD01363105002078
:105CC000EBE70000FF030000F0B51C0D671E3F0569
:105CD000DB1BE70A6405640D02D0661CF60A04D0DB
:105CE000002201231B05803C2403D0252D0600261D
:105CF000F6432E661E096E66CE0FF619B4464900AD
:105D00004F0D02D07E1CF60A03D000200021403F38
:105D10003F033E1BB600B444013F7F05C91B490841
:105D20002E6F013676089C02950D25437543ED13C1
:105D30007543AD1301356D10F603761B0CB4CC0220
:105D4000450D2C43A2B2B3B25A43270C7B43350C0A
:105D50006F43A4B26C431B1902D3012424043F19DE
:105D60001C041D0CA4187D4124196D41009A91B2A8
:105D7000ACB26143170C7C432B0C5F4392B25A4385
:105D8000A41802D301221204BF182204230C5218B3
:105D90007B41019C6C431B19520ED9010A434401FB
:105DA000A01A81B2B2B2514303145A43360C734362
:105DB00087B27743D617D21900277E4136049B1944
:105DC0001704160C7F185E417316ED18F3010026B8
:105DD00080337541A90F06D16400690AE8055B0AA2
:105DE000184309D22FE00422944480337541A90A54
:105DF000A8059B0A184326D3404149412404009A30
:105E0000019B0D005543641B4343E41A95B286B2CF
:105E10007543170C7E43030C5F4392B25A43B61886
:105E200002D301221204BF183204330C52197B41F1
:105E300052429C41002C02D40022013051414008C2
:105E4000CA071043490802B06246D7079210084BB0
:105E5000D218084B9A4203D212058918C919F0BD0D
:105E60000020002A01DC3900F0BD01331905F5E7F7
:105E7000FD030000FE070000002200B5203200F004
:105E800010F8080000BD002200B500F00CF8CA1799
:105E90009A4200D100BDD8430121C907414000BD4D
:105EA00000220B150AD410B5944600F0A7F814147C
:105EB000013400DA0021CB17144C204700200021C8
:105EC00070476244343A0CD40C2A07DA040091403B
:105ED000904052422032D440214310BDD843D94390
:105EE00010BD203207D40C4694405242203211415A
:105EF000D040204310BD0800C917203203D45242BD
:105F00002032104110BD1800190010BDC35E0010F2
:105F10004A00520D144BD21A13DDFF2A1EDAD205A5
:105F2000CB0FDB071A43C300400F0903490A08439C
:105F300010435B0001D301D0013070474308FBD20E
:105F4000704702D0C80FC00770470A03121301320E
:105F5000F8D1420F072AF5D1012200E0FF22C80F35
:105F600000028018C00570478003000000210A006D
:105F7000002104E000210A00C11704E000220023F0
:105F800006E0C0460022CB1758405940C01A99413C
:105F900030B5184CA21A002903D1010010D00020FE
:105FA000203A4C1512D104D2013A001849414C0D47
:105FB000FAD3114CA24204D212058918DB07C91882
:105FC00030BDD243520D00200021F5E703D4013A41
:105FD00000184941FBD50B324405C00A4D05284342
:105FE000C90A640003D0002460416141E1E7E0D3C5
:105FF0004408F8E732040000FE0700000A0DCC0F49
:10600000531E1B05C91A520503D3C943404200D38E
:106010000131520D03D0531CDB0A07D0121B0020A4
:106020006400611C89078912803A1203014BD21A5D
:1060300070470000FF03000007B54840414048405A
:1060400001E0C04607B54200120E03D0FF2A03D17B
:10605000420218D8C00DC0054A00120E03D0FF2A14
:1060600003D14A020FD8C90DC9050122414005D408
:10607000414001D5814207BD884207BD014349180F
:1060800001D0C043001807BD00B5FFF7DBFF01D901
:10609000002000BD012000BD01231B064200D218D4
:1060A00004D84A00D21801D8002070470120704758
:1060B000132310B510481C78FFF76FF80100012C6E
:1060C00013D10E4C5422200000F05EF815230C4A28
:1060D000990001336250202BFAD12262E261094813
:1060E000FFF754F8084B186010BD012CF7DD802233
:1060F000024800F049F8F2E7534600002020002053
:106100000D6100104C3300001C20002007B56046D4
:1061100001880A0A0230DF2AFAD1C9B2820804D300
:10612000028840880004104300E00068014A505093
:10613000039007BD2020002051434343C9188C46DB
:10614000110C83B24B4310B4040C614392B280B281
:10615000504362431C041B0C001910BC594113042A
:10616000120CC018514161447047000001480421DD
:10617000014B1847400C0020A9510010014B1B682F
:1061800018470000400C0020014B5B6818470000D6
:10619000400C0020D02301221B06196D114201D0B2
:1061A000986D704720BFF8E703BD10B5040000F0FC
:1061B000B1F8A04710BDD02302221B06196D114271
:1061C000FCD0586540BF704710B5FFF7E3FF10BD26
:1061D000F0B5070089B00F200C000092FEF754F9CB
:1061E000002101900F20FEF73BF9002301260797BD
:1061F000D02706941C00009A02ADEA60114A02936F
:1062000056703F066B60AE60A300EB580093002B06
:1062100003D13B6D334211D140BF0098FFF7CBFF54
:10622000FFF7B8FF009B83420AD10134062CEBD163
:106230000F200199FEF714F909B0F0BDBB6DE8E736
:106240000024E1E7BA22002003239A438B1810B5FB
:106250000C001900064A0C399268086018000838CA
:1062600004600448043B18600348FFF7B1FF10BD09
:1062700000ED00E0AB610010A96100100549064B7C
:1062800010B5994201D20121494280221201FFF743
:10629000DBFF10BD000804200000042010B50248F8
:1062A00001F0BEFC10BDC046BD220020F0B50023A9
:1062B0000F260C4C0139994201D9102B02D1002232
:1062C000C254F0BD01275A08A25C9F43BF003A4167
:1062D000324017003737092A01DC30321700C75423
:1062E0000133E8E7BD2200207047000010B50148E7
:1062F000FEF702F8D1FA001010B5044C044B9C4292
:1063000000D310BD08CC9847F8E7C04698F90010B4
:10631000D4F9001010B5044C044B9C4200D310BDBE
:1063200008CC9847F8E7C046CCF90010D4F9001023
:10633000054B064A06491A60064B074A13601800C7
:106340000A689043FBD1704700E00040BFCDFBFEE0
:1063500008C00040FE7F3C0000F00040044BDB6CB6
:10636000002B03D18022034BD2021A607047C04633
:10637000000011504C201150044A054B1A60054A88
:106380001368DB018033FBD17047C046FFFFFF017C
:1063900000F0004008C000404022034B9A675A6753
:1063A0001A67DA667047C04600F0014010B501F088
:1063B000F1FB10BD70B50B490B4C0C4D641AA408D1
:1063C0002200302C00D9302228009200FFF7DCFE9A
:1063D000074B2F2C02D9074B9D6070BDA200AB501C
:1063E0000134F6E700300010C0300010000000203B
:1063F000C130001000ED00E0002373B5284DAB67FD
:1064000001F0FAFB0122274B1A606B6C012BFCD1C7
:106410000322254B1A60AC6B012CFCD1022605250A
:10642000210000960623214A2148FEF74BFE2B004F
:10643000210000951F4A2048FEF744FE310000224B
:1064400004201E4BFEF7C4FD2800210000221C4B37
:10645000FEF7BEFD0022072011001A4BFEF7B8FD23
:10646000002208201100174BFEF7B2FD8023002206
:10647000DB00110000930920124BFEF797FD00226C
:106480000F4B11000620FEF7A3FD0420FEF7A8FD28
:106490000D49FEF707FF0100002001F0A5FB73BDC9
:1064A000008000403CB0004030B00040002F6859F0
:1064B00000800240008C864700C00240001BB700ED
:1064C00040597307006CDC0240420F000020704707
:1064D00070B505000C001600486900F023FD32007D
:1064E000280001216369984770BD000070B5050060
:1064F0000024144B1B781A1DA2420FDA54220021EB
:106500001148FFF73BFE1022FF211048FFF736FE2F
:106510002022FF210E48FFF731FE07E0A34206D9F3
:106520000C4B62011B689B18002B04D170BD0A4AFA
:10653000E31A5B019B182800DB6801349847E4B23A
:10654000D7E7C0469C210020A1210020A5210020E2
:10655000B52100208C1600206CFB0010704770479E
:106560000020704700207047002070477047704738
:1065700070477047024B1878C007C00F7047C0467D
:10658000A1210020024B5878431E9841C0B27047A9
:10659000A1210020024B18784007C00F7047C04669
:1065A000A1210020094A10B513785B07DC0F002BEE
:1065B00008DA182312781340182B05D1044B1878E9
:1065C00001F0EEFB200010BD0024FBE7A12100201C
:1065D0006C0C002010B5034B187801F0EFFB012084
:1065E00010BDC0466C0C002010B5034B187801F0AC
:1065F000EDFB012010BDC0466C0C0020034B187849
:10660000FF38431E9841C0B27047C0466C0C002052
:10661000F7B5284F05003B7801240191FF2B02D1EB
:10662000002902D100242000FEBD0021542222486E
:10663000FFF7A4FD0022214C214B20001A70FEF729
:106640008FF8204B20481C6001F0C4FA1F4C20003A
:1066500001F0F6F91E4B1F4E1C601F4B002B04D09F
:10666000300000E000BF1D4B1860002433781A1D75
:10667000A2420ADA280001993D7001F04DFB041E88
:10668000D1D0280001F07CFBCDE7A3420CD9134BFD
:1066900062011B689B18002BC4D05B68002BC1D023
:1066A00001349847E4B2E1E70D4AE31A5B019B1815
:1066B000F3E7C0466C0C0020A1210020AC1900209B
:1066C000B5220020B4190020640C0020500C0020DA
:1066D000B81900209C210020000000008C1600202A
:1066E0006CFB0010702270B58B780C0000201A42F1
:1066F0000CD1074B20001D78064B997800F064FF01
:10670000002803D02100280001F082FB70BDC046A4
:106710006C0C0020A1210020F7B50C0016001F0012
:1067200000250190AE4201DC012003E06378052BD7
:1067300001D00020FEBDE3789B079B0FBB42F8D140
:1067400021000198FFF7CEFF0028F3D0A378DA09E3
:10675000012A05D1099A137023780135E418E1E77D
:10676000089AF8E77F2010B50840C909044B054A8C
:106770003431400040188018196800F0E3FE10BD65
:10678000B4190020A12100207F2010B50840C909BC
:10679000044B054A3431400040188018196800F055
:1067A000F8FE10BDB4190020A121002070B57F248F
:1067B0000E480C406400CD09041964193034257961
:1067C0000020ED0710D40125267909482E430078D2
:1067D000267101F051FB002806D104222379AB4336
:1067E000237123799343237170BDC046A1210020FA
:1067F0006C0C002010B50B4B0C00187801F04EFB10
:106800007F22094B2240520099180223E4090919FA
:1068100030310A7913430B7101230A7913430B7149
:1068200010BDC0466C0C0020A121002010B50B4B00
:106830000C00187801F04EFB7F22094B22405200D9
:1068400099180222E409091930310B7993430B712D
:106850000B79013A93430B7110BDC0466C0C0020BC
:10686000A12100207F22054B0A405200C9099B1834
:106870005B18303318798007C00F7047A1210020C2
:10688000F0B5B74B8BB01B78FF2B00D193E2B54B23
:106890001D686969EFF3108372B60A68002AFCD09C
:1068A000BFF35F8F07ACAB612100280000F0B9FF98
:1068B0006A69AB69BFF35F8F0021116083F31088B1
:1068C000884200D177E2607801380728DFD809F0E4
:1068D00003F8080011009B0281028C0219004D028E
:1068E00094022078FFF702FE00F012FB9E4B227903
:1068F0009A70CCE72078FFF7F9FD00F009FBFFF76D
:1069000036FEC4E7994B1A78002A00D153E21A7870
:10691000013A1A7018780028B9D10126924D042145
:106920002B78277833432B702B0034331A78B243FB
:106930001A701A788A431A702B0035331A78B243CA
:106940001A701A788A431A7000F0ECFA60222379E0
:106950001A40602A28D0402A0AD1854800F0E2FA7D
:106960003100380008AAFFF7B1FD00288FD11BE0E5
:10697000DB06DB0E012B00D16AE1022B00D1A0E186
:10698000002B11D1202A25D1227A0F2A0CD8237A64
:10699000EB181979774B1B7899420FD2764B490146
:1069A0001B685918002910D107AC2078002101F08C
:1069B00075FA8021207801F071FA68E71A1D8A4281
:1069C000F2DBC91A6D4B4901C91808AA3800FFF754
:1069D0007FFDCAE760790928E6D808F0A5FF2A01FB
:1069E0002201E5FF1901E5FF0A00D700E5FF1600C7
:1069F0001C0008A800F09CFA3800A17901F0C6F943
:106A000002232A7813432B7041E706AA6B780232DF
:106A10001370012317E1A4796B789C4200D19AE0AE
:106A20006B78002B0BD00021380001F0D7F938002B
:106A300001F01EFAAE783800FFF758FDAE706C70AA
:106A4000002C00D185E0013CE0B2FDF743F80028BE
:106A50003DD043780393022B39D10121C2799311A0
:106A600052110B400A4012015B0113432A782F3167
:106A70008A4313432B700500C37882781B021343AB
:106A8000C31809350493049BAB4202D8FFF76EFD8F
:106A900061E001226B7801920B2B03D1EB7801931B
:106AA0002B78ED186B78042B11D10026049B5B1B0F
:106AB0009BB205932F4B1C78231D9E4207DCB442EA
:106AC00009D92D4A73011468E418002C07D100225B
:106AD000254B5A7068E7294B341B6401E4182900E0
:106AE00038002369059A9847029008282ED9059BFB
:106AF00083422BD3019B012B0AD12369204A934265
:106B000001D1039A01921F4A934201D1039B019341
:106B100000221549019B9A420DD1330029001A48E1
:106B2000029A00F085FD029BED18124B1B7804338E
:106B30009E42A8DDCBE7AB78D318DBB2CB1818792F
:106B4000FF28C4D101321E71D2B2E3E70136F6B29A
:106B5000B0E7FFF70CFD380008A900F09FF996E6B2
:106B60006C0C0020B8190020A1210020B5220020C3
:106B7000CD6400109C2100208C1600206CFB0010BE
:106B800095720010FFEB0010B5210020E3881A0A6F
:106B9000501EDBB20E2800D906E708F0C5FE0F0034
:106BA00024002D0005FF05FF3600240005FF05FF2A
:106BB00005FF05FF05FF05FF05FF1A00FCF750FF65
:106BC0001223021E00D1EFE6380008A900F078F980
:106BD000CBE6FFF7C5FC021E00D1E5E6C37881785D
:106BE0001B020B43F0E71800022A02D1FCF772FFE8
:106BF000F1E7FFF7B9FCEEE718002189FDF728F867
:106C0000021E00D1D0E60378DEE7FFF7ABFCF7E722
:106C1000E388012B00D0C7E62A78073313432B7093
:106C200099E7E388012B00D0BEE608222B78934336
:106C3000F5E72B7806AA980699080223C00F194099
:106C4000023201431180380008A900F039F91EE62C
:106C5000227A0F2A00D9A7E6237AEB181979714B0B
:106C60001B78994224D2704B49011B68591800299E
:106C700000D199E6380008AAFFF72AFC002800D0C6
:106C800005E66022150023791D401A4200D08BE6EC
:106C900063790A3B012B00D986E6280000F042F90F
:106CA00063790A2B00D056E706AB9A1C1570B0E644
:106CB0001A1D8A4200DA77E6C91A5C4B4901C918E5
:106CC000D8E77020237AD9B2184200D06CE67F232F
:106CD0000B405B00C809EB181B181E7D514B1B783D
:106CE0009E4216D2504B76011B689E19002A1DD178
:106CF000637902201A008243012A1BD0002B00D0A6
:106D000052E63800FFF7AEFD06AB9A1C1080022356
:106D100099E7181DB04200DA80E0F61A434B76017D
:106D2000F618002AE4D0310008AA4FE6002E00D160
:106D30003AE6F8E7E288002A04D13800012B12D1A4
:106D4000FFF774FD002E00D1A1E5310008AA38003C
:106D5000FFF7BEFB3535002000F0E4F82B78DB07A9
:106D600000D594E5F7E6FFF745FDEBE77F222179B3
:106D70002F4B0A405500C8095B191B181800012643
:106D800030300579B543057105790336B543057192
:106D9000002A05D162792078A36800F0D7F876E55B
:106DA000204A1B7D1278934207D21F4A5B0112686A
:106DB000D318002B08D10BB0F0BD101D9842FADBA0
:106DC0009B1A1A4A5B019B189D6962792078A36817
:106DD000A8475CE5164B1A78D20700D457E5187817
:106DE0000007C00FFFF7C4FB51E5114B1B78DB0711
:106DF00000D44CE5FFF7BDFB49E56368002B00D1EB
:106E000045E5A068984742E50122094BDB7813422B
:106E100000D13CE56068FFF7A2FB38E5161E00D103
:106E200066E7C1E59C2100208C1600206CFB001059
:106E3000A121002070B5124B06009C89D889221A26
:106E4000151C92B2402A00D940251A78ADB27F2A8B
:106E500009D9844210D099682A000A48FFF794F9AA
:106E60008021084A03E000210A008442F9D12B0066
:106E70003000FFF79BFC70BD80210022F7E7C04681
:106E8000981900205819002080238B4319000023F3
:106E900010B51A00FFF78AFC10BD000070B5074C52
:106EA00006000D0008222000FFF76EF900233000D5
:106EB0002978A360E360FFF7E7FF70BD9819002011
:106EC000F7B5124D16000190082228000C001F0093
:106ED000FFF75AF90023AE60EB81E379A2791B0238
:106EE00013431A1CBB4200D93A1C91B2AA81002B51
:106EF00007D0002901D0301E02D00198FFF79AFF79
:106F0000FEBD21780198FFF7BFFFF9E7981900202F
:106F100010B5142200210248FFF730F910BDC04619
:106F200098190020014B18617047C046981900203D
:106F300010B5054C010008222000FFF725F90023B9
:106F4000A360E36010BDC0469819002070B5234CC3
:106F50001E0023780500DA09C9098A420FD0002EE5
:106F600001D0002070BD210000F046FF2369B3422C
:106F700003D022000321280098470120F2E77F2B4D
:106F800006D8A0680028ECD032001549FFF7FCF8BD
:106F9000A268E3899219F318A260E2889BB2E381A8
:106FA0009A4201D03F2E15D82369002B05D002212B
:106FB000220028009847011E04D028002178FFF7FE
:106FC00063FFCFE7280000F069FF8021280000F070
:106FD00065FFD2E72800FFF72DFFC3E798190020CF
:106FE00058190020F8B50500FFF7CCFA002825D085
:106FF000FFF7D0FA061E21D19224A4006C43124B55
:107000001F19FA78824219D01034E418200000F0D9
:10701000F7FB3F2812D93000F978FFF7A3FBB04205
:107020000CD0200000F0ECFBF9783F2807D9074B83
:10703000EA01D21830004023FFF7B8FBF8BD30005A
:10704000FFF7A2FBFAE7C0461017002090160020B9
:1070500010B50400FFF796FA002801D1002010BDFA
:10706000FFF798FA0028F9D1922080006043034B83
:107070001818037901201840F1E7C04610170020C6
:1070800092239B00434310B50248181800F090FB70
:1070900010BDC04620170020094B70B504009A426D
:1070A00000D91A00922080006043064B92B2C018AB
:1070B00000F0D5FB05002000FFF794FF280070BD0D
:1070C000FFFF00002017002092239B00434310B5D0
:1070D0000248181800F0E4FB10BDC046201700203D
:1070E000F7B50190FFF74EFA002803D0FFF752FAE8
:1070F000071E01D00020FEBD9224019BA4005C432A
:107100002600144D24367619300000F051FBB842A9
:10711000F0D02D193800A978FFF724FBB842E9D048
:10712000019B3000DC010C4B4022E418210000F0F0
:1071300096FBA9780600B84208D003002200380068
:10714000FFF734FBB842D5D03000D4E7FFF71CFB83
:10715000D0E7C04610170020D016002070B592244A
:10716000A40044430A4B0500E4180A4B9A4200D994
:107170001A00200092B200F0DEFB0600200000F0B2
:1071800017FB3F2802D92800FFF7AAFF300070BD87
:1071900034170020FFFF000092239B00434310B5EB
:1071A0000248181800F02CFB10BDC0463417002010
:1071B000F7B592220025164C002120009200FEF720
:1071C000DDFF144B80221D70FF236371E1235B02FE
:1071D000A36008231049A37352000095073B0F4892
:1071E00000F0B5FA012380220D49009352000D48AA
:1071F00000F0ADFA0C4F3800FDF7B2FA0B4E30003C
:10720000FDF7AEFAE561276226636563F7BDC04608
:10721000101700209D210020481700202017002073
:107220004818002034170020481900205019002069
:10723000074B1A6A196B002A02D00022DA611A621F
:10724000002902D000221A635A6301207047C04609
:107250001017002010B5052200210A48FEF78EFF06
:10726000094C2378DB0702D4084800F0E9FB2378B7
:107270009B0702D4064800F0E3FB0121044800F01C
:10728000FEFB10BD101700209D21002020170020BC
:1072900034170020F7B54B790700022B02D18B7908
:1072A000022B02D000252800FEBD1E4EB378002B15
:1072B000F8D109258B7833700C780C196378242B5E
:1072C00020D1954219D96378042B12D163790A2B06
:1072D0000FD1154B26780193144B380000930223ED
:1072E000A1191A00FFF718FA0028DBD00E3575191E
:1072F000ADB20020FFF776FED5E723785D19ADB279
:10730000E418DBE7052BDED121003800FFF7EAF9AE
:107310000028C7D0A378737023785D19ADB2E41844
:10732000D1E7C046101700201217002013170020C5
:10733000F8B504000B001078110060220240202AEA
:1073400007D12B4F4A790D79387812022A4390429F
:1073500001D00020F8BD487820380328F9D808F07B
:10736000EBFA02151837012B06D107232000214A1A
:10737000FFF7A6FD0120EDE7032BFBD11E4B002BF1
:10738000F8D000201B49FCF7CBF9F3E7012BF1D132
:10739000EBE7012B03D12000FFF780FDEAE7032B89
:1073A000E8D10126CC788B78310024021C432500DB
:1073B0001248A1433C7100F062FB114B3540002B99
:1073C000D8D06208290000203240FCF799F9D1E7B3
:1073D000012BE0D0032BCDD10A4B002BCAD08B78E8
:1073E000C97800200902194300E000BFC2E7C04687
:1073F0001017002018170020213700103417002024
:107400000137001000000000F0B5334C85B0039048
:107410001D00E3780F008B4206D0A3788B4218D072
:107420000025280005B0F0BD2C4BAAB202932C4BCE
:1074300002991800019300F07EFA2A4B002B15D117
:10744000294B002B27D10020FFF7CCFDA378BB42AE
:107450000AD1264B002B02D0002000E000BF002004
:10746000FFF73EFE00281ED00125DAE763790026EB
:10747000FF2BE5D0AE42E3D0029B62799B5D9A423E
:1074800007D1019800F0A5F9002802D1617900E048
:1074900000BF0136EEE7019800F09BF90028D2D139
:1074A00000E000BFCFE7124800F082F90028DBD1EE
:1074B0008542D9D03F232E001E401D42D4D1A17851
:1074C0000398FFF74FF9051ECED033003200A178A4
:1074D0000398FFF76BF9A4E710170020901600201F
:1074E0002017002000000000000000000000000045
:1074F000341700200A0013B500290CD16B46012473
:10750000100001A99C80FFF783F8031E01D00A4AEE
:107510001470180016BD012801D90023F9E7097875
:107520000029FAD0044B195401239942F1D11100DA
:10753000FFF76EF80300ECE79F21002010B5FFF77E
:107540005DF810BDF8B503780400DB070F00DD0F10
:10755000002B1CD1067876079E4214DB01213800EF
:10756000494208F0D9F92378DB07DD0F002B0CD155
:1075700023785B0704D40423012522781343237066
:10758000380008F081F92800F8BDF50FF8E700256C
:10759000F9E770B50D00012104004942280008F008
:1075A000BBF923785B07DE0F002B06DA2378DB07B5
:1075B00008D40422237893432370280008F064F948
:1075C000300070BD0026F8E7437902791B021343AF
:1075D000C2785B0592075B0D920F022A0CD0002047
:1075E000032A16D0012A13D102394A4251410D4AC9
:1075F00089189942404105E0914205D10A4A9818FC
:1076000043425841C0B203E0002040229A42404128
:10761000704702394A1E9141044A49421140802272
:10762000D200E5E7FF03000000FEFFFF40FCFFFF84
:1076300070B57F268A18914200D370BD4C78052C16
:1076400006D18D782C0034406400ED09041963558F
:107650000C780919EFE78A1892B24000914201D8DC
:10766000824201DB121A92B21000704770B504001A
:107670000800D11AA58889B29A4202D26E008919EF
:1076800089B20E1E11D08D4204D295420FD8521BE2
:1076900093B263819D420CD9E28821685204520C56
:1076A0005343C918FEF770FD0126300070BDAA18BB
:1076B000EEE75B1B9BB2EDE7F0B585B003910AA93D
:1076C0000C8801901D1B8688ADB2A34202D27100C6
:1076D0006D18ADB2002D21D0AE4206D29E4220D808
:1076E0009B1B35009CB2019B5C812B1C954200D9F1
:1076F000131C9DB2A64216D9019B019ADB88116822
:107700005B045B0C02936343371BBFB2C918BD42D5
:107710000CD8029A03986A43FEF736FD280005B09C
:10772000F0BDF318DDE7A41BA4B2E3E7029B0398C6
:107730005F43BFB23A00FEF727FD039BAE1BD8198B
:10774000029BA2195A43019B92B21968E4E7F7B56C
:10775000019308AB1D78802304000F001600002061
:107760001B029A4223D8E068002803D00121494235
:1077700008F0D2F82069002803D00121494208F01E
:10778000CBF8019BED035B045B0C1D430023E06819
:1077900063812760A680E5802381984201D008F0AC
:1077A00073F82069002801D008F06EF80120FEBDB2
:1077B000828803894089834207D31B1A9BB2101C1D
:1077C0009A4200D9181C80B270475100091A5B1800
:1077D000F4E703894089181A42425041C0B2704709
:1077E00010B50389418984888B4205D35B1A002038
:1077F0009BB2A342404110BD6200521A9B18F6E7AB
:10780000828803894089834207D31B1A9BB20020D8
:107810009A4201D9D21A90B270475100091A5B18E6
:10782000F4E770B5040000690D00002803D00121C1
:10783000494208F071F82900228920006389FFF786
:1078400015FF050061892A00A088FFF704FF608109
:107850002069002801D008F017F8280070BD73B522
:10786000040000690D001600002803D001214942E0
:1078700008F052F823896289290000922000320022
:10788000FFF71AFF050061892A00A088FFF7E3FED1
:1078900060812069002801D007F0F6FF280076BD3E
:1078A00070B5040000690D00002803D00121494291
:1078B00008F032F82900228920006389FFF7D6FEFC
:1078C00005002069002801D007F0DEFF280070BD08
:1078D000F8B50400C0680E00002803D00121494219
:1078E00008F01AF820002589FFF77AFF002804D055
:1078F000E3791B06DF0F002B13DA2800A3888342ED
:1079000016D9E28823685204520C504331001818EB
:10791000FEF73AFC01222900A088FFF79CFE012710
:107920002081E068002801D007F0AEFF3800F8BDE4
:10793000C01A80B2E3E7F0B585B00600141E0191CD
:107940003AD0C068002803D00121494207F0E4FF83
:10795000F3793789B58871891B0634D48F422ED3C9
:10796000791A89B2A94266D2691A0B1C89B2A1425E
:1079700000D9231C9CB20097009BAB4243D2F288F3
:1079800030685204520C02920299009AEB1A4A4350
:107990009BB28018A3423BD30A0062430199FEF7D1
:1079A000F3FB22003900B088FFF755FE2500308137
:1079B000F068002841D12C00200005B0F0BD6B001C
:1079C000591A7918CDE7AC420CD3002DF0D0631BC7
:1079D000F4880F006404640C5C43019B1B19019341
:1079E0002C00C8E76A007B1A8F4201D2531AFB1899
:1079F0009BB21B199342BEDB2A1B280092B2FFF7F1
:107A00002AFE0700B7E7009B5B1B9BB20093B3E71E
:107A1000029A019953439BB21A000393FEF7B4FBF9
:107A2000009B651B5A19029B01995A43039B3068BE
:107A300092B2C918B3E70025BAE707F025FFBAE705
:107A400010B50400C068002803D00121494207F0A6
:107A500063FF2069002803D00121494207F05CFF41
:107A60000023E06863812381984201D007F00CFF76
:107A70002069002801D007F007FF012010BD70B574
:107A80000400C0680D00002803D00121494207F01E
:107A900043FF2069002803D00121494207F03CFF41
:107AA0007F23E179ED011940E0682943E171002865
:107AB00001D007F0E9FE2069002801D007F0E4FEBC
:107AC000012070BDEFF3108072B6034A1368002BDB
:107AD000FCD0BFF35F8F70472C0100D0BFF35F8FE6
:107AE0000022024B1A6080F3108870472C0100D0EE
:107AF0000722CB08C35C0120114088401840431E78
:107B00009841C0B27047F8B505000C001700FFF7A8
:107B1000D9FF210006002800FFF7EAFF002803D064
:107B200021003800FCF7E8FBE308ED1807231C40B0
:107B3000063BA3402A78300013432B70FFF7CEFF9B
:107B4000F8BDF7B505000E0014001F00FFF7BAFFDF
:107B50000190BC4202D9012464420DE021002800BA
:107B6000FFF7C6FF002811D10721012321408B40D8
:107B7000E208A95C0B43AB540198FFF7AFFF002C60
:107B800006DA002E04D00898FCF7B6FB0134E0E7D3
:107B90002000FEBD0021044B044ABFF35F8F02C3E7
:107BA0009342FAD17047C046000100D0800100D056
:107BB000024BC918890001607047C046400000347C
:107BC000034BC91889000160BFF35F8F7047C0463F
:107BD0004000003410B504000120FCF7B1FB0100A7
:107BE0002000FFF7EDFF10BD8023024A9B000B43EE
:107BF000D362704700800540AA22064B12011A602A
:107C00002132FF32DA600449044A11605A68002ABE
:107C1000FCDA70470040024000B0FA000060024009
:107C200010B588B004000D2200216846FEF7A6FAC0
:107C30000D22002104A8FEF7A1FA6A464B236846EC
:107C4000137004A900230D2207F016FE1521082247
:107C500020006944FEF798FA08B010BD7F23034066
:107C6000F0B5C4095F001A4D3E197601AE19B07027
:107C7000C043C0B2C00970700020F2769A01F07063
:107C80003183A818D900012C10D1124E89198162B4
:107C900000203F197F01EF19B9680860834209D1BC
:107CA00064012C1963600C4BE360F0BD0B4E891925
:107CB0008160EDE7013BDB00012C04D10849AA18E3
:107CC0005B185362F1E7AD18064A9B186B60ECE74E
:107CD000041B002080001050000110508400105040
:107CE000080010500C001050038BC27E3F339B09DC
:107CF00010B5D901022A00D09901054A1368C36062
:107D00005B181360034A934201D9FEF7EFFA10BDE6
:107D1000041F0020FF0F105010B500F0F1F80C23E5
:107D2000124CFF22A36705201149FCF7E9FB402212
:107D300000211048FEF722FA002240211000FFF730
:107D40008DFF002240218020FFF788FF07F0A4FD6F
:107D50008023012080229B052064E364064B90343D
:107D60002360064B5202DA6410BDC0460000115079
:107D700089060020041B002010D0010000201150B3
:107D800010B501210520FCF76BFB10BD002210B5DA
:107D90001100024800F0D4F810BDC046241B00209A
:107DA0008023044A9B0213608023034A5B01D3644F
:107DB0007047C04690201150002011508022024B85
:107DC0005202DA647047C046003011508022024BE4
:107DD0005202DA647047C04600201150044B1970FB
:107DE000002903D08022034B92021A607047C046DC
:107DF0009E210020902011500B785B0605D14B7816
:107E0000052B02D18A78014B1A607047000011508F
:107E1000CA780020920770B5920F012A0ED07F24F5
:107E20008D780B7949792800090219434905490DD4
:107E30002C40FFF713FF002C01D1012070BDED098C
:107E40006400094B64196401E4182000FFF74CFF3B
:107E5000E37EE168054A9B064A40134380221206EE
:107E6000134362681360E8E7041B00200000105011
:107E700010B507F011FD10BD7F2010B5084040007F
:107E8000C90940181100044A400180181A0000F086
:107E900057F8012010BDC046041B00207F2307B502
:107EA00008001840194204D14B424B41074A0133A4
:107EB00093668022C9094000054B4018400100210B
:107EC000C018120107F058FD07BDC0460020115030
:107ED000041B00207F220B0010B5134011420AD072
:107EE0000022C9095B005B1803485B01C018034905
:107EF000C27007F041FD10BD041B0020FFF7FFFF1B
:107F000080230A4A5B0410B51360094A09481360CC
:107F1000190002689143FBD1802207485201FEF705
:107F20002DF90922054B5A6710BDC04600E00040FC
:107F300000F0004008C00040000010500000115048
:107F4000002310B5C382013382828376016104006D
:107F500007F002FD002803D08022074B92021A602E
:107F6000200007F0A9FC002802D00123237710BDD0
:107F7000200007F0E9FCFAE7902011508022094B1D
:107F80005202196D1142FCD009225A67064B053A7C
:107F90001A60064B1A68064BDA67064B1A68064BDE
:107FA0001A6470470000115080301150FC1A0020F4
:107FB00000400140081F002000C0014010B5FFF73D
:107FC000DDFF0020002110BD1FB51020FCF7DCF9FB
:107FD000082801D1FEF78AF9264B0F20DA6F264BCD
:107FE0001A60264B1A6C264B1A6001221100FCF70E
:107FF000D5F902210F20FCF7F1F9224B03211A6871
:10800000082353401F2213401F4A0F201360FCF720
:10801000D5F902221D4BDA671D4B9218DA671D4B0A
:1080200008325A671B6D1B079B0F012BD2D1FCF73F
:108030007BFD0400FCF706FFFA22002392001218D1
:108040004B41002B02DA0122134B524201210291D3
:1080500000210191114920000091FCF7BBFD00288F
:1080600006DAFA2000218000FCF7F4FEFFF786FF15
:108070001FBDC04600400140FC1A002000C0014066
:10808000081F00207C4001407C500140002011501E
:108090000420115000001150FFFFFF7FBD7F001032
:1080A000064B10B51B6D1B079B0F04D0FFF78CFF11
:1080B0000020002110BDFA208000FAE700001150D6
:1080C0001FB500F02BF8012821D1FCF72DFD04008D
:1080D000FCF7B8FEFA220023920012184B41002B45
:1080E00002DA01220A4B5242012102910021019140
:1080F000084920000091FCF76DFD002807DA0322F3
:1081000005490B6D9B081342FBD0FFF75DFF1FBDB8
:10811000FFFFFF7FA1800010000011508023DB05CE
:108120001868000F7047000010B5034A034904485F
:1081300002F080FA10BDC046C00C002029BB001020
:10814000740C002041680B4B10B50400994201D01B
:1081500003F0EAFCA168084B994202D0200003F02A
:10816000E3FCE168054B994202D0200003F0DCFCFF
:1081700010BDC046B0120020201300209013002034
:108180008B6E10B5DB0702D48B899B0501D50020CF
:1081900010BD5831080006F0ACFCF8E78B6E10B546
:1081A000DB0702D48B899B0501D5002010BD583117
:1081B000080006F0A2FCF8E7F0B53B4C3B4B3C4A0C
:1081C000200083B000251A600423082200216030BB
:1081D000E36025606560A560A56625616561A561B0
:1081E000FDF7CCFF2000334F334E344B3449583029
:1081F000009363620191A1622462E762266306F044
:1082000073FCD823E5502F4B2000E3678023E55013
:108210000433E550082204330021D030E5502567AF
:108220006567A567FDF7AAFF220090232000703242
:10823000E250009A01990433E2500433E1500433D0
:10824000E750C8300433E65006F04EFCE02320002F
:10825000E5500433E5500433E5501B4A6033E550E4
:108260005C3BE2500433E55041300433E5500822D2
:1082700004330021FF30E550FDF780FF200080230C
:10828000E0305B00E0502000009A01990433E25096
:108290000433E15039300433E750FF300433E65003
:1082A00006F022FC03B0F0BDB0120020A81200209E
:1082B00029810010E5A6001011A7001079A6001072
:1082C000A5A600100900010012000200F0B5C64684
:1082D0002C4F804600B5380006F00BFC2A4B1B687B
:1082E000002B44D0294E7368013B26D4B46802E0C9
:1082F0007034013B21D30C22A55E002DF8D1200063
:10830000234B5830E360A56606F0EEFB380006F01C
:10831000F4FB2000082200212560A560656025612E
:108320006561A5616030FDF729FF6563A563A564FC
:10833000E564200080BCB846F0BD3568002D01D052
:108340002E00D0E7E8214046490006F0DAFB041E83
:1083500010D00423E0220560250043601030002186
:10836000A0605200FDF70AFF34602E00BBE7FFF764
:1083700023FFB7E73060380006F0BFFB0C2342460E
:108380001360D6E798120020A8120020C00C00202D
:108390000100FFFF70B50500094C200006F0A9FBA5
:1083A0002B6A002B05D1074B2B62074B1B68002B58
:1083B00003D0200006F0A1FB70BDFFF7FDFEF8E73B
:1083C0009812002045810010A812002010B5024824
:1083D00006F08FFB10BDC0469812002010B5024871
:1083E00006F08BFB10BDC0469812002010B5044863
:1083F00006F07FFB0020034A034902F01BF910BD81
:1084000098120020C00C00208181001010B5044A91
:108410000449002002F00EF9034806F06EFB10BD7F
:10842000C00C00209D810010981200200B0010B598
:10843000034902000868816803F028FF10BDC046A8
:10844000700C002010B513000A00816803F01EFFB5
:1084500010BDC046F0B5DE4657464E4645460C00B8
:1084600081468B4600200021E0B592469FB0002255
:108470000490059121001A9219910A780E002D2A74
:1084800003D8C24C90002058874600210791002154
:108490000891302A00D1ADE02F2A01D800F034FD38
:1084A000140030000021002500270BE00130AB0054
:1084B0005D19199004786D00AD18303D2200013728
:1084C0002F2C0FDD392C5ADC082FEFDD8B0001300B
:1084D0005B18199004785B00991830392200013735
:1084E0002F2CEFDC09910122A94903F05FFE00283F
:1084F00000D1FDE00023B846002100220C930A932E
:108500004346002B00D006E1089B0B4360D1002AB4
:1085100023D1692C00D191E301DD00F054FD492CF9
:1085200000D18BE34E2C18D19A4919A804F03EFBD8
:10853000002812D0199B1B78282B01D100F03DFE9A
:10854000954804F071FD04000D0043E000220792FD
:108550004E1C19964A78002A99D15346002B46D0D2
:108560005A46002400251A60200029001FB0F0BCE4
:10857000BB46B246A946A046F0BD01317CE7099151
:108580000122834903F012FE002846D1199B5A1C90
:1085900019925B7814001800002F00D0ACE0230083
:1085A0000021302807D11900013319931878302899
:1085B000F9D0091B01310300313B082B00D86EE2D2
:1085C00020239843089B452800D12AE30B43C4D0BD
:1085D000002400255246002A01D0199B1360079BF6
:1085E000002BC1D0802109066B181D00BCE70024B8
:1085F0000025B9E7727820318A43741C582A01D1CA
:1086000000F0E9FB2600199432780134302AF9D0C1
:10861000002ADDD0012308933EE700230021002239
:108620000A970C93202320009843452800D09AE312
:10863000089B3B430B4300D18FE7199BB8469B46F1
:108640000A9F5846431C199344782B2C00D1B6E35B
:108650002D2C00D08DE201230B935846831C1993D7
:1086600084782300303B092B00D962E31998302C21
:108670000ED1431C19931C7818000133302CF9D00B
:1086800000230A932300313B082B00D938E701333C
:10869000441C1994A44644780A932F2C01DC00F062
:1086A00098FC10972F000D00614694460A9A09E045
:1086B00093009B1801315B0019911A190C78303A1C
:1086C0002F2C01DD392CF3DD0A92081A62462900AD
:1086D0003D00109F082801DC00F07BFC2F4B0A9323
:1086E0000B9B002B00D10BE70A9B5B420A9307E729
:1086F000199B5A1C19925B7819003039092900D945
:1087000028E28C46002901D100F080FE01233900C7
:108710000A970C93C7E30A9B0C9A9B1A0B93002FA2
:1087200000D1474643461C00102B00DD10242800D2
:10873000FDF78EF84346092B3DDC049005910B9B19
:10874000002B00D112E20B9B002B00DC54E2162B15
:1087500001DC00F046FC424625239B1A0B9A93420B
:1087600041DB43460F240E4DE41AE1006918049AD8
:10877000059B03C9FDF701F80B9B1C1BE4002D1999
:108780000CCDFCF7FAFF04000D0023E7A0FD00105C
:108790000CFC00101CFC001038FD00101F4E0000E7
:1087A000F80201103C00102F00DD10240023B84611
:1087B0000C930A930B932200D44B093AD2009B18D6
:1087C0000CCBFCF7DAFF049005910998FDF740F80F
:1087D0000B00020004980599FCF7A8FF434604909B
:1087E00005910F2BABDD43460B9A1C1BA418099473
:1087F000002C00DCC0E10F222300944313400994B5
:1088000000D199E3C14ADB00D11803C9049A059B42
:10881000FCF7B3FF04900591002C00D08CE3434695
:108820003A0031004846009504F03EFF14900028BD
:1088300000D178E30B990027CB4300260C9A0A98C5
:10884000DB17101ACA1710401940B3463D001090AC
:108850001591E2E0AE48C91A521A834200DA6EE27C
:1088600001238B40119300231293099BB918B6186A
:10887000F6180A913B008F4200DD0B00B34200DD89
:108880003300002B04DD0A9AF61AD21A0A92FF1A54
:10889000109B002B00DDF8E10A9A002A00DD0EE2B1
:1088A0000B9B002B00DD3AE2002E00DD2AE2002FB8
:1088B00008DD59463A00484605F032F9834600285B
:1088C00000D128E248461A99089A05F0C5F9051E14
:1088D00000D120E2C36859460A930023C36005F023
:1088E00095F9002801DA00F07BFC059B984601D140
:1088F00000F0FDFB5946280005F068FB80230022AC
:10890000DB0506000F00FCF789FF002800D1ABE172
:108910000A9B002B00D01FE2049B002B00D0AAE290
:1089200043461B0300D04DE2002230003900794B52
:10893000FCF76EFF002800D0ADE30022764B30003C
:108940003900FCF71AFF0A0001001300129113927C
:10895000802212069B180E900F9343460E9E0F9F87
:108960006E4A13401A0011936D4B9A4200D100E2F7
:10897000099B002B27D0D423119ADB049A4222D8DA
:1089800012981399674A684BFCF748FF002815D0E6
:1089900012981399FCF79CFF002800D10130FCF7D6
:1089A00057FF0A9B12901391002B00D06EE3802298
:1089B00012068B1816901793169E179FD623119A9E
:1089C000DB04FB189F1A0C980D9905F015FA0200AC
:1089D0000B0030003900FCF7D0FE0C9A0D9BFCF721
:1089E000A5FE0E0004900591099B002B05D14B4B71
:1089F000119A33409A4200D10AE248461A9904F08B
:108A0000DFFD4846089904F0DBFD5946484604F06E
:108A1000D7FD2900484604F0D3FD149C4846616800
:108A200004F088FD031E089000D174E122690C3324
:108A300002320C34210018009200FDF7A5FB0499C6
:108A4000059A1CAB01931BAB0C910D920093484609
:108A500013000A0005F054FA011E1A9000D136E105
:108A60000121484604F0EEFE8346002800D152E181
:108A70001B9B002B00DA1EE1109A159E9F18099986
:108A80001C9A5B1A36219B188A1A2849013B8B4293
:108A900000DADFE60023129301331193E5E6302379
:108AA0005B429C46199A4B1C0C930023160001272D
:108AB00084440A93AB005B195B0063441D000021F2
:108AC0000A98531C19931C781A002300303B092B79
:108AD00000D9DEE19C464C1CA0466446531C002C89
:108AE00001D100F08DFC0C9B44469846A0444346BF
:108AF0000A900C93012C01D100F0B8FC04007B1CFF
:108B000028000A9298462500099A1AE0F8020110F6
:108B1000E3FBFFFF0000F03F0000E03F0000F07FBC
:108B20000000E07F0000C0FFFFFFDF4102FCFFFF0D
:108B30008400201840000133DC1B013CA14200DC12
:108B4000ABE15C1E082CF3DD102BF4DC9400A218C2
:108B50005200F0E720218B43452B68D02800FCF71A
:108B600077FE092F00DD1DE604900591049C059D0C
:108B700030E500230B9374E5099B002B00D14EE6F2
:108B80000F2211005B421C11194009941A420CD0AB
:108B9000CC4BC9005B180CCB04980599FCF7CFFDB2
:108BA00004900591002C00D139E6099B1F2B00DDB4
:108BB0007AE2099A1023110019408B46134201D022
:108BC0005A339B4604980599099C04972F00BE4D83
:108BD00001E0641008350123234204D164100835F4
:108BE00001232342F5D02A686B68FCF7C6FD6410A8
:108BF00000D160E20835F3E70B9B163300DAF2E5AB
:108C00000A990C9AAF4B521AD2009B180CCB0498BD
:108C10000599FCF794FD04000D00DBE401220792A6
:108C200096E4002200270A920C92013202E500230A
:108C30009346B846002101220C9302E5A34919A8E6
:108C400003F0B4FF002800D187E4199BA049013B41
:108C500019A8199303F0AAFF002802D1199B013328
:108C6000199300249B4DB5E49B4B00223000390042
:108C7000FCF783FD0A9B12901391002B67D1802291
:108C800012068B180E900F9367E659461A00484655
:108C900004F0CAFE1A998346002818D00A00010081
:108CA000484604F0E5FD1A99041E10D0484604F029
:108CB00087FC1A94F0E5159A109FD61ADFE61A99E8
:108CC000484604F02DFF011E1A9000D0E8E55E46EC
:108CD0002F0022234A4600247E4D1360484604F0AC
:108CE0006FFC4846089904F06BFC3100484604F0DC
:108CF00067FC4846149904F063FC3900484604F0C8
:108D00005FFC67E432004846089904F009FF0890C8
:108D1000002800D0CBE55E462F001A99D9E74846D7
:108D2000159A089904F080FE0890002800D0BBE551
:108D3000F1E75B46199300230A93FFF7E1FB6749CC
:108D4000CB1A012199400123129111938DE5129BB9
:108D5000139C0E930F9400E60023614C0E930F9426
:108D600012931394F9E50023B8460A9F0A93FFF77C
:108D7000C7FB43465B4A9B180593049E059F300042
:108D8000390005F039F80E9A0F9BFCF7F6FC32001B
:108D90003B00FCF7CBFC4F4B534A049005910B4032
:108DA000934200D8C3E0514B984502D10C9C01344A
:108DB000B1D001234D4C5B42049305941DE6002382
:108DC0000B934AE400234A4C0E930F940023444C27
:108DD00012931394C1E50293079B484601931AAB83
:108DE0000093444A1BAB19A901F03CF80F231F0064
:108DF00005000740034201D1FFF7EAFB062F00D030
:108E0000FCE000231994002500240793FFF7E2FB00
:108E100012981399FCF774FDFCF766FD02000B0035
:108E200012981399FCF779FC049A0A9B36031343B2
:108E3000360B0C900D91304A33430DD10C980D999F
:108E40002E4BFCF7E5FC002800D1D6E55E462F004E
:108E5000049C059D1A9941E7294BFCF7D9FC002891
:108E6000F4D10C980D99274A1B4BFCF7DFFC002826
:108E700000D1C2E5EAE7012BA4D14346002BA1D1E2
:108E80005E462F0022234A46002400251A991360CB
:108E900024E701220A90FFF7C5FB09920A9A0A9576
:108EA0000500013941444F1C082900DC02E600217D
:108EB000102F00DD04E6099883001B185B00634453
:108EC0000993FDE5F802011098FE001010FC001057
:108ED00014FC00100000F07F0000E03FE2FBFFFF09
:108EE0000000F03F0000B0FCFFFF9F7CFFFFEF7F22
:108EF0000000F0BF70FE00109535A094FFFFCF3F3B
:108F0000FFFFDF3F35E5AF3501223000CE4903F0EA
:108F10004DF9002800D1AFE0089B002B01D1FFF7ED
:108F20001CFBFFF755FB22234A46136099E6D42326
:108F30009B04CE18059657E59A23099A5B009A423E
:108F4000F1DC099B1C11012C00D1BCE104980599AE
:108F5000BE4B049508979B4637001D000026012351
:108F6000234203D02A686B68FCF707FC01366410C3
:108F70000835012CF3D1049D0490059134003E0086
:108F8000089F059BB24AE1009B1805935944049A37
:108F9000059B03C9FCF7F1FBAE4BAF4A049005916A
:108FA0000B409342BFD8D420AC4A800409180591E5
:108FB000934204D90123AA4C5B42049305940023F5
:108FC0000993FFF72CFC6E2C01D1FFF7ADFAFFF7E8
:108FD000C4FA0A98A34B984201DCFFF781FBFFF724
:108FE0007EFB0B9AA04BD100591803C9049A059B2C
:108FF000FCF7C3FB04000D00FFF7ECFA1A9A002AF5
:1090000007D035211CA805F029F848461A9904F024
:10901000D7FA052F0ED8954BBF00DB599F461C9AF7
:10902000934904921D9A1B9B0A4092495B181B05A9
:109030001A430592ED0511D4059B864A134200D0D0
:1090400094E503F0B5FA222303608FE501238A4CEF
:109050005B4204930594ED0500D487E58023059ACF
:109060001B0613430593E8E77A4B0593F3E71C9B34
:109070001D9C04930594DDE7199C00252300013411
:109080001994587800230993FFF789FA129B139CCF
:109090001693179490E40023784C0E930F940023BA
:1090A000774C1293139458E422234A460024002557
:1090B0001360FFF78FFA5B463D00049F0490059113
:1090C000002B6FD06B234A00520D0C009B1A002B13
:1090D00068DD1F2B5FDD00210491342B00DC86E16D
:1090E000DC239B0405936A230993FFF798FB424610
:1090F0000A9912032F000C9C0D9D5E46129B120BC9
:10910000002900D1C8E05F498A4200D112E1002B5A
:1091100000D129E142461A4238D02000290004F04B
:109120006BFE099B04900591002B00D14DE1434655
:109130005A006B23520D9B1A002B00DC63E11B05C8
:109140009C465149002261440B0004980599FCF7A4
:1091500014FB02000B0020002900FCF7E7FA0400D2
:109160000D0020002900494B0022FCF706FB394B7B
:1091700004000D000B4200D06CE622234A461A99E7
:109180001360ABE542461A4200D0A8E0099B002BD1
:10919000E7D11A99A2E5012252429A400240049274
:1091A0000498059900220023FCF72AFB002800D030
:1091B0007AE75B460993FFF732FB35491CAA19A8E9
:1091C00003F00CFD052801D0FFF7BAF91D9B214AD9
:1091D0001A431C9B05920493049C059DFFF7FAF922
:1091E0000A9B2F000499059A0C9C0D9D5E460B432B
:1091F000CCD190461303C9D1164B1A40D6239346BF
:10920000DB049A42C2D97B69002B02D13B69012B56
:10921000BCDD39000122484604F082FC3100070021
:1092200004F0F4FC0028B1DD099B002B00D1B2E072
:109230005B46184A9B18134A1A4301235B42059266
:109240000493049C059D8CE70CFC0010D0020110D7
:109250000000B0FC0000F07F0000A07C0000907CCB
:10926000FFFFEF7F1F4E0000F802011058FE0010B4
:10927000FFFFEFFF33040000FFFFFF7F0000E0BFB0
:109280000000E03FFFFF0F000000F03F00005039FA
:1092900084FE00100000F0FF002A18D1049A002A72
:1092A00000D09CE0099B8B4275D04246734B1A401C
:1092B000D6239346DB049A42BAD8DC239B049A4215
:1092C00000D94EE7DEE56E4B00249B4659E6002BA5
:1092D00000D057E7119B049A134200D156E72000B3
:1092E000290004F089FD099B04900591002B41D0D1
:1092F00043465A006B23520D9B1A002B00DC8AE078
:109300001B059C465F49002261440B0004980599A7
:10931000FCF733FA02000B0020002900FCF7FDF9EE
:109320000022002304000D00FCF76AFA002800D197
:1093300017E7A7E50999049A81423CD040464F4976
:109340000840D4218446C904884267D86B21000DA7
:10935000081A6C3981408A4277D0002B70D042467F
:109360001A4200D1FDE6D8E6119B049A134200D1BF
:109370000CE7D2E6049A059B20002900FCF7CDF902
:109380000022002304000D00FCF73AFA002800D068
:1093900078E51A99A2E44246384B1A991A4013000C
:1093A000394A9B18394A1A4301235B4205920493B8
:1093B000049C059D92E4511C32D0002B58D04246AB
:1093C0001A4200D0A9E61A9988E42000049A059B65
:1093D0002900FCF7ABF90D0004001A997EE4002B7C
:1093E00000D0CFE6119B134200D1CFE677E74B23A5
:1093F0009A1A4C3B93401C40059404980599D1E679
:109400004146FFF75FFB049A059BA4E60C910A977F
:109410000131FFF755FB049A059B7DE7511C9CD158
:1094200042461B4B9A421AD0144B1A40130080221A
:1094300052039B18059300230493049C059DA5E605
:10944000119B134200D18CE667E6802263465203EB
:109450009B18059300230493049C059D81E6222319
:109460004A4600241A99054D136037E439001AE57D
:10947000119B134200D050E61A992FE40000F07FB0
:10948000D00201100000F03F0000F0FFFFFF0F00CE
:10949000FFFFEF7F10B5024BFEF7DCFF10BDC046AB
:1094A000CC0C0020844610B51300034A10680A0053
:1094B0006146FEF7CFFF10BD700C0020844610B54A
:1094C0000A000349034B08686146FEF7C3FF10BD5D
:1094D000700C0020CC0C0020F8B5CE4604004746A6
:1094E0001300274A80B5106891460A002100FEF754
:1094F000B1FF02000B0004000D00FCF79CF90028EE
:109500002FD129002000FCF727FA47007F0880466A
:109510001C49381CFCF7C0FD00281DD11949381C16
:10952000FCF7B2FD002817D101226B005F08200074
:109530003900154B5242FCF77EF9002808D1012270
:1095400020003900104B5242FCF768F9002803D084
:109550004B4622221B681A604046C0BCB946B04642
:10956000F8BD0A48002D06DA03F064FD80221206D9
:1095700083189846F0E703F05DFD8046ECE7C046AF
:10958000700C0020FFFF7F7FFFFFEF7F38FD001092
:10959000F0B5C64600B52C4E0A002C4B010082B037
:1095A0003068FEF757FF02000B0004000D00FCF7C7
:1095B00042F9002839D129002000FCF7CDF94700F5
:1095C0007F0880462249381CFCF766FD002823D11D
:1095D0001F49381CFCF758FD00281DD101226B00E3
:1095E0005B08019300941B4B524200980199FCF7D1
:1095F00022F9002808D1009801990122154B524206
:10960000FCF70CF9002807D0222233681A60404684
:1096100002B080BCB846F0BDFF234246DB051342D2
:10962000F5D10D4B2B42F2D0EEE70C48002D06DAB7
:1096300003F000FD8022120683189846E7E703F046
:10964000F9FC8046E3E7C046700C0020CC0C0020FB
:10965000FFFF7F7FFFFFEF7F0000F07F38FD0010EE
:10966000F0B5C64600B51D001400002388B0002DDB
:1096700004DA802109066B181D002D23109A13703F
:109680002022129B93439846462B5AD0452B3AD022
:1096900007AB049306AB0393119B220002930E9B2E
:1096A0000193022300932B0001F0F0F8129B0600B7
:1096B000672B21D10F9BDB0715D50E9BF7180023D5
:1096C000002220002900FCF79BF83B0000280BD16A
:1096D000079B30219F4207D95A1C07921970079B9C
:1096E000BB42F9D300E0079B3000139A9B1B136029
:1096F00008B080BCB846F0BD129B472BDDD10F9B54
:10970000DB07DAD4EFE70E9B01330E93022307AA9F
:10971000049206AA0392119A009302920E9A2B00C9
:109720000192220001F0B2F80E9B0600C7184346D2
:10973000462BC4D13378302B05D0119B1B68FF1802
:10974000BDE70323E3E70022002320002900FCF704
:1097500057F8002803D0119B1B68FB18C4E70123AE
:109760000E9A9B1A119AFF181360A8E7F0B54F469E
:10977000D6464646C0B50C0082B007002B230270C7
:10978000002901DA4C4202337B70092C31DDBB1C0D
:109790009A4698466B46DE1D20000A21FBF75AFDCB
:1097A00035003031013E200031700A21FBF752FDB7
:1097B00023000400632BEFDC6A46AB1E3034073213
:1097C0001C7093420DD252461978013311706946CC
:1097D000073101329942F7D109266E445644731B72
:1097E00098464346D81B02B0E0BCBA46B146A846EC
:1097F000F0BD30233034BB703B1D9846FC70F0E761
:10980000F0B5DE4657464E464546E0B591B088462F
:1098100092461A9C9B46814600F06EFE0368180033
:109820000A9302F093FC00230E9343460B901B7E99
:109830000722089343461968236809910733934325
:109840001A0008322260C0CB434601229E64DF64C6
:109850007B005D0830002900C84B5242FBF7EBFF4C
:10986000002808D1012230002900C44B5242FBF7E6
:10987000D5FF00287CD032003B0030003900FBF7D8
:10988000DAFF002800D05EE2434659682023089D95
:10989000099A9D438023DB0013434A1C35D0472D92
:1098A00000D1B9E0424613600022232406920EAA9A
:1098B0000592089A019304920DAA039204AAA4188F
:1098C0003B003200484602940091FFF7C9FE0700B2
:1098D000089B0D99652B3AD9089B662B00D167E14F
:1098E0000E9B8B4200DDC1E0434601221B68134002
:1098F0005B1842460025136191652378002B51D0F7
:1099000043232D224146CA544CE04246073113609E
:1099100051600022232406920EAA0592089A019310
:1099200004920DAA039204AAA4183B0032004846F0
:1099300002940091FFF794FE0700472DC8D10D99BE
:10994000CB1C00DB88E0089B023BDBB2089340465F
:10995000089A013950300D91FFF708FF0E9A050063
:109960001318012A00DC86E0013342461361C4E784
:109970000022002330003900FBF74AFF002803D003
:1099800043232D224146CA54089B472B6CD97C4F58
:10999000032342461361099A01339A431300424656
:1099A000002513605B4641460093484653460FAA84
:1099B00003F058FB431C28D043461B685A0568D463
:1099C00043461B693A0051464846D847431C1CD0C1
:1099D00043461A6841460F9BC868920755D598427E
:1099E00053DD454600244E465746193506E04346AA
:1099F000D8680F9B0134C21AA24246DD01232A0017
:109A000039003000D847431CF1D111B0F0BCBB463F
:109A1000B246A946A046F0BD002903D14146012225
:109A20004A600121424613600022232406920EAAB6
:109A30000592089A019304920DAA039204AAA4180D
:109A40003B000091320048460294FFF709FE0D9951
:109A50000700CB1C00DA76E743465B68994200DDDD
:109A600071E7672308933BE7464F91E701220029FE
:109A700007DD9B183DE742461268D20700D573E721
:109A800073E70132521A9B1833E79842BDDA180087
:109A9000BBE7089A652A37D941460022886CC96C11
:109AA0000023FBF7ADFE002800D18AE001235146D8
:109AB0004846354AD847431CA7D00E9C0D9BA3426D
:109AC00004DB43461A68D30700D483E70B9B514657
:109AD00048460A9AD847431C97D0012C00DC77E708
:109AE0004646013C4F460025A1461A36544603E03F
:109AF00001354D4500D1EFE001233200210038004F
:109B0000D847431CF4D180E70E9A0892012A00DC62
:109B10008CE001233A0051464846D847431C00D107
:109B200073E70B9B514648460A9AD847431C00D11D
:109B30006BE74146089B0022886CC96C5E1E0023BF
:109B4000FBF75EFE002821D04746089B00241A3709
:109B5000012B23DD4B465246B146AA461E00150096
:109B600003E001344C4500D1B1E001233A00290063
:109B70003000D847431CF4D147E7C046FFFFEF7FD2
:109B800024FC001020FC001030FC00103300514673
:109B900048467A1CD847431C00D136E742462B0082
:109BA000514648465032D847431C00D010E72CE7B6
:109BB00043465A68002944DD002A73D00132531805
:109BC00097E60D9B002B40DD42460E9B956D1C00D9
:109BD0000893AB426CDC002C09DD23003A005146AF
:109BE0004846D847431C00D10FE743469D6DE643E6
:109BF000F6172640B54279DD1A23434452461D002C
:109C00004B46BA46B146002417001E0006E0434604
:109C10004A469B6D01349A1AA24262DD01232A0052
:109C200039003000D847431CF1D1EEE6DB0700D500
:109C30006FE701233A0051464846D847431CADD14F
:109C4000E3E6002A36D0931C53E6012351464846EA
:109C5000574AD847431C00D1D7E60D9B0E9A1343B1
:109C60002FD00B9B514648460A9AD847431C00D137
:109C7000CBE60D9B002B00DB90E045464E460024D2
:109C8000B9461A35574605E00D9B01345B42A342A5
:109C900000DC80E001232A0039003000D847431C53
:109CA000F2D1B2E618680B00C00700D421E685E7C0
:109CB0002C0090E718680123C00700D419E6931C14
:109CC00017E643461A68D30700D483E6C9E72B009A
:109CD000B14655469A4661E74346B946A2461A68D8
:109CE00078E61D003B00B14657469A460D9B089901
:109CF000994233DC42461268D2072FD4CB1A4C1B50
:109D00009C4200DD1C00E5434646ED1725401A360F
:109D10000024AB4200DC5BE6089B4F469946534665
:109D2000AA461D0007E04A460D9B0134D31A52464D
:109D30009B1AA34236DD0123320029003800D847A0
:109D4000431CF0D161E6002F03DA43232D22414664
:109D5000CA54089B472B23D8164F19E60B9B514634
:109D600048460A9AD847431C00D14EE6089A0D9BF4
:109D7000541BD31A9C4200DD1C00002CC3DD2300C1
:109D8000514648467A19D847431C00D13DE60D9B01
:109D9000089AD31AB7E7BA464F46B1460E9B11E66A
:109DA000054FF5E54346B946AA461A6812E6C0468D
:109DB00030FC001028FC00102CFC0010F0B5CE4642
:109DC000474603698446994680B54D11AB4209DC8C
:109DD000002362461361002362465361C0BCB9464A
:109DE000B046F0BD1F260400370014349800AB00C5
:109DF0002018E3180F400E421AD040CBFE40984284
:109E000028D92022A046D11B1A688A4032434646F0
:109E100004C6B04640CBFE409842F5D84B46591B8D
:109E20008900611804390E60002E0CD004310AE05C
:109E300022009842CCD940CB40C29842FBD84B4636
:109E4000591B8900611862460B1B9B101361A142CC
:109E5000C4D1C0E763465E61002EB9D001236246DB
:109E60001361BBE7F0B557464E46DE464546E0B5C2
:109E70008946096892468A7887B003900593302A0C
:109E800000D02FE2CB1C1D0001335A1E1278302A5D
:109E9000F9D0691A8B1E0193C14FBB5C002B00D116
:109EA000FAE0002200242B789046BE4AFB5C029226
:109EB000002B00D167E12E0073780136FB5C002B8C
:109EC000FAD101223000029902F070F9834600288D
:109ED00052D0002233789346002C02D0A41BA2005B
:109EE0009346202234009343502B51D04B461E60A2
:109EF0004346002B7BD1631B013B0021072B03DD75
:109F000001315B10072BFBDC039803F013FB01907E
:109F1000002800D192E2019B14330493A54200D3A0
:109F2000F5E19846002399463B0000264746A8469F
:109F30004D4699460CE0202E19D032000436494691
:109F40002378CB5C0F210B4093401D4344455CD0EC
:109F5000013C23782E2BEED14445ECD30122200086
:109F6000029902F023F90028F0D0202EE5D120C775
:109F7000002204260025E2E7002C00D1A5E12022E2
:109F8000A41BA3009B46337834009343502BADD1E0
:109F900063782B2B00D17FE12D2B00D0E8E001224C
:109FA000A378A11CFB5C2600581E18289ED84E1CC6
:109FB0004978103B795C180000290AD10CE0830035
:109FC0001B185B000136581833781038F95C0029EB
:109FD00001D01929F3DD0300002A00D05B42DC46E2
:109FE0009C444B461E604346E346002B83D0019BB6
:109FF00006245A4253415B421C40200007B0F0BC8B
:10A00000BB46B246A946A046F0BDA946B84646465C
:10A010004B4608C6049B019AF61AB31013614846D2
:10A0200003F098FB53461D68F600301AA84251DC35
:10A0300000DA33E15A469B689A4200DD23E1534639
:10A040005B689A4200DB96E09C1A671EAC426FDAAE
:10A050000026002F00D075E11F21012339408B40DD
:10A060007A11049992008A58019821002D1B1A42F6
:10A0700000D151E1FFF7A2FE53465B689B46534671
:10A08000DC68022C00D19BE0032C00D16AE1012C9A
:10A0900000D195E112246FE0424B01221900280003
:10A0A000029302F083F8804600286ED16B786C1C16
:10A0B000FA5C002A6BD02500302B00D084E16B784D
:10A0C0000135302BFBD0FB5C5A425A4190460122AD
:10A0D0000192EDE6019F441B2100380003F0E0FFF0
:10A0E000061E0FD01F210123601E01408B4042112C
:10A0F000049992008A5801261A4203D00136012899
:10A1000000DD25E121000198FFF758FE5346DC46AB
:10A110009B68A444E346634500DAB4E053465B68B9
:10A120006246634500DCE1E09C1AA54200DDFAE0EE
:10A130005246D268022A37D0032A00D119E1012AF7
:10A1400035D1A54233D1012D07D00198691E03F006
:10A15000A7FF00282BD053465B68059A049913602B
:10A160000123019A622413610B60109B1A6044E77B
:10A170000022611C16E70124109B019A1A605A46BE
:10A18000059B1A6039E72E009BE62C002B782022D5
:10A190009343502B00D1E7E04B461C6027E7C046B5
:10A1A000C0FE00100CFC0010119A002AD5D00199B5
:10A1B000039803F005FA0023109A502413601CE75B
:10A1C0000123119A9B1A1193119B002B00D19BE044
:10A1D000019B049E1F690021BB00F0189946BC46F4
:10A1E0003300070003E002C39F4200D8C6E01A68AC
:10A1F000501CF8D001321A60022C00D1CDE01F2390
:10A200001C002C402B4200D1AAE04B46F318043B23
:10A21000186803F09FFA20231B1B984200DB9FE085
:10A22000019B1969002900DCFAE0019A8900536951
:10A230007118183210005B08914200D8F7E0340022
:10A240001A000368DB07134308C404C8520881429C
:10A25000F7D81300019A8A1A193A92089200311D10
:10A2600052181360002B00D004320199931B9B10ED
:10A270000B61B24200D1D6E053465A469B68013288
:10A28000934693426CDA0199039803F099F90023FD
:10A29000109AA3241360B0E6002281E62C1A220053
:10A2A0000199039803F03CFC5B461A1B53469B68DC
:10A2B000934601909A42E6DC53465B689A4200DB83
:10A2C00059E7010014310491BEE67378741CFA5CFE
:10A2D0002600002A00D104E673780136FA5C002AD1
:10A2E000FAD1FBE500238D1C0193D5E50124002E56
:10A2F00000D141E75346DB68022B00D160E7032B16
:10A3000000D161E7012B14D010231C4334E7049BD8
:10A310009846002399467AE6FFF750FD53465B685E
:10A3200002249B46E3E7671E002E00D190E601263B
:10A3300092E6B307E8D5049B1B681E43F60700D5D9
:10A3400046E7E1E73900019803F0AAFE060083E63C
:10A350003800A11E03F0A4FE431E9841861CD1E6DE
:10A36000212409E702242FE700239B460133984666
:10A370000EE6119A002A00D119E7EEE66746019B26
:10A380009B689F4223DA019A791CBB001161D318A4
:10A3900001225A61022C00D044E753461B68222454
:10A3A000013BAB4200D0E7E61F21012329408B404F
:10A3B0006A11920094591C4063425C412134DBE6EF
:10A3C000022302241E43B6E70123019373E5019B98
:10A3D00003985968013103F0ADF88046002833D066
:10A3E000019E0C30310032690C3102329200FBF7D1
:10A3F000CBFE3100039803F0E3F8434642461B6965
:10A400004646591C116101229B0043445A61434650
:10A4100014360193022CC0D08F4200DBEFE601E737
:10A420000023019A13610023019A536124E73360EA
:10A43000002BF5D00123019A13611DE70022E421CE
:10A44000044B054803F050F800228421014B0248D8
:10A4500003F04AF834FC001048FC001030B504004A
:10A4600089B008000D0001F071FE04AB1B4A019396
:10A470000223069201220293236A0590013004957B
:10A480000792A5680390002B23D0AB6EDB0702D4A4
:10A49000AB899B0518D52000290001AA01F086FC94
:10A4A000434258410B244042AB6E0440013CDB0761
:10A4B00002D4AB899B0502D5200009B030BD28002D
:10A4C000583004F01AFBF7E72800583004F011FB6D
:10A4D000E1E72000FDF75EFFD7E7C04680FC0010F3
:10A4E00010B5034B01001868FFF7B8FF10BDC04658
:10A4F000700C0020F030704700487047BC0D002001
:10A5000000487047BC0D002010B5034B0A00010045
:10A51000186804F004FB10BD700C0020F0B5C646AE
:10A520000D00160000B5884213D98C18844210D94A
:10A5300083189C46032A5BD8731E002E06D0D9438D
:10A5400064186144E25CCA54013BFBD280BCB8464B
:10A55000F0BD032E0BD80400711E002EF6D0002390
:10A560000131EA5CE25401339942FAD1EEE703216A
:10A570002A000C00024314400300A446114234D1C7
:10A58000320004000F2E1CD93109013909012A00BB
:10A590000F004418103411681960516859609168AF
:10A5A0009960D1681032D9601033A342F3D10F22E1
:10A5B0001C000C23103532403340ED191600002BDF
:10A5C000CAD063466146EB58635004239C446346FB
:10A5D000D31A032BF5D8032616409208013A9200AD
:10A5E00004350434AD18A418B6E70400711EB6E7AC
:10A5F00023439B0701D0531EA1E71300043D011F15
:10A60000EA58CA50043B032BFAD80322B308164079
:10A610006246013B9B00E41AD31A043B9C46043C6F
:10A620008AE7C046062010B502F05EFC012004F067
:10A63000FEFAC046F8B54746CE46884680B5814604
:10A64000170000267D68013D0ED4BC68A389012B4C
:10A6500007D90E22A35E013303D021004846C0472C
:10A6600006437034013DF1D23F68002FEAD130003B
:10A67000C0BCB946B046F8BD70B50C000E25495FA8
:10A6800001F03EFA002803DB636D1B18636570BDA3
:10A69000A389024A1340A381F9E7C046FFEFFFFFF9
:10A6A00000207047F8B516001F000C228B5E0500D5
:10A6B0000C00DA050AD40A4A28001340A3813200AC
:10A6C0000E23E15E3B0002F0B9FCF8BD00220E2330
:10A6D000C95E022301F026FD0C22A35EEBE7C04613
:10A6E000FFEFFFFF70B50C000E25495F01F01AFD6A
:10A6F0000C22A35E421C05D08022520113436065E8
:10A70000A38170BD014A1340FAE7C046FFEFFFFF87
:10A7100010B50E23C95E01F0DFFC10BD10B5034B70
:10A720000A000100186804F00AFA10BD700C00203D
:10A73000F0B5DE46454657464E46E0B503690D691D
:10A7400087B00A00039183460100AB4200DA9AE029
:10A75000013D1432AB00D6181431CB18376804937E
:10A760001B68013701911800390098460292FAF7E8
:10A7700099FD0400B84546D300270199029A059532
:10A78000B2463D00914608004B4604CB994613045F
:10A790001B0C63439C46BC446346120C62431B0C77
:10A7A000D2180368170C1E04360CB04666463604F1
:10A7B000360C31004646761AB4461204AC44120CEC
:10A7C0001B0C9B1A624612149B18624612041D143D
:10A7D000120C1B04134308C0CA45D5D2049A56462E
:10A7E0001368059D002B0ED1131F019A934208D9BF
:10A7F000019903E0043B013D8B4202D91A68002A0B
:10A80000F8D05B461D615846039903F0FFF9002814
:10A8100031DB002301341F00AC46A046019A0299A7
:10A8200010C9136825041804000C2D0C401BC01916
:10A830001B0C270CDB1B0714DB1900041F14000C76
:10A840001B04034308C28E42EAD265460199AB005D
:10A85000CB181A684446002A0DD1043B8B4208D914
:10A86000019903E0043B013D8B4202D91A68002A9A
:10A87000F8D05B461D61200007B0F0BCBB46B24675
:10A88000A946A046F0BD0020F6E7C046F0B5454613
:10A890004E46DE4657461400E0B51D00C6699FB01F
:10A8A000804604940595002E00D1EFE1316800291F
:10A8B0000AD00123726893404A608B6002F080FEE8
:10A8C00043460022DB691A602E000023002D03DAC4
:10A8D0006E007608059601332B9A13603200D74B31
:10A8E0001A409A4200D1B4E0049A059B1000190066
:10A8F0000022002308900991FAF782FF002812D065
:10A9000001232A9A13602C9B002B02D0CC4B2C9A4B
:10A910001360CC4B039303981FB0F0BCBB46B24608
:10A92000A946A046F0BD1CAB01931DAB0093404669
:10A93000089A099B03F0E4FA1C9F8146320D00D06F
:10A9400099E01D9BF918C04B8A465B18202B00DC50
:10A9500091E24022D31A9E40BC4A30008B18DC4062
:10A960002043FAF775FF56460122B94B013ECB183A
:10A97000069219000022B74BFAF7CFFEB64AB74B42
:10A98000FAF7FBFEB64AB74BFAF7D0FE04003000E8
:10A990000D00FAF761FFB44AB44BFAF7EEFE02007D
:10A9A0000B0020002900FAF7C1FE04000D00FAF7A1
:10A9B0006BFFBF1B824607907E1E002200232000F3
:10A9C0002900B346FAF724FF002800D06CE1079A6B
:10A9D000162A00D987E108980999A54BD2009B183F
:10A9E0000CCBFAF715FF002800D14BE2079B013B87
:10A9F000079300230D9300230A935B46002B04DA90
:10AA00000123DB1B0A9300239B46079B002B00DAE4
:10AA100060E159460B93C91800238B460C934346BB
:10AA2000DE69289B092B00D9A3E0052B35DD043B0B
:10AA300000242893042B01D100F0F3FD052B35D021
:10AA4000022B01D100F0CDFD0323289300231093A6
:10AA50002EE0884B2A9A3603360B1360264315D115
:10AA60002C9B002B01D101F035F8834B0393083365
:10AA70002C9A13604FE78149814B3603360B3343E1
:10AA80005618002208980999069272E72C9B002B11
:10AA900000D009E27B4B03933DE7289B042B01D1B7
:10AAA00000F0BEFD052B00D013E301240123109319
:10AAB000299B079A9B18149301331D1E069301DCF2
:10AAC00000F0DBFF01220423172D01DC00F0D5FF8D
:10AAD0005B001800143011000132A842F8D97160EF
:10AAE000404602F027FD0390002801D100F0EBFF63
:10AAF0004346039ADB691A60069B0E2B00D93EE1A0
:10AB0000002C00D13BE10798002801DC00F08CFD0F
:10AB10000F210200564B0A40D2009B18061130CB81
:10AB2000C30500D521E3089A099B0E920F930223D7
:10AB30009A46002E00D1D9E0534F01E07610083735
:10AB40000123334204D17610083701233342F5D074
:10AB500053460133200029009A463A687B68FAF789
:10AB60000CFE761004000D00002E00D1BEE0083768
:10AB7000EBE700232893002300214046736002F096
:10AB8000D9FC0390002801D100F09DFF4346039AB1
:10AB9000DB691A601D9B002B03DB079A0E2A00DC81
:10ABA0002DE2069A002A00D0FFE236231C9A0C9F61
:10ABB0009B1A00222992013A06921492DC460A9EC0
:10ABC0009C4401214046E346F51802F03BFE040098
:10ABD000002E01D000F0F1FC0C9B002B09D0002FBF
:10ABE00001D000F002FE494640460C9A02F01CFFDC
:10ABF00081460B9E0121404602F024FE0B9B0890EB
:10AC0000002B01D000F0EDFD289B012B01DD00F0B1
:10AC1000E6FB049B002B00D0E1E3059B1B0300D067
:10AC2000DDE3064B059A134200D1D8E35B460133BE
:10AC30009B460123012601350B9358E10000F07F6C
:10AC400031FC001030FC001032040000120400003F
:10AC5000000010FE0000F83F61436F63A787D23FFA
:10AC6000B3C8608B288AC63FFB799F501344D33FFB
:10AC7000F80201100F27000084FC001001FCFFFF08
:10AC80000000F03F90FC0010D0020110102001F0F5
:10AC900035FA4346D861002801D100F0F8FE46603D
:10ACA00086600660C6600FE65046FAF7D5FD2200C2
:10ACB0002B00FAF7A5FD002800D1F1E05346162B32
:10ACC00000D810E20123002F01DC00F055FE0D93A7
:10ACD00000230A930A9A079BD21A5B420C93002323
:10ACE0000A920B939BE601230D9384E622000E98B3
:10ACF0000F992B00FAF723FD06000F000D9B002B88
:10AD000008D0002230003900D24BFAF781FD00282C
:10AD100000D077E35046FAF79FFD32003B00FAF788
:10AD20002CFD0022CC4BFAF701FDCC4A1290139176
:10AD30008B181393079B1593069B0E93002B00D043
:10AD400085E3002230003900C54BFAF7E6FC129E7D
:10AD5000139F32003B0004000D00FAF767FD002846
:10AD600038D1802000063B18320020002900FAF775
:10AD70004FFD002801D000F097FC002306931D9B97
:10AD8000002B43DB079A0E2A40DCB64BD2009B18FF
:10AD900018CB04930594299B002B01DB00F03FFDA9
:10ADA000069B002B01DD00F03AFD069B002B01D035
:10ADB00000F07AFC049805990022A94BFAF7DDFC13
:10ADC00002000B0008980999FAF728FD002801D025
:10ADD00000F06AFC039A0021531C9A463123404636
:10ADE000137002F0EDFB079B02330A93494640467D
:10ADF00002F0E6FB002352460A9913702A9B196061
:10AE00002C9B002B00D186E51A6084E5109B002B5B
:10AE100001D000F060FC0A9B002B49D10C9B002B59
:10AE200000D193E10A9D49460C9A404602F0FCFD90
:10AE300001218146404602F005FD0B9B0890002B46
:10AE400051D0002300240B9E0A950B9332004046FC
:10AE5000089902F0E9FD289B0890012B00DC62E1D3
:10AE60000026089A13699B00D318186902F072FC37
:10AE700020231B1A3BE020222000D31A984070E5C3
:10AE8000002307935B46002B01DA00F002FC079ACF
:10AE90009B189B4600230B920D930C930A93BEE5DF
:10AEA000079B013B079392E56F4B03930333DFE569
:10AEB0005B46002B00D165E10A990B00594500DD86
:10AEC0005B460A9AD51A5A46D31A9B460C9B002B0E
:10AED000A9D10121404602F0B5FC0B9B0890002B44
:10AEE00001D000F07CFD002600240A9501331F22CA
:10AEF00011005B4419401A4200D15FE11B2900DDBB
:10AF000070E21C235B1A0A9AED1894469C44624630
:10AF1000DC469C44E3460A92002D05DD49462A00A2
:10AF2000404602F0FDFD81465B46002B05DD1A0020
:10AF30004046089902F0F4FD08900D9B002B00D0CC
:10AF40002FE2069B002B00DC06E20B9B002B00D0BF
:10AF500045E1079B01330A93039B4D465F1E089B07
:10AF6000A24601263C009946069F07E029000023DF
:10AF70000A22404602F04AFB0500013649462800F5
:10AF8000FFF7D6FB3030A055BE42EFDBA9460600E6
:10AF90005446069B0025002B00DD5D1E0027039B09
:10AFA0000133ED1849460122404602F0B9FD0899E7
:10AFB000814602F02BFE002800DCA8E0039902E0A5
:10AFC0008D4200D1E1E22A00013D2B78392BF7D0E8
:10AFD000924601332B704046089902F0F1FA002C9A
:10AFE00000D103E7002F05D0A74203D03900404627
:10AFF00002F0E6FA2100404602F0E2FAF6E6194BCA
:10B00000D2009B1860CB089809992A003300049558
:10B010000596FAF794FBFAF737FC0400FAF71CFCE4
:10B020002A003300FAF7A9FB02000B0008980999DF
:10B03000FAF773FB039B30345A1C1C7001239246B1
:10B040005B420693039B0127013B9B464B46D1463F
:10B0500008932BE00000F03F00001C400000C0FC03
:10B0600000001440F802011090FC0010049A059BA7
:10B0700020002900FAF763FBFAF706FC0600FAF74E
:10B08000EBFB049A059BFAF778FB02000B0020000B
:10B090002900FAF742FB0123994433005A46303322
:10B0A0000137D355069BBB4200D175E30022D04B3C
:10B0B000FAF763FB0022002304000D00FAF7A0FB5F
:10B0C0000028D3D0089BCA469946079B01330A93B0
:10B0D0008CE6022B00D183E2032B00D04BE500234A
:10B0E00001241093E4E4C34B089809990CCBFAF7B8
:10B0F0008FFB002800D1C3E6002E01DA00F076FCB9
:10B1000000230D93013B079300230A93E2E50028F7
:10B1100002D1F60700D551E72A00013D2B78302BEC
:10B12000FAD0924657E7049B002B00D098E6059B87
:10B130001B0300D094E6B04B059A134200D18FE672
:10B140005B4601339B46012601358AE601214046D4
:10B1500002F078FB0B9B0890002B01D000F038FC2C
:10B160000026002500240133C1E6A44B0E401A6AD4
:10B170005B6A08980999FAF7E2FA03230E900F9197
:10B180009A46D6E40C9B002B00D04BE601214046AA
:10B1900002F058FB0B9B0890002B01D000F053FCF1
:10B1A000002600240A9D0133A1E6954A0C9F9B18B6
:10B1B00000222992013A06921492FFE41C23A2E68F
:10B1C000002321000A22404602F020FA149B0400CA
:10B1D000002B01DC00F03EFC149B079506930A9BB4
:10B1E000002B05DD21001A00404602F099FC040006
:10B1F000A346002E00D0AAE2069A039B94461F00A5
:10B20000013B9C4463460A93012346464D46B8469B
:10B21000049A1A400C92089B280019009946FFF7DF
:10B2200087FA210007000B90280002F0EFFC494646
:10B2300006905A46300002F00FFDC3688146303751
:10B24000002B36D10100280002F0E0FC824649467E
:10B25000300002F0B5F95346289A13435DD10C9B98
:10B26000002B00D190E3069B002B00DA98E301232A
:10B270004344994643461F700A9B434500D157E318
:10B28000290000230A22300002F0C0F90023050043
:10B290000A22210030005C4539D002F0B7F9594646
:10B2A000040000230A22300002F0B0F9C8468346A9
:10B2B000B1E73200010010003E004746904602F020
:10B2C0007FF9069BA946002B07DB0123049A069D04
:10B2D0001340289A15432B4331D149460122404659
:10B2E00002F01EFC0899814602F090FC002800DC68
:10B2F00086E3392E00D134E30B9E31367B1C9A460F
:10B30000079B3E70013327000A935C4663E602F018
:10B310007DF9C846040083467DE7069B002B00DAD2
:10B32000C5E3289A13430C9A134300D1BFE3534655
:10B33000002B9CDD3300A9463E0047469846392E37
:10B3400000D10EE37B1C9A46079B013601333E7009
:10B350000A9327005C463EE6289B022B00DCF4E5BE
:10B36000069B002B00D0E4E108990522404602F03C
:10B370004DF901000890484602F048FC002800DC26
:10B38000D7E1039A4046531C9A463123089913701B
:10B3900002F016F9079B02330A93002C00D029E62D
:10B3A00024E54846089902F031FC002800DBC8E596
:10B3B000079B49460A2240465D1E002302F026F9FB
:10B3C0000B9B8146002B00D0FAE6149B002B00DC7F
:10B3D00028E3079B07950A93149B0693BCE501237A
:10B3E0000B9384E51C2900D196E53C235B1A8AE582
:10B3F00000002440F80201100000F07FD00201108C
:10B4000033040000069B002B00D1CFE2149C002CDB
:10B4100000DCB4E4079B0022013B300039001593A7
:10B42000D64BFAF7AAF9060050460F000130FAF79A
:10B4300013FA32003B00FAF7A0F90022D04BFAF7DA
:10B4400075F9D04A129013918B1813930E94129B96
:10B45000139C1693179430240E98CB49431EDB009F
:10B46000CB1830001B9106CB189119923900FAF7CE
:10B470000BFAA446844464461A94FAF7EDF90200E4
:10B480000B0030003900FAF748F9189A199B039F0E
:10B490000400781C0600129010980D00002800D1BE
:10B4A000E3E10020B949FAF74AF9169A179BFAF72F
:10B4B00034F91A9B22003B702B0010901191FAF77F
:10B4C000B5F9002800D0D2E200234A469946434607
:10B4D000B246109E119F1692109333E001239944B7
:10B4E0000E9B994500DBEAE0002230003900A34BB7
:10B4F000FAF743F90022A14B06000F0020002900B3
:10B50000FAF73BF90D000400FAF7BEF98046FAF7A6
:10B51000A3F902000B0020002900FAF7FEF85346B9
:10B5200001339A4643460D0004004946039A3033DE
:10B530005354200032003B002900FAF769F9002833
:10B5400000D066E222002B0000209149FAF7E5F8CE
:10B5500032003B00FAF75CF90028BFD0169B564634
:10B560009946109B0399984602E08E4200D1F1E182
:10B570003200013E3378392BF7D0924603910133E4
:10B580003370159B01330A9330E431239246039ABA
:10B590001370079B02330A931DE50C9BDF1B069B70
:10B5A000002B01DBFFF70AFB0A9D069B01214046A9
:10B5B000EE1A02F047F904000A965B46002B01DC04
:10B5C000FFF70AFB0A990B00594500DD5B460A9A12
:10B5D000ED1AD21A0A925A46D31A9B46FFF7FCFA82
:10B5E000012400231093299B002B05DD299B1D00BE
:10B5F00014930693FFF766FA002300214046736018
:10B6000001F098FF0390002800D15CE24346039AC2
:10B61000DB691A600123149306932993FFF770FAEC
:10B62000012401231093DEE7079B002B00D18BE15F
:10B63000089809990F225C422240534BD2009B1874
:10B640000CCBFAF79AF8241106000F00002C00D159
:10B6500009E202234F4D9A4601E0641008350123A8
:10B66000234204D16410083501232342F5D0534608
:10B670000133300039009A462A686B68FAF77DF882
:10B68000641006000F00002C01D1FFF737FB0835CE
:10B69000EAE70123DB1B0A93079B9B460B930023DE
:10B6A0000D930C93FFF7BBF90021404601F088FF92
:10B6B000299B5B420A93039B9A46FFF797FB169BD5
:10B6C0009946109B98461D9B002B00DAE5E1079BED
:10B6D0000E2B00DC1AE1069B5F1E0C9BBB4200DBBD
:10B6E0005BE70B9A0C9B9446FB1A069A0A9E9C44B5
:10B6F000634694465A4635006244012140469346CB
:10B700000B93654402F09EF80400002E02D10C97C2
:10B71000FFF769FA0A990B00594500DD5B460A9A62
:10B72000ED1AD21A0A925A46D31A9B460C97FFF783
:10B730005AFA4046089901F043FF299B5B420A935D
:10B74000039B9A46002C00D054E4FFF74FFB404681
:10B75000616801F0EFFE051E00D192E1210022692F
:10B760000C31023292000C30FAF70EFD0122290052
:10B77000404602F0D5F983463EE5C046000024402D
:10B7800000001C400000C0FCF80201100000E03F77
:10B790000000F03FD0020110089BCA469946020003
:10B7A0000B00F9F7C3FF079B040001330A93049AC7
:10B7B000059B0D00FAF73AF800280DD1049A059B75
:10B7C00020002900FAF71CF8002801D1FFF70EFB32
:10B7D000F60701D4FFF70AFB079B5646039915931A
:10B7E000C6E601230B93FFF731FB21003A004046E8
:10B7F00002F01AF94A4601000400404602F038F807
:10B8000082464946404601F0DBFE0C9BD146DB1BDD
:10B810000B9E0C9301D1FFF7EDF9FFF7E4F9039BC1
:10B8200001331293049A059B089C099D200029006E
:10B83000F9F785FFFAF728F80600FAF70DF8049AE9
:10B84000059BF9F79AFF02000B0020002900F9F789
:10B8500064FF129B039A9A46330030331370069BA1
:10B86000012B01D0FFF7EEFB99E716981799F9F72E
:10B8700084FF1A9B109011910399129F0B700E9BDD
:10B88000CA189246012B1DD00022944B200029009B
:10B89000F9F773FF0D000400F9F7F6FF0600F9F75A
:10B8A000DBFF02000B0020002900F9F736FF3036DD
:10B8B0003E70013704000D005745E5D1129B5E1E16
:10B8C0000E9BF618002210981199854BF9F72EFF60
:10B8D00022002B00F9F79CFF002800D097E0109A77
:10B8E000119B00207E49F9F718FF22002B00F9F781
:10B8F0009DFF002811D11D9B002B01DAFFF78BFA69
:10B90000079B0E2B01DDFFF786FA079B1B9ADB00D6
:10B91000D31818CB0493059484E73300013E3278A2
:10B92000302AFAD09A46159B01330A93FFF75EFA44
:10B930004B46A9461D00079BB04601333E000A93C3
:10B9400027005C46FFF72EFB0223089E099F9A46BC
:10B95000FFF7D4F9159B92460133159303913123D8
:10B960000EE639233B70079B7D1C013327000399AA
:10B970005C460A93FFF727FBDB1B0A9300239B46D9
:10B9800001330D93FFF7A6F93300A9463E00474661
:10B990009846392EE5D0069B002B00DDACE4ADE4E3
:10B9A0003300A9463E0047469846A7E45046F9F7BB
:10B9B00053FF32003B00F9F7E0FE0022494BF9F754
:10B9C000B5FE494A129013918B181393FFF7B9F9FA
:10B9D00000230B9E002500240B93FFF737FA00236A
:10B9E0000B9E00240B930A95FFF730FA0123DB1B13
:10B9F0000A9300239B460D93013B0793FFF76AF9D7
:10BA0000002800D07AE4F30700D572E476E40399C5
:10BA1000AEE5169B9946109B9846159B01330A93F9
:10BA2000FFF7E4F9289B022B19DC0899FEF780FE4A
:10BA3000039B30301870149B06000693079B0795F4
:10BA40000A93FFF7A6FA00230B9E00240A9D0B938E
:10BA5000FFF7FCF9289B022B01DCFFF7BDFB149BD1
:10BA6000079506937CE402239A46FFF747F9159B56
:10BA7000B24601330A93FFF7B9F900217160FFF76D
:10BA80002FF82A00194B1A481A4901F02DFD3200EF
:10BA9000EF21194B164801F027FD069B5F1E0C9BFA
:10BAA000BB4200DA1DE6DF1B069BFFF787F8330079
:10BAB00050463E00A94647469846002801DDFFF75C
:10BAC0000CFCFFF71BFCB0210022084B0848FF319B
:10BAD00001F00AFD094B0393FEF71DFF000024400F
:10BAE0000000E03F00001C400000C0FC34FC0010DF
:10BAF000ACFC0010EF02000094FC001084FC00106D
:10BB000070B50500080011000022064C22601A00E2
:10BB100003F064F8431C00D070BD2368002BFBD0F9
:10BB20002B60F9E7DC150020F8B505000C1E45D0A8
:10BB3000002802D0036A002B4DD0FCF747FC0121FE
:10BB40000C22A35EA26E0A4234D158229446A44429
:10BB500067469B0542D52100280002F0DFFA236BDF
:10BB60000600002B04D02800216A9847002828DB13
:10BB7000A3891B062AD4616B002908D02300443313
:10BB8000994202D0280002F0EAFF00236363A16C0F
:10BB9000002904D0280002F0E2FF0023A364002360
:10BBA000A381A36EDB0728D5380002F0A1FFFCF7C4
:10BBB00015FC04E0002B24D1FCF710FC002630001B
:10BBC000F8BD0126A38976421B06D4D52800216939
:10BBD00002F0C5FFCFE7FCF7DDFBAEE7380002F06F
:10BBE00088FF0C22A35E002BB5D10122A36E134265
:10BBF000E2D1380002F081FFDEE7380002F07DFF7D
:10BC0000D2E758239C46A4446746A4E710B5034BEB
:10BC100001001868FFF788FF10BDC046700C0020B7
:10BC2000F0B55746DE464E464546E0B58346894662
:10BC300092461D001F0083B0242B3DD8012B3BD022
:10BC40000B000820494E1A0014780133315D084278
:10BC5000F9D198462D2C00D172E02B2C38D0444BD2
:10BC6000009300230193002D4ED1302C00D170E0C1
:10BC70000A270A2539000098F9F714FB4346060005
:10BC80008C46002000212200303A092A07D9113AB7
:10BC9000192A03D92200613A192A21D80A32954279
:10BCA0001EDD4C1C05D086422BD328D001217843C1
:10BCB00010181C780133E6E700F07AFC16230360C5
:10BCC000002003B0F0BCBB46B246A946A046F0BD7A
:10BCD0001C78931C9846264B009300230193C2E7DF
:10BCE0004A1C23D0019A002A00D040425246002A22
:10BCF000E7D0002936D153464A461A60E1E7944519
:10BD0000D4DA01214942D4E7102DB3D11027302CC9
:10BD1000B0D1434620221B789343582BAAD14346E7
:10BD20005C780223102710259844A3E72222594665
:10BD30000A605246002A17D0013B99460098DAE77C
:10BD40001C78931C984680231B06009301230193C3
:10BD500089E7434620221B789343582BDFD00827DE
:10BD6000083587E70090E7E70098AAE7C1FF0010D1
:10BD7000FFFFFF7F10B5FFF753FF10BD844610B5DE
:10BD80001300034A10680A006146FFF749FF10BD1F
:10BD9000700C0020844610B51300034A10680A0096
:10BDA0006146FFF73DFF10BD700C0020F0B5454621
:10BDB000DE4657464E46E0B5936883B00C00904689
:10BDC0000090002B2AD00C23CA5E13072ED50B69D6
:10BDD000002B2BD043461E68930734D5B04B002769
:10BDE00000259946002D15D02B004D4500D9AC4BB0
:10BDF000A26A216A924600983A00D047002800DCE7
:10BE0000B4E0434642469B681B1A936006D03F1835
:10BE10002D1AE9D1376875680836E3E7002003B0CA
:10BE2000F0BCBB46B246A946A046F0BD2100009832
:10BE300000F008FC002800D09DE00C23E25E4346A1
:10BE40001E689307CAD4D30700D597E0802100234A
:10BE5000890000258B4699462368002D4FD059460E
:10BE60001800A7680A4255D0BA46AF4200D9DDE0B3
:10BE70009021C9000A422ED0606921695F1A4300EF
:10BE80001B18D80FC3185B109A467B1C5B195046D1
:10BE90000197534501D99A461800520500D4E3E0B2
:10BEA0000100009802F02DFE071E00D1F1E0019A7A
:10BEB0002169FAF769F9A3897A4A1340802213436A
:10BEC000A3815246019B2761F818AA462F00D31A76
:10BED00020606261A36052464946FEF71FFB42465E
:10BEE0004146A368DB1BA36092682368521B53443E
:10BEF00023608A60002A00D190E70C21625E3168DD
:10BF0000756889460836002DF9D059461800A7688B
:10BF10000A42A9D122699A4271D362699246AA4221
:10BF20006DD8614B28009D4200D918005146F9F7A1
:10BF300091F953464A464343216AA76A0098B84795
:10BF4000002813DD0700434642469B68ED1BDB1BC0
:10BF5000936000D162E70C23E25EB94423687CE77A
:10BF60002100009802F084F900282BD00C22A35E57
:10BF700040221343A3810120404250E700230027C1
:10BF8000B14600209A461E00002F25D000282BD055
:10BF90003300BB469F4200D99B46206822696369F3
:10BFA000904203D9A5685D19AB454FDC5B4540DC89
:10BFB000A56A5246216A0098A847051ED6DD0120D1
:10BFC000761BCDD0434642469B685B1B936000D1F5
:10BFD00024E7AA447F1BD9D14B4608225F689144CD
:10BFE000002FF9D01B689A463A000A21504600F00B
:10BFF0008FFB00284AD053460130C61AC8E7AF422B
:10C0000000D92F003A0018004946FEF787FAA268C7
:10C010002368D21BDB19A2602360002A93D1210080
:10C02000009802F025F900288DD09FE72F00AA463E
:10C0300051E75A465146FEF771FA5A46A3685D46E3
:10C040009B1AA36023685B442360B8E751462A002B
:10C05000FEF764FA236821005B190098236002F060
:10C0600007F90028ABD081E70200009802F067FDD5
:10C07000071E00D025E7009D2169280002F06FFD12
:10C080008022A3899343743A2A6071E77B1C1E00C7
:10C090007FE70C23009A13600C22A35E68E7C0467A
:10C0A00000FCFF7F7FFBFFFFFFFFFF7F70B5E025F8
:10C0B000014C6459A04770BDCC0C0020002909D068
:10C0C000FF2A02D801200A7070478A2303600120EA
:10C0D0004042F9E70020F7E7002370B5064C050061
:10C0E0000800236002F04AFD431C00D070BD2368A5
:10C0F000002BFBD02B60F9E7DC15002010B5034BBB
:10C100000100186802F0FDFC10BDC046700C002054
:10C1100010B5034B0100186802F021FD10BDC046A8
:10C12000700C002070B50500080011000022064CBC
:10C1300022601A0002F04AFD431C00D070BD236843
:10C14000002BFBD02B60F9E7DC15002003008446B0
:10C150009B070BD00300032102E001330B4206D002
:10C160001A78002AF9D16246981A704703001968B4
:10C170000C4A0D488A188A4302420FD15968094A6D
:10C1800004338A188A43024208D15968054A0433A5
:10C190008A188A430242F1D000E001331A78002A5B
:10C1A000FBD1E0E7FFFEFEFE8080808010B5002A14
:10C1B0002AD003000B439B0715D1032A13D9144B34
:10C1C0009C460CE0043A002A1ED0124C1C199C43D9
:10C1D00063461C4218D104300431032A03D9036892
:10C1E0000C68A342EED003780C78013A8218A3427F
:10C1F00008D00BE0002B07D043784C780130013198
:10C20000A34203D19042F5D1002010BD181BFCE7DA
:10C2100080808080FFFEFEFE936810B5013B936036
:10C22000002B04DA9469A34207DB0A2905D01368BE
:10C23000581C10600800197010BD02F08BF8FBE765
:10C24000F8B506000D001400D718002B03D10AE042
:10C250000134BC4207D02A0030002178FFF7DCFF10
:10C26000431CF5D1F8BD0020FCE7C04610B5140012
:10C2700092680023002A05D02200FFF797FD0022D4
:10C280000300A26000221800626010BDF0B557469E
:10C290004E464546DE46E0B58246894615001C00FE
:10C2A0009DB0002803D0036A002B00D166E14B4605
:10C2B0000C229B5E4A46926ED20702D49A0500D4A5
:10C2C00054E11B0700D4C2E04B461B69002B00D190
:10C2D000BDE000232A0004AE73612033737610336F
:10C2E000B37603941378A74F002B00D19EE014007F
:10C2F00004E063780134002B00D1C1E0252BF8D194
:10C30000A31A9846944200D0BEE02378002B00D1B7
:10C310008CE0012300225B4204920593002200235B
:10C320000692079300234332B354B3650133984612
:10C33000013405E04346C01B83402C0013433360A7
:10C3400005223800217800F0E3F9651C32680028E6
:10C35000F0D11300DA0602D543222021B1541A0786
:10C3600002D543222B21B15421782A2900D0A1E003
:10C37000039A111D12680391002A00DAC7E0F260E7
:10C3800029782E2900D1AAE07F4C0322200000F05A
:10C39000BFF93368002805D04022001B82401343B8
:10C3A00001353360802229781A4208D06C2906D1E1
:10C3B0009343802212011343336069780135402290
:10C3C0001A4208D0682906D19343C132FF32134381
:10C3D0003360697801357A294FD074294DD06A29A4
:10C3E00006D1802332681B0113433360697801351D
:10C3F00006226648317600F08BF9002800D18CE0E7
:10C40000634B002B00D17AE003AA009231004A4628
:10C410005046604BFDF7F4F9431C07D073696A1C62
:10C420001B1873611378002B00D060E74B469B6E9E
:10C43000DB0700D490E04B469B895B061AD47069F9
:10C440001DB0F0BCBB46B246A946A046F0BD494669
:10C45000504600F0F7F8002800D13AE74B469B6EB3
:10C46000DB0707D44B469B899B0503D448465830CD
:10C4700002F043FB01204042E2E769780135AEE774
:10C48000A31A98469442D1D0BB4600255746A246EF
:10C4900014004A463800615DFFF7BEFE0130C5D08A
:10C4A0000135A845F5D8736954464344BA467361CB
:10C4B0005F462AE7080030382500092800D960E7E0
:10C4C000F26893009B185B001A18F26069780135D6
:10C4D000080030380928F4D92E2900D054E76B78A9
:10C4E0002A2B23D1039B1A1D1B6803927360002B18
:10C4F00002DA01235B427360A978023544E7072220
:10C50000039B0020073393430833039386E752428B
:10C51000F26002221343336032E703AA0092310033
:10C520004A4650461B4B00F039FE75E70023736006
:10C530006978013508003038092800D924E71A0045
:10C5400093009B185B001A18726069780135080027
:10C5500030380928F4D917E74B469B899A0500D54E
:10C560006BE74846583002F0C8FA64E7484658304E
:10C5700002F0BFFA4B460C229B5EA2E6FBF70AFFD5
:10C5800095E6C046E8FC0010F0FC0010F4FC00103A
:10C590000198001041C20010844610B51300034AF0
:10C5A00010680A006146FFF771FE10BD700C002094
:10C5B000014B18687047C046700C0020024670B5E9
:10C5C0000A4392072AD11E4DEE0104C808C9541B24
:10C5D0009443344017D0D0B2D9B2401A2106014357
:10C5E00010D190B299B2401A210401430AD110022D
:10C5F0001902000A090A401A2102014302D1100E51
:10C60000190E401A70BD9A42DFD010BA19BA88428A
:10C6100001D9012070BD0020C04370BD02780B78A5
:10C6200001300131002A09D09A4207D102780B78F3
:10C6300001300131002A01D09A42EFD0D01A70BDEA
:10C6400001010101314B70B5050018680C0000288C
:10C6500002D0036A002B4DD00C22A35E1A070FD51F
:10C660002269002A16D00C21635ED90723D5002148
:10C67000A16061694942A161002A23D0002070BDF8
:10C68000DA063AD55A0720D4226908210B43A38140
:10C69000002AE8D1A0208021A389800089000340DE
:10C6A0008B42E0D02100280002F042F90C21635EA9
:10C6B0002269D907DBD40021980700D46169A16001
:10C6C000002ADBD11A06D9D519E0616B00290AD0FE
:10C6D00022004432914204D0280002F040FA0C2299
:10C6E000A35E0022626324229343002262602269D7
:10C6F0002260CAE7FBF74EFEAEE709222A6040221D
:10C7000001201343A3814042B9E7C046700C0020CA
:10C7100010B58C46CCB283070CD0032106E0037819
:10C72000A34206D00130013A084203D0002AF6D1D4
:10C73000002010BD032A14D96346FF2119400B02C3
:10C7400059188C460B049C44614603684B400A49C7
:10C7500059189943094B194205D1043A0430032A68
:10C76000F2D8002AE4D082180378A342E1D0013045
:10C770009042F9D1DCE7C046FFFEFEFE808080805B
:10C78000F0B54E464546DE465746E0B51600AE22A9
:10C7900089B007938B680C00591E80465200914265
:10C7A00000D86FE1F0222168D2000A431C218C4698
:10C7B0005E3BFF3B06935E23A444E146FF33A36048
:10C7C0002260002292460492059200920392C64A89
:10C7D0004D4600279346326811780A002B3AD2B2B0
:10C7E0004E2A0FD858469200825897465346002B3F
:10C7F00000D105E1022B00D15CE11223FB40DB07F5
:10C8000000D5FAE0009B002B00D087E05346013BA7
:10C81000012B00D88BE07B1E062B1FD8022F00D8DF
:10C820006CE1032F1AD02B00B2462E0025001C000D
:10C83000BE23013C5B00EB585246404621789847A6
:10C840002B69013B2B61E3199B1BDBB2032BEFD15F
:10C850002C00751E5646043FFFB2ED1B2368DA0517
:10C860001FD55B0500D55BE123696A1E1178013B8A
:10C870002361652900D12CE1452900D129E1BE239E
:10C880005B00E3583200404698472369023D013B74
:10C8900029782361BE235B00E35832004046984765
:10C8A0002368102216001E401A4200D1BAE000266A
:10C8B000300009B0F0BCBB46B246A946A046F0BD68
:10C8C0002268D00500D5D0E05346DB19002B99D162
:10C8D0002368864A00271340236000239A46297064
:10C8E000A3680135013BA3602369013323617368A9
:10C8F000013B7360002B72DD336801333360A36842
:10C90000002B00D067E7009B002B00D17EE705E0FD
:10C91000002F6DD1009B002B00D1BEE02368744A2C
:10C92000134023605346013B012B00D973E74D456B
:10C930000CD9BE277F00013DE359320040462978DB
:10C9400098472369013B23614D45F4D10126AFE7A8
:10C95000802223681A4200D154E793432360BEE744
:10C96000062F00D04EE70727B9E7072F00D049E789
:10C970000827B4E7022F00D044E70327AFE7A0223F
:10C9800080202368D2001A40C000824206D00342B1
:10C9900000D137E7009A002A00D137E79A0504D47E
:10C9A000009A03980495121A0592524A1340C02225
:10C9B0005200134323600023009390E75346012B5A
:10C9C00000D01FE702239A4689E723689A0500D41E
:10C9D00018E7494A13402360009B03937FE7C02375
:10C9E0005B0031004046E3589847002887D009E7AC
:10C9F000FD22FB1E134200D004E70137FFB26EE7B1
:10CA0000009B002B00D0F8E62268E0231000DB003A
:10CA10001840984200D0F0E6364B1A4001232260BD
:10CA20009A465CE7C0222E702368D2001340802211
:10CA3000D200934244D0059B002B00D093E000220B
:10CA400049464046FCF726FD079D22682B6800906A
:10CA50000191191D90073ED529601B680099019A24
:10CA600006C3E3680133E36022E780218A43226042
:10CA7000009A01320092069A002A1ED0069A013AC4
:10CA8000069230E7F0222168D2000A431C218C462E
:10CA90000021A444E146069192E62268E0231000BA
:10CAA000DB001840984200D0B0E6124B01371A4024
:10CAB000226014E703239A4611E7A368013B12E7BB
:10CAC000009B039A9342BAD01300009A04959A1AD5
:10CAD00052E01500DEE6520734D5079A11601B6854
:10CAE0000099019A06C3BCE7C40001107FFEFFFF56
:10CAF000FFFEFFFF7FF8FFFF7FFDFFFFBE277F00E8
:10CB00004D4500D822E7013DE359320040462978DF
:10CB100098472369013B23614D45F4D10126C7E6BF
:10CB20004D4500D812E7BE277F00013DE359320092
:10CB30004046297898472369013B23614D45F4D14C
:10CB40000126B5E6079A11601D6800980199020058
:10CB50000B00F8F770FE00281FD100980199F8F734
:10CB6000FBFE28607DE7049B0022591C40460A23F7
:10CB7000FFF700F9059BC21A230004997033FF33B5
:10CB8000994205D3B7235B009C46A44463460493B3
:10CB90000449049801F0AAFE51E7034800F04AFA5C
:10CBA00028605EE7FCFC001038FD0010844610B5DC
:10CBB000026808E0137801311C00413C192C00D8B0
:10CBC0002033834207D1087801320028F2D163462E
:10CBD00001301A6010BD0020FCE7C046F0B51F24EC
:10CBE0005746DE464E46454692460A682100E0B565
:10CBF0000300501187B0800011405044039114424B
:10CC000000D09FE00400021F0020211F0860186868
:10CC100002914178002900D1ACE0002601906748DC
:10CC2000170014000D009146B04602000021019843
:10CC3000049315E0202D00D994E046450CDDBC425C
:10CC400001D207295DDD0821A24505D2271F002357
:10CC5000B0463C0000213B6085780130002D12D0A9
:10CC6000535D002BE6D001310136082941DC2568EF
:10CC70002D01AC460F252B4065462B43236085785C
:10CC80000130002DECD10D004A46002E00D171E09C
:10CC9000BC4202D2072D00DC76E0A24555D25046B8
:10CCA000230002CB02C09A42FBD2601C551C002319
:10CCB000854265D251460024081D1B181900043313
:10CCC0000C609342FAD9029B1B685146002B04D09A
:10CCD00007E0043A1368002B03D19142F9D10123F4
:10CCE0000B60052007B0F0BCBB46B246A946A04683
:10CCF000F0BDA245B0D20021043C8C462160013138
:10CD0000B8E708335B1A9B009C46202361465D1AF6
:10CD10000194210023682C005546834692466046C4
:10CD200005954A681500A5401D431300C3400D60DA
:10CD30004B600431B942F4D3059B524658469A469B
:10CD4000019C80E70200041D5EE7029903980B68CE
:10CD50000028BAD02024241A01204042E040034099
:10CD60000B60B2E7AC460D0061464A46049B019059
:10CD7000292901D00420B5E701980230186084E722
:10CD8000141BA408A30095E708235B1B9B00190054
:10CD90001E0020235B1A98462368944625004246CD
:10CDA00019006868030093400B430100F1402B60B9
:10CDB00069600435BD42F4D362466EE7C0FE0010E0
:10CDC000C36B10B50400002B01D0002010BD8021E2
:10CDD00001F097FEE063002806D0020000238032B5
:10CDE00008C09042FCD1F0E701204042EEE7C04687
:10CDF00070B505000C0016001F2907D8C06B00286D
:10CE000009D0A40004192068266070BD16230360B1
:10CE100001204042F9E78021280001F072FE010064
:10CE200003000022E86380310028F1D004C38B4264
:10CE3000FCD1E6E770B505000C001F291ED8C36BB6
:10CE4000002B0ED08A009B181A68002A09D0012AEC
:10CE500005D0511C0ED00021200019609047002001
:10CE600070BD280001F056F922000100280001F0F1
:10CE70003DF9F5E7162303600120F1E7162303606F
:10CE800001204042ECE7C04670B505000C001F29A8
:10CE900026D8C06B002810D0A300C0180368002B50
:10CEA00009D05A1C1AD0012B16D000220260200093
:10CEB0009847002070BD0120FCE78021280001F088
:10CEC00020FE010003000022E8638031002807D023
:10CED00004C38B42FCD1DFE70320EBE70220E9E744
:10CEE00001204042E6E7C046144B70B504001D68BF
:10CEF0001F281DD8EB6B002B0DD082009B181A68E1
:10CF0000002A08D0012A04D0511C0DD0002119603C
:10CF10009047002070BD280001F0FCF822000100BD
:10CF2000280001F0E3F8F5E7162301202B60F1E774
:10CF3000162301202B604042ECE7C046700C002015
:10CF4000114B70B504000E001D681F2807D8E86B50
:10CF5000002809D0A40004192068266070BD16239B
:10CF60002B6001204042F9E78021280001F0C9FD33
:10CF7000E8630028F5D0010003000022803104C3DB
:10CF80008B42FCD1E6E7C046700C00200C4B10B57C
:10CF90001C68E36B002B01D0002010BD8021200015
:10CFA00001F0AFFDE063002806D0020000238032CC
:10CFB00008C09042FCD1EFE701204042EDE7C046B7
:10CFC000700C002070B504001F2828D8154B1D6870
:10CFD000E86B002810D0A300C0180368002B09D00C
:10CFE0005A1C1AD0012B16D000220260200098474C
:10CFF000002070BD0120FCE78021280001F081FDA8
:10D00000010003000022E8638031002807D004C338
:10D010008B42FCD1DFE70320EBE70220E9E70120A8
:10D020004042E6E7700C0020002001497047C046EE
:10D030000000F87F004870470000C07F70B5050011
:10D04000080011000022064C22601A0001F093FD36
:10D05000431C00D070BD2368002BFBD02B60F9E788
:10D06000DC150020F0B54F464646D6469146984618
:10D070008A680B69C0B50C000700089E934200DA6D
:10D0800013004A4613604322A25C002A02D04A469B
:10D090000133136023689A0657D54B4606201A6859
:10D0A00002321A6023681900184208D119208446F8
:10D0B000E168A444E246002591423EDC1900432386
:10D0C000E35C5A1E934189060AD53020E1184331AA
:10D0D000087045215A1C615CA2184332023311705A
:10D0E0002200414638004332B047431C19D0062085
:10D0F0002368A26821690340042B2ED08A4238DDC0
:10D1000000239946521A914400251A3402E0013551
:10D110004D452EDA0123220041463800B047431C1A
:10D12000F5D1E0BCBA46B146A846F0BD4A46E36830
:10D13000126801359B1AAB4228DD01235246414655
:10D140003800B047431CF1D1EBE706221A4212D057
:10D150004323E35C5A1E9341C2E74846E3680068F4
:10D160001B1AD843C017184081468A42CADC002BDC
:10D17000CADC0020D5E719204A4684461268E168D7
:10D18000A444E24600259142D7DC97E74323216877
:10D19000E35C5A1E9341890697D4A1E7F0B5DE46B9
:10D1A0004E4657464546E0B589B0029343239C4618
:10D1B000049203908C440E00097EE346129A0029E3
:10D1C0000AD00B00533BDBB2252B45D8C3489B004C
:10D1D000C3589F460B68186000235F463361029C6A
:10D1E000039D049B31002800009407AA9846FFF78E
:10D1F00039FF431C25D03A003369414628002F00EF
:10D200000294A047431C1CD03268F068079B920729
:10D210001ED598421CDD3500029BB14600244646CF
:10D220001935984606E04B46D868079B0134C21A68
:10D23000A2420DDD01232A0031003800C047431C03
:10D24000F1D109B0F0BCBB46B246A946A046F0BD3C
:10D250009842F6DA1800F4E73700422301204237FB
:10D26000F154432300223061F254B8E71368191DCA
:10D2700011601F68002138007268FFF749FA002822
:10D2800000D10DE1C01B7060EBE731681368080640
:10D2900000D5BAE0480600D5DDE0880500D411E1EC
:10D2A000181D1B7810605BB2DD171C002B00B2E06C
:10D2B00031681368080600D5B4E0480600D5C5E01B
:10D2C000880500D4F4E0191D00251C781160ADE03C
:10D2D00013683700191D11601A6842230120423774
:10D2E000F254BEE7202331680B4333604521782098
:10D2F00070547B498A461168180647D4580678D579
:10D300000025081D0C881060DA0702D5202213437F
:10D31000336023002B4303D12022336893433360CF
:10D320001023059343230022F2547368B360002B4B
:10D3300031DB042132688A43326022002A432AD139
:10D340005F46002B00D0ADE0059B082B42D05B462A
:10D35000DB1B336143E73368C8E7116833680C1D92
:10D36000706914601D0600D534E75D066BD49B051B
:10D3700000D42FE70B6818702EE745235821F1548D
:10D38000336858498A4611681806B7D5081D1060D9
:10D3900000250C68B8E7059B9946DB1798463300D3
:10D3A0005F464646984601E09E421ED02000290076
:10D3B0004A463300F7F7B4FF53469B5C013F220017
:10D3C0003B7004002B000D009E42EDD94646059BA4
:10D3D000082BBCD13368DB07B9D5726833699A4230
:10D3E000B5DC3023013F3B70B1E79145DED94646BD
:10D3F000EDE7980522D41805C8D5072007318143E9
:10D40000080030C9083010607EE7181D10601B68E6
:10D41000DD171C002B00002B25DB324B9A460A231C
:10D42000059382E70025191D11601C68337E6F2B60
:10D4300031D02C4B9A460A23059373E7081D00252B
:10D440000C78106060E70B681880C5E6191D002590
:10D450001C881160EAE7181D106000229B5EDD1732
:10D460001C002B00D7E722002B002D200025544262
:10D470009D4143227768B054B760002F02DB04233C
:10D48000994331600A23994600239846154B9A46E2
:10D490000A23059383E7134B9A460823059341E734
:10D4A0007068DEE6534637001B7842373B704BE727
:10D4B0000905B7D5072107338B43190030CB083155
:10D4C0001160B3E70805A0D5072007338343180090
:10D4D00008331360436804681D009CE700020110D4
:10D4E00018FD001004FD001030B59C460A4B0400E6
:10D4F0001B680D00D86885B0002A0AD0074B084980
:10D500000292019362462300009501F0B5FAFDF7FF
:10D5100089F8044B1A00F2E7700C00202CFD001073
:10D520003CFD001038FD0010130010B50022FFF77D
:10D53000DBFFC04670B5C46905000E00002C0DD09D
:10D54000E068002815D0B300C318186800281FD061
:10D5500002681A6000230361C36070BD1020FEF7EB
:10D56000CDFD041EE86120D000234360836003608A
:10D57000C36021220421280001F0D1FAEB69E060A8
:10D58000D8680028E9D0B300C31818680028DFD194
:10D590000124B440621D01212800920001F0BFFA6D
:10D5A0000028DAD046608460D4E722006B21024B69
:10D5B0000248FFF799FFC04694FC00106CFD001074
:10D5C00070B5C66905000C00002E0AD0002C07D0EB
:10D5D000EB696268DB6892009B181A6822601C6025
:10D5E00070BD1020FEF78AFDE861002804D0466077
:10D5F00086600660C660E9E732008F21014B024871
:10D60000FFF772FF94FC00106CFD0010F0B5C646E9
:10D610001E008046002300B50D000C691431086817
:10D62000013307043F0C5743000C5043BF193E0C15
:10D6300080193F04060C3F0C0004C01901C19C4234
:10D64000EDDC002E07D0AB68A34208DDA300EB1889
:10D6500001345E612C61280080BCB846F0BD696869
:10D6600040460131FFF766FF071E12D029002A69E4
:10D670000C31023292000C30F8F786FD29003D0093
:10D680004046FFF79DFFA300EB1801345E612C615B
:10D69000E1E73A00BA21024B0248FFF725FFC046F6
:10D6A00034FC00106CFD0010F8B54746CE4605006E
:10D6B00080B50C0017009846092B3FDD18000921A2
:10D6C0000830F7F7C7FD012300215B0001319842C4
:10D6D000FBDC2800FFF72EFF011E31D0089B4361C1
:10D6E00001230361092F15DC09270A34B8450CDD35
:10D6F0004346E618F61B23780A222800303BFFF742
:10D7000085FF01340100B442F5D10800C0BCB94620
:10D71000B046F8BD08339C46A444E1466646E41989
:10D7200033780A222800303BFFF770FF01360100F2
:10D73000A642F5D14B46DC19083CD7E70021C8E7E3
:10D740000A00024B0248D331FFF7CEFE34FC001032
:10D750006CFD0010144A03000020934201D81B0402
:10D760001030124A934201D808301B02104A9342EB
:10D7700006D9104A934213D89B0013D4033007E014
:10D780000C4904301A018A4203D9D243D20F8018BF
:10D7900070479A019B0105D45200EFD42020F7E78F
:10D7A0001A00F2E70230F3E7FFFF0000FFFFFF007F
:10D7B000FFFFFF0FFFFFFF3F03685A0708D0DA079C
:10D7C0002BD49A072ED501225B0803601000704706
:10D7D0001A0410D1FF211B0C1022194201D108326A
:10D7E0001B0A190716D099070ED0D90701D40132A8
:10D7F0005B080360EAE7FF221A4210D01A0715D12E
:10D8000004221B099907F0D1590713D59B0802324E
:10D810000360DBE704321B09F4E70022D6E70822A5
:10D820001B0ADEE79B0802220360CFE7DB08032226
:10D830000360CBE7DB0801D12022C7E70332036096
:10D84000C4E7C04610B50C000121FFF773FE0028A5
:10D8500003D001234461036110BD46210022024B25
:10D860000248FF31FFF740FE34FC00106CFD001051
:10D87000F0B54E4657464546DE46E0B50B6916699B
:10D8800089461700984687B0B34204DB33000F0087
:10D890004646914698464346F518BB687968AB42C0
:10D8A00000DA0131FFF746FE8446002800D1B0E0DF
:10D8B000142363449A46AC005444A34203D200228A
:10D8C00004C39C42FCD8434649469B009846143109
:10D8D0008844414500D388E014239946B9444B4617
:10D8E00002933B000022B6004E44F71B153F153350
:10D8F000BF089E425241BB0003934346A346504695
:10D900000C00E246A946B4460193049206E02D0CB1
:10D9100038D1019B04340430A34263D925682B0419
:10D92000190C002BF3D0029D5B460700A0468346EE
:10D9300000260C002800059308C839681A04120C48
:10D9400062431B0C0D0463432D0C52199219090CF0
:10D950005B18110C5B1812041E0C120C1B041343F1
:10D9600008C78445E8D8059B58469B46049B444617
:10D970005A1E9341039A5B421340C3185E602568A8
:10D980002D0CC6D006000368A0466046190000248E
:10D99000B446029F3A88090C6A43121952181B04B4
:10D9A00011041B0C0B43336010CF7168240C6C43C3
:10D9B0000B041B0CE318120C9B181C0C0436B84209
:10D9C000E8D8624684461000049A4446511E8A41B3
:10D9D000039952420A4082185360019B0434043078
:10D9E000A3429BD85C464D46D446002D03DC06E09E
:10D9F000013D002D03D0043C2368002BF8D0634682
:10DA000060461D6107B0F0BCBB46B246A946A046C1
:10DA1000F0BDB1210022024B02484900FFF764FD2E
:10DA200034FC00106CFD0010F8B5032347461400C9
:10DA3000CE461A0080B5884607002240234235D1E1
:10DA4000A4102DD0FE69002E39D0B568002D41D02C
:10DA5000012323406410002B08D12868002815D02A
:10DA60000500012323406410002BF6D041462A0014
:10DA70003800FFF7FDFE414681463800FFF7A0FD64
:10DA8000002C0ED02868C8460028E9D12A002900B9
:10DA90003800FFF7EDFE0023286005000360E0E793
:10DAA000C1464846C0BCB946B046F8BD174B013A1E
:10DAB0009200D2580023FFF7A9FD8046C0E710204E
:10DAC000FEF71CFB061EF86119D00023436083603B
:10DAD0000360C36001213800FFF72CFD051E07D04D
:10DAE0000B4B4361012303610023B0600360AFE788
:10DAF00046212A00074B0848FF31FFF7F5FCB42107
:10DB00003200064B0448FF31FFF7EEFC980201108B
:10DB10007102000034FC00106CFD001094FC001039
:10DB2000F8B557464546DE464E46E0B50D00531162
:10DB300098462B69824643449B465C1CAB681700A1
:10DB400049689C4203DD01315B009C42FBDC50468E
:10DB5000FFF7F0FC061E4DD014239C464246844439
:10DB60006346E146002A0ADD9000020000211432DB
:10DB7000B21802C39342FCD1CC468444E1461F2232
:10DB80002B001000296914338900591838403A4293
:10DB90002AD00132121A9046CC4600271A688240D9
:10DBA0003A43674604C74246BC4680CBD7409942B9
:10DBB000F4D82A0015320023914203D34B1B153BA6
:10DBC0009B089B004B445F60002F00D0A3465B4640
:10DBD000504629003361FFF7F3FC3000F0BCBB4630
:10DBE000B246A946A046F8BD484604CB04C09942B7
:10DBF000FBD8ECE7EF213200024B03484900FFF766
:10DC000073FCC04634FC00106CFD001010B5C64615
:10DC100002690B6900B5D41AA4469A4218D114308F
:10DC20009A00143104008318891801E09C420FD235
:10DC3000043B043918680A689042F7D000239042E8
:10DC40005B4102205B421840012384465B429C44B6
:10DC5000604610BCA04610BDF0B557464E4645463E
:10DC6000DE46E0B515000A692B6984460E0083B0D4
:10DC7000D71A9A4214D1080029009A00143014319E
:10DC80008318891802E0984200D38FE0043B0439DE
:10DC90001A680C68A242F6D000D392E0012705E092
:10DCA000002FFBDB2B0000270D001E00604669687B
:10DCB000FFF740FC002800D18FE014221421914688
:10DCC0008C46A9442B693500C7604F4634698444AB
:10DCD000A4009A004A44A04661461435CB468246C9
:10DCE0000196002466469946944638002A00A844C6
:10DCF000009120C880CA29043B041B0C090CC91AD6
:10DD000009192D0C3F0C0B14ED1BED1809042C14F4
:10DD1000090C2D04294302C69045EAD8019E4B46C2
:10DD2000350015356246D94650460027A84504D32C
:10DD30004546AD1B153DAD08AF00009DAA46BA444F
:10DD40004F443E1D57460437BC462F004D46B04653
:10DD50007F1BB24239D9994682463B002000F71812
:10DD600002CE0D042D0C2D192D140C0C09182D1993
:10DD700009042C14090C2D0429433960B242EDD852
:10DD80004446013A121B920892004B4650466244A8
:10DD900002E0043A1168013B0029FAD0036103B0A4
:10DDA000F0BCBB46B246A946A046F0BD0021604685
:10DDB000FFF7C0FB00280AD0012303610023436161
:10DDC000EDE72B0035001E0070E75246E4E7002225
:10DDD000054B06480649FFF787FB0022024B034824
:10DDE0000449FFF781FBC04634FC00106CFD0010B5
:10DDF00037020000450200000E4B0F4A0B409B18F3
:10DE00000022002B02DD1900100070475B4219153B
:10DE1000132903DC80231B030B41F4E714391E296B
:10DE200004DC80221206CA400023ECE70023012212
:10DE3000E9E7C0460000F07F0000C0FCF8B50469C7
:10DE40000600A400CE46A1461436B14447464B46D0
:10DE5000884680B51F1F3D682800FFF77BFC202304
:10DE600041461A1A0A600A2828DD0B2252429446BB
:10DE70008444BE4216D24F466246083F3968002AA3
:10DE800013D0981A0B009540C3401C4C1D432C43E3
:10DE900023009140BE420BD24C460C3C2468C44047
:10DEA000214305E000210B2821D114482843030019
:10DEB00008001900C0BCB946B046F8BD0B210B1ACA
:10DEC00098462B004246D34019000C4C21430B00CE
:10DED00000218C46BE4204D24C46083C2468D44003
:10DEE000A44629001530814060460143E0E76346BF
:10DEF0009D40024929430B000021D9E70000F03F73
:10DF0000F0B5C64600B5012182B016001F00FFF72C
:10DF100011FB8046002848D03B037D001B0B6D0D94
:10DF200002D08022520313430193002E19D101A87D
:10DF3000FFF742FC4246019B0124536143462030D7
:10DF40001C61002D25D035241B4BED182D18201AEF
:10DF5000089B1D60099B1860404602B080BCB84613
:10DF6000F0BD68460096FFF727FC019C009B002847
:10DF700005D020222100121A9140C4400B43424692
:10DF800053619461631E9C41434601341C61002D22
:10DF9000D9D10A4BC5180023E3189B0043441869E4
:10DFA000FFF7D8FB6401201AD2E70022044B054892
:10DFB0000549FFF799FAC046CDFBFFFFCEFBFFFFF7
:10DFC00034FC00106CFD00100F030000F0B587B0AA
:10DFD0000E0004A90700FFF731FF04000D00300018
:10DFE00005A902940395FFF729FF3F693669009060
:10DFF0000191BE1B7301059F049EF61BF618002EAF
:10E000000CDD360573190393029C039D2000009AD2
:10E01000019B2900F7F793FB07B0F0BD019B320588
:10E02000991A00900191F1E710B50400172809DD55
:10E03000002007490022074B013CF7F79EFB002C0C
:10E04000F8D110BD044BC4001B1903CBF9E7C0463F
:10E050000000F03F00002440F8020110944601390E
:10E060004B11013361469B00C218634609691433A2
:10E070008900591830B58B420BD2040020CB20C444
:10E080009942FBD86346CB1A153B9B089B00043092
:10E090001818824203D9002308C08242FCD830BD40
:10E0A0008C4601006346026910B514315811824252
:10E0B0000ADA92008B1803E0043B1A68002A13D195
:10E0C0008B42F9D8002010E08300CB188242F7DDA4
:10E0D0001F226046644610402242F1D01A689446DE
:10E0E000C24082409445EBD0012010BD002370B5A2
:10E0F000074C050008001100236000F05FFD431C81
:10E1000000D070BD2368002BFBD02B60F9E7C04620
:10E11000DC15002010B500F041FD10BDF0B5C6467D
:10E1200000B50C228B5E80460C001A0754D4802266
:10E1300012011A438A814968002900DC6DE0E56A12
:10E14000002D45D0414640460E6800210160DB04A9
:10E1500068D401230022216AA847431C00D16EE045
:10E160000C23E25EE56A520706D56368C01A636B4A
:10E17000002B01D0236CC01A020000234046216A04
:10E18000A8470C22A35E421C4ED1424611681D29AD
:10E1900066D8354ACA40D20762D5344A1A40A281AD
:10E1A0000022626022692260DB0403D543461B68BB
:10E1B000002B42D04346616B1E60002908D023002B
:10E1C0004433994202D0404600F0C9FC0023636307
:10E1D000002080BCB846F0BD0E69002EF8D00D6856
:10E1E0000022AD1B0E609B0700D14A69A260002D82
:10E1F00004DCEDE736182D1A002DE9DD2B00320086
:10E200004046216AA76AB8470028F3DC4022012073
:10E21000A38940421343A381DBE7216C002900DD81
:10E220008DE7D5E7606D9EE7104A1A40A281002273
:10E23000626022692260DB04BCD56065BAE74346B0
:10E240001B68002B00D18BE71D2B06D0162B04D0AA
:10E250004022A3891343A381BBE743461E60B7E76F
:10E2600040221343A381B4E701004020FFF7FFFFE2
:10E270000B6970B505000C00002B1AD0002802D0E5
:10E28000036A002B17D00C22A35E002B11D0A26EC4
:10E29000D20701D49B0511D528002100FFF73EFFCE
:10E2A000A36E0500DB0702D4A3899B050BD52800CC
:10E2B00070BD0025FBE7FAF76DF8E4E72000583061
:10E2C00000F017FCE8E72000583000F016FCEEE7FD
:10E2D00070B5041E2ED00369002B1FD0194B1D688A
:10E2E000002D02D02B6A002B1BD00C22A35E002B2A
:10E2F00014D0A26ED20701D49B0516D528002100A8
:10E30000FFF70CFFA36E0500DB0708D4A3899B056C
:10E3100005D42000583000F0F0FB00E00025280074
:10E3200070BD2800FAF736F8DFE72000583000F01B
:10E33000E0FBE3E7044A05490548FCF77BF90500E3
:10E34000EDE7C046700C0020C00C002071E2001008
:10E35000740C0020F8B506000F001400002802D04D
:10E36000036A002B3DD0A369A360A3891B071AD5BC
:10E370002369002B17D022686169D31A99421EDDE8
:10E380000133FF25A1683D400139A160511C216086
:10E39000177062699A421BD0A389DB0701D50A2D49
:10E3A00016D02800F8BD21003000FEF74BF90028F8
:10E3B00014D1236922686169D31A9942E0DC2100F3
:10E3C0003000FFF755FF002808D101232268D8E765
:10E3D00021003000FFF74CFF0028E2D001256D42FC
:10E3E000DFE7F9F7D7FFBEE710B5034B0A000100DE
:10E3F0001868FFF7AFFF10BD700C002030B583B078
:10E40000069D034C0095E4256459A04703B030BD38
:10E41000CC0C002082B000290AD0002A0BD0002B9F
:10E420000BD013780B601078431E984102B07047F0
:10E4300001A9002AF3D10020F8E702204042F5E7C5
:10E44000F0B546464F46D646C0B58E6880460C00AD
:10E4500017001D0008689E4239D80C228B5E90225E
:10E46000D200134210D135002A003900FCF756F8CB
:10E470000020A3689B1BA36023685B192360E0BC9A
:10E48000BA46B146A846F0BD0969461A6069B24667
:10E4900042001218D00F8218681C52108019914641
:10E4A000904201D9020081465B0512D51100404619
:10E4B00000F027FB061E1FD052462169F7F764FEC5
:10E4C000A389124A134080221343A38106E01E0051
:10E4D000CAE7404600F033FB061E09D053464A46C1
:10E4E000F0186261D21A266120602E00A260BBE79C
:10E4F0004046216900F033FB0C2342461360402262
:10E500000120A38940421343A381B8E77FFBFFFFAB
:10E51000F0B55746DE464E464546E0B5936883B0B3
:10E520000C0092460190002B6FD0136898460B6840
:10E5300045E00C21625E9021C9000A422CD060693E
:10E5400021695D1A43001B18D80FC3185B10994648
:10E550006B1C9B1948464B4501D9994618008023EE
:10E56000DB001A423AD00100019800F0CAFA071EF7
:10E570003ED02A002169F7F707FEA389284A1340F5
:10E5800080221343A3814B4678195D1B2761A56048
:10E5900037003500206063612A005946FBF7BEFF53
:10E5A00052465146A368DB1BA36092682368921B06
:10E5B0005B1923608A60002A27D0082290444246D3
:10E5C0001268934642465668002EF6D0A768180097
:10E5D0003D00B742ADD937003500DDE702000198B4
:10E5E00000F0ADFA071ECED12169019800F0B7FA0C
:10E5F0000C23019A012013604022A3894042134357
:10E60000A38152460023936000E00020002352467D
:10E61000536003B0F0BCBB46B246A946A046F0BD6D
:10E620007FFBFFFFF0B54F464646D646C0B51C00FF
:10E630008B898146884615009CB01B0603D50B6963
:10E64000002B00D118E100232A0004AE73612033AF
:10E6500073761033B37603941378904F002B00D168
:10E660009BE0140004E063780134002B00D1A3E0A8
:10E67000252BF8D1A51A944200D0A0E02378002BD6
:10E6800000D18AE0012300225B420492059300221C
:10E6900000230692079300234332B354B36501333A
:10E6A0009A46013405E05346C01B83402C001343B7
:10E6B0003360052238002178FEF72AF8651C32689D
:10E6C0000028F0D11300DA0602D543222021B154EC
:10E6D0001A0702D543222B21B15421782A2900D0D0
:10E6E00078E0039A111D12680391002A00DA9EE077
:10E6F000F26029782E2900D181E0694C03222000A4
:10E70000FEF706F83368002805D04022001B82403F
:10E71000134301353360802229781A4208D06C29CE
:10E7200006D1934380221201134333606978013587
:10E7300040221A4208D0682906D19343C132FF32E1
:10E7400013433360697801357A2932D0742930D087
:10E750006A2906D1802332681B011343336069782C
:10E76000013506224F483176FDF7D2FF002864D0EC
:10E770004D4B002B53D003AA00923100424648462D
:10E780004A4BFBF73DF8431C07D073696A1C1B1802
:10E7900073611378002B00D063E743469B895B06C7
:10E7A00000D578E070691CB0E0BCBA46B146A84616
:10E7B000F0BD69780135CBE7A51A9442EDD02B0066
:10E7C00041464846FFF73CFE0130E6D073695B19CD
:10E7D000736153E7080030382500092800D989E71C
:10E7E000F26893009B185B001A18F2606978013593
:10E7F000080030380928F4D92E2900D07DE76B783D
:10E800002A2B23D1039B1A1D1B6803927360002BD4
:10E8100002DA01235B427360A97802356DE70722B3
:10E82000039B00200733934308330393ADE7524221
:10E83000F2600222134333605BE703AA00923100C7
:10E8400042464846194BFEF7A9FC9CE7002373603B
:10E850006978013508003038092800D94DE71A00D9
:10E8600093009B185B001A187260697801350800E4
:10E8700030380928F4D940E7402100F042F94346F6
:10E8800018601861002803D0402342465361DAE63D
:10E890000C234A4613600120404284E7E8FC001044
:10E8A000F0FC0010F4FC00100198001041E400108E
:10E8B0000CB410B500249EB002910691094920AB1A
:10E8C00004910791084904CB059102A901931C9476
:10E8D000FFF7A8FE029B1C701EB010BC08BC02B063
:10E8E0001847C046FFFFFF7F0802FFFF0EB410B5B8
:10E8F00000240C499FB0049107910B4921AB05916D
:10E900000A4904CB02900690086802A901931C945E
:10E91000FFF788FE029B1C701FB010BC08BC03B040
:10E920001847C046FFFFFF7F0802FFFF700C002062
:10E9300070B50C23CA5E05000C0096B0930707D58E
:10E9400023004733236023610123636116B070BD48
:10E950000E23C95E002931DB6A4600F0B1F80028B9
:10E960002ADB80212800C900019E00F0CAF80C2291
:10E97000A35E00283DD0802213438022D200626132
:10E98000F0223100120211400A008021A381206090
:10E99000206189018A4234D10E23E15E280000F013
:10E9A0007DF80C22A35E00282BD003229343012282
:10E9B00013438022120119E00C23E25E80231340EE
:10E9C0005A425341F0225B429200134040331900F7
:10E9D00028001E0000F095F80C22A35E002808D045
:10E9E0008022134300222060206166611343A381CB
:10E9F000ACE79A05AAD40322934302221343A381CE
:10EA00009EE780221201F1E770B50C001E000E2374
:10EA1000C95E150096B0002914DB6A4600F050F874
:10EA200000280FDBF022019B120213400B4A8020CA
:10EA30009B185A42534180220001D20033602A6061
:10EA400016B070BDA3891B0603D500234022002009
:10EA5000F4E7802200230020D200EFE700E0FFFF70
:10EA60000CB400B583B004AB04CB0193FDF70EFCEE
:10EA700003B008BC02B018470EB400B582B003ABB7
:10EA80000100054804CB00680193FDF7FFFB02B0CD
:10EA900008BC03B01847C046700C0020002370B5B6
:10EAA000064C05000800236000F080F8431C00D0ED
:10EAB00070BD2368002BFBD02B60F9E7DC1500202C
:10EAC000002370B5074C050008001100236000F01A
:10EAD0005DF8431C00D070BD2368002BFBD02B6079
:10EAE000F9E7C046DC15002010B5F5F746FE10BD6D
:10EAF000704710B500F000FF10BD10B500F034FFF6
:10EB000010BD70B50D000400F5F748FB290020008A
:10EB100000F010F90400F5F729FB200070BD70B576
:10EB20000D0016000400F5F739FB32002900200023
:10EB300000F0AAF80400F5F719FB200070BD70B5CD
:10EB40000D0016000400F5F729FB32002900200013
:10EB500000F0D2FC0400F5F709FB200070BD70B591
:10EB60000D000400F5F71AFB2900200000F0DAFB85
:10EB7000F5F7FCFA70BD0020704700005822012014
:10EB8000014B40421A607047DC15002058220120DA
:10EB9000014B40421A607047DC15002058220120CA
:10EBA000014B40421A607047DC1500205822024B8E
:10EBB00000201A607047C046DC1500205822012052
:10EBC000014B40421A607047DC150020582201209A
:10EBD000014B40421A607047DC1500200120404282
:10EBE0007047704701207047704700207047002031
:10EBF0007047002070477047012070477047002021
:10EC00007047002070470020704770477047002011
:10EC10007047002070470020704770470120704700
:10EC2000704700207047002070470020704700BEEA
:10EC3000FDE70000074A1368002B01D1064B136063
:10EC400006491818884202D810601800704701233E
:10EC50005B42FAE7001B0020C822002000000420CD
:10EC600010B5EFF30583002B00D000BEF7F744FB8F
:10EC7000034C044B9C4200D310BD08CC9847F8E7E6
:10EC8000D4F90010E8F9001010B50B0C140C002B8F
:10EC900030D1002C44D18BB291B25943FFF731FFF0
:10ECA000041E1AD00300083B5A6803239A43043A0F
:10ECB000242A14D80300132A0BD9002303604360CD
:10ECC0001B2A10D900238360C360242A2BD00300A1
:10ECD000103300221A605A609A60200010BD002193
:10ECE000F7F74CFAF9E70300002208331A605A607C
:10ECF0009A60F2E7002C0DD194B289B292B24A43E5
:10ED00009BB26343110C5B18190C03D1190492B226
:10ED10001143C3E7FDF74CFC0C2300240360DCE740
:10ED2000231C8CB2E9E70022030002611833426120
:10ED3000CFE7C046F0B54E46DE46574645460C0086
:10ED4000E0B50B34814685B0162C21D8102900D9A6
:10ED5000CEE000F05DFD102418230221C44DEB1815
:10ED60001A005F68083A974200D17BE103227B6872
:10ED7000B9689343FA68CA6091600121FB185A6828
:10ED800048460A435A6000F04BFD38000830B3E0B3
:10ED900007239C4300D5ABE0A14200D9A8E000F0D6
:10EDA00037FDF823FF339C4200D8BBE1630A00D152
:10EDB000A9E0042B00D984E1A3091900393398464E
:10EDC0003831DB00082252429446A94DEB189C448E
:10EDD0006346DF68BC4500D13EE18C46032619003E
:10EDE00007E0F868002A00DB38E1814200D133E116
:10EDF00007007B68B3431A1B0F2AF2DD61462A0025
:10EE00002F690832974200D123E103207B688343B6
:10EE1000181B0F2800DD89E12A616A610028ACDA3D
:10EE20006A689446934A934200D929E1DA0858095E
:10EE300001238340604618438446D3005B199A68D7
:10EE40006860FB60BA609F60D76001208B109840BB
:10EE500060455FD8634603420AD103239943634662
:10EE600040000431034203D1400004310342FBD08F
:10EE70000323A8469C4683460D00E8004044060054
:10EE8000AA46F3680BE061465A688A43171B1900CB
:10EE9000DB680F2F00DD1FE1002F00DB33E19E4216
:10EEA000F1D1534601339A4608369B07E9D1032234
:10EEB00005E003680838013D834200D0D4E12A42CE
:10EEC000F7D14246594653688B4353605A46520025
:10EED00093469A421DD8002A06D11AE052460432BF
:10EEE00092465A46520093461342F7D05546C4E71D
:10EEF0000C234A461360002005B0F0BCBB46B24666
:10EF0000A946A046F0BD802340223F2190469B00A9
:10EF100058E745460322AF687B6893430293A342B8
:10EF200003D31B1B0F2B00DD85E0534B08200193FF
:10EF30001B6810331E1900F07BFC504BB246039344
:10EF40001B688046013304D0731E1B1842421340D5
:10EF50009A465146484600F079FC8346431C5FD0F0
:10EF6000029BFB18834200D9F8E001994A68524499
:10EF70004A6041460139834200D130E1039800687C
:10EF8000013000D135E15846C31A9B18019A5360ED
:10EF90005A4607231000184003901A4200D1FAE0A5
:10EFA000DC46524601331B1A9C4462444344924659
:10EFB0000A409B1A194048466646E346884600F0D8
:10EFC00045FC431C00D12CE1831B43449A46019B22
:10EFD00001205A68594642445A6053460343A96087
:10EFE0004B60AF4212D0029B0F2B00D8C6E0072126
:10EFF000029B0C3B8B4379680140052019437960E3
:10F00000F918486088600F2B00D912E10199CB6A8A
:10F01000934200D2CA6201990B6B934200D20A63F9
:10F020000323AF687A689A43131BA24200D2A6E07A
:10F030000F2B00DCA3E001222100134311433C19F4
:10F0400079604846AC60636000F0EAFB3800083045
:10F0500052E76B689C46F8E64146D0E6BA68D06055
:10F0600082608AE6DF680231BB4200D1C7E67DE6F6
:10F07000400E0020FF010000E0150020380E0020A7
:10F080005A0A042A64D9142A00D995E010005C3287
:10F090005B30D200AA18083A160092688846964259
:10F0A00003D170E09268964204D0032150688843EF
:10F0B0009842F7D84146D668FE60BA60B760D7601C
:10F0C000C3E6142B54D9542B7ED8230B19006F336D
:10F0D00098466E31DB0075E601200E0045460919A1
:10F0E00004437460B4680835E36038439C60A960E9
:10F0F000E9604860CD6048468D60B75000F090FBF5
:10F1000030000830F8E601200C008A1851680834F5
:10F110000143516022684846D3609A6000F080FB4A
:10F120002000E9E62300E108083317E60126391933
:10F1300034437C6029616961CA608A60320002439D
:10F140004A60F850484600F06BFB38000830D3E6C0
:10F150009A09100039323830D2009BE7AF4200D014
:10F160005EE741460198013942685244426005E732
:10F1700019005C3398465B31DB0023E64860484663
:10F1800000F04EFBB7E60123801083406046184331
:10F190008446686090E71300424653440B40D31AFC
:10F1A000194048465E46884600F050FB431C00D09C
:10F1B0000AE7002398460AE7542A1ED81A0B1000C3
:10F1C0006F326E30D20065E7AA22520093421ED8F9
:10F1D000E30B1900783398467731DB00F2E50B42F8
:10F1E00000D0CBE60120029BA968534403434B6047
:10F1F0000CE75A46039B1A60CAE6AA2040008242E6
:10F200001FD8DA0B100078327730D20042E7184A64
:10F2100093421FD8A30C19007D3398467C31DB0044
:10F22000D0E5039B083B53449B1B9A46002398461A
:10F23000CDE6390048460831FFF791FC019B5A683A
:10F24000E4E60B4882420BD89A0C10007D327C30E9
:10F25000D2001FE7FE237F227E2190469B00B1E56E
:10F26000FE227E20920015E743465B682EE6C046EC
:10F2700054050000F0B5C646050000B580460820DC
:10F280000C0000F0D5FA0600280000F0C1FA224F69
:10F290003100BB685D6803239D4328001138001BC3
:10F2A0008019F5F7FFFF441E7443A64207DC0021D6
:10F2B000404600F0CBFABB685B19984206D0404646
:10F2C00000F0AEFA002080BCB846F0BD4046614276
:10F2D00000F0BCFA01300DD001222D1BBB68154394
:10F2E0000E4A5D60136840461B1B136000F098FADD
:10F2F0000120E8E70021404600F0A8FABA68831A26
:10F300000F2BDCDD064C05492468001B0860012139
:10F310000B435360D3E7C046400E0020E4150020A5
:10F32000380E0020F0B5C6460C00804600B5002916
:10F330003FD000F06DFA210008394E6801253300F6
:10F340000320AB43CA1894465268824328003040D9
:10F35000070063488468644500D16FE064466260DA
:10F36000A41864682C40002F26D10E685D4F891BBD
:10F370009B198E68BE4254D0CF68F760BE60002CE7
:10F380001CD062461D434D601360574A93422CD8EF
:10F39000DA085C090123A340446823434360D30097
:10F3A0001B189A68CB608A609960D160404600F073
:10F3B00037FA80BCB846F0BD002C0FD19B186246CE
:10F3C00001249268474D1C43CE18AA4258D0654686
:10F3D000ED68D560AA604C603360D6E7624635437D
:10F3E0004D601360404A9342D2D95A0A042A3DD84C
:10F3F0009A09140039323834D60086193268083E2A
:10F400000325964203D14CE09268964203D050689F
:10F41000A8439842F8D8D668CE608A60B160D160BF
:10F42000C4E7002C33D1D218604663468068DB689D
:10F430001543C36098604D608A50B7E79A18002F53
:10F4400006D10B68C91A8C68D218CB68E3609C603F
:10F45000012313434B60254B81601B689342A5D861
:10F46000234B40461968FFF705FF9FE7142A13D97D
:10F47000542A1DD81A0B14006F326E34D600BCE724
:10F48000D1609160CA608A604C6033608EE76246EA
:10F490001D434D60136089E714005C325B34D60075
:10F4A000ABE70123A410A340446823434360B3E7C0
:10F4B000AA246400A24205D8DA0B1400783277340B
:10F4C000D6009AE70B4CA24205D89A0C14007D3264
:10F4D0007C34D60091E7FE267E24B6008DE7C04638
:10F4E000400E0020480E0020FF0100003C0E0020CE
:10F4F000E015002054050000F0B545464E46DE46B6
:10F500005746E0B580460D00914683B0002900D1F2
:10F51000B8E04C460B3400F07BF9162C60D8102470
:10F52000A14560D82F00083F796803230E00BB4631
:10F530009A469E43A64200DB80E0B81943680093D8
:10F54000B24B01939B68834200D1AEE00122009B45
:10F5500093439C46844463465B68134200D085E035
:10F560005246009B93439B199C4200DCEFE0012232
:10F570000A420DD139687A1A516800925246914375
:10F580005B189A469C4234DD73189A469C4234DDDF
:10F5900049464046FFF7B5FA814600281CD0594637
:10F5A00001224B6893430200CB18083A934200D1E2
:10F5B000D3E0043E242E00D9D4E003002A00132E09
:10F5C00000D9B5E0116819605168596092689A6075
:10F5D00029004046FFF7C3FA404600F021F93DE01C
:10F5E00007239C439CD50C23424613600023994675
:10F5F00034E0C3688268D3609A6000990F008A681B
:10F60000CB680837D3609A60321F242A00D999E06A
:10F610003B00132A09D92B688B606B68CB601B2ACF
:10F6200000D9BEE010310B0008352A681A606A68FC
:10F630005A60AA689A6056463D00009F01227B6886
:10F64000311B1340B8190F2921D833437B6043681D
:10F6500013434360404600F0E3F8A946484603B030
:10F66000F0BCBB46B246A946A046F0BD01230B4202
:10F6700000D08DE75A461368D31A59680093534651
:10F68000994381E71100FFF73CFA8146E6E73E190E
:10F69000234311437B607160310043680831134399
:10F6A00043604046FFF75BFAD4E752462000009BD8
:10F6B000103093439B19834263DAC90700D567E78B
:10F6C00039687A1A51680092524691435B189A46FB
:10F6D000984200DD58E70099CB688A68D3609A6049
:10F6E0000B00321F08339946242A76D8132A08D9EA
:10F6F0002B688B606B68CB601B2A73D810310B00B2
:10F7000008352A681A606A685A60AA689A60009880
:10F71000019B01199960534601221B1B13434B6047
:10F720004368134023434360404600F079F895E76F
:10F730002B6803606B6843601B2E18D803000832E7
:10F7400008333FE729003800FAF7E8FE73E7C2689C
:10F7500081681E00CA60916070E703225B68934372
:10F76000F6186BE732002900FAF7D8FE30E7AB68ED
:10F770008360EB68C360242E1ED003001032103368
:10F7800020E7019A3919916001221B1B13434B603A
:10F790007B684046134023437B6000F041F8A94654
:10F7A0005CE7AB6800990B61EB684B61242A0BD0D6
:10F7B0000B001035183338E72B691832036103004A
:10F7C000696918334161FDE62B6900998B610B0073
:10F7D0006A692033CA61183527E729001800FAF74B
:10F7E0009DFE94E7AB6800990B61EB684B61242A9E
:10F7F00003D00B001035183383E72B6900998B6118
:10F800000B006A692033CA6118357AE7400E002080
:10F8100010B50248FFF76DF910BDC04680120020F8
:10F8200010B50248FFF769F910BDC04680120020EC
:10F83000802310B55B01082801D1180010BDFCF72A
:10F84000B7FE16230360173BF7E7C046002370B5E9
:10F85000064C050008002360FFF7ECF9431C00D0BC
:10F8600070BD2368002BFBD02B60F9E7DC1500206E
:10F87000F8B5C0460000000001B40248844601BC4F
:10F88000604700BF1505002001B40248844601BC52
:10F89000604700BF8502002001B40248844601BCD5
:10F8A000604700BFDD05002001B40248844601BC6A
:10F8B000604700BFC10A002001B40248844601BC71
:10F8C000604700BFD508002001B40248844601BC4F
:10F8D000604700BFC50A002001B40248844601BC4D
:10F8E000604700BFAD0A002001B40248844601BC55
:10F8F000604700BFC10A002001B40248844601BC31
:10F90000604700BF5D01002001B40248844601BC8D
:10F91000604700BFAD01002001B40248844601BC2D
:10F92000604700BF4902002001B40248844601BC80
:10F93000604700BF990A002001B40248844601BC18
:10F94000604700BF850A002001B40248844601BC1C
:10F95000604700BFD509002001B40248844601BCBD
:10F96000604700BFB108002001B40248844601BCD2
:10F97000604700BFAD02002001B40248844601BCCC
:10F98000604700BF8509002001B40248844601BCDD
:10F99000604700BF1D010020316300105D6300104F
:10F9A000395200106D61001071590010B1600010E3
:10F9B000F96300107963001099630010AD630010C3
:10F9C00095470010B563001069480010E962001007
:10F9D000414400109D620010E531001071370010A5
:10F9E000693D0010B53E001048656C6C6F20667272
:10F9F0006F6D20746865205069636F2057005069EF
:10FA0000636F2053657269616C0052617370626547
:10FA1000727279205069005069636F000D0A0065A9
:10FA20007869740053797374656D20636C6F636BD0
:10FA3000206F66202575206B487A2063616E6E6F9B
:10FA4000742062652065786163746C7920616368F5
:10FA500069657665640049525120737461636B2057
:10FA60006F766572666C6F77000A2A2A2A205041E9
:10FA70004E4943202A2A2A0A004E6F207370696E6D
:10FA80006C6F636B732061726520617661696C6174
:10FA9000626C65004E6F2075736572204952517318
:10FAA0002061726520617661696C61626C650048F5
:10FAB0006172647761726520616C61726D2025648A
:10FAC00020616C726561647920636C61696D656445
:10FAD00000486172642061737365727400556E68CA
:10FAE000616E646C65642049525120307825780A33
:10FAF00000657020253032582077617320616C7268
:10FB00006561647920617661696C61626C6500434E
:10FB1000616E277420636F6E74696E7565207866F8
:10FB20006572206F6E20696E616374697665206509
:10FB30007020253032580000000000000000000056
:10FB40006B320010E53300106D330010AD33001040
:10FB5000D1320010113300107D3200102135001019
:10FB60006132001081350010E53400100000000003
:10FB7000B1710010317200105572001095720010B2
:10FB80003173001009740010000000000000000034
:10FB90000BEC0010000000000DEC00100FEC00104A
:10FBA00013EC001017EC0010000000000000000033
:10FBB000E3EB0010E5EB0010E9EB0010EBEB0010BD
:10FBC000EFEB0010F3EB001000000000000000005D
:10FBD000F7EB0010F9EB0010FDEB0010FFEB00104D
:10FBE00003EC001007EC0010000000000000000013
:10FBF0001BEC00101DEC001021EC001023EC001099
:10FC000027EC00102BEC0010000000002E0000007C
:10FC10006E660000696E697479000000616E000014
:10FC2000494E4600696E66004E414E006E616E00A0
:10FC30003000000042616C6C6F6320737563636514
:10FC400065646564000000002F776F726B646972F1
:10FC50002F7265706F2F6E65776C69622F6E657796
:10FC60006C69622F6C6962632F7374646C69622FB4
:10FC70006764746F612D6765746865782E63000032
:10FC80000A000000496E66696E6974790000000020
:10FC90004E614E005245454E54206D616C6C6F6351
:10FCA0002073756363656564656400002F776F7208
:10FCB0006B6469722F7265706F2F6E65776C696205
:10FCC0002F6E65776C69622F6C6962632F73746441
:10FCD0006C69622F64746F612E6300004300000042
:10FCE000504F534958000000232D302B20000000B6
:10FCF000686C4C00656667454647000065256C6486
:10FD00000000000030313233343536373839414263
:10FD10004344454600000000303132333435363735
:10FD20003839616263646566000000002C206675E6
:10FD30006E6374696F6E3A20000000006173736532
:10FD40007274696F6E2022257322206661696C656A
:10FD5000643A2066696C6520222573222C206C6928
:10FD60006E65202564257325730A00002F776F7256
:10FD70006B6469722F7265706F2F6E65776C696244
:10FD80002F6E65776C69622F6C6962632F73746480
:10FD90006C69622F6D707265632E63000000000055
:10FDA0005A8500108A8400108A8400108A8400100A
:10FDB0008A8400108A8400108A8400108A840010CB
:10FDC0008A8400107A8500107A8500107A850010E8
:10FDD0007A8500107A8500108A8400108A840010C9
:10FDE0008A8400108A8400108A8400108A8400109B
:10FDF0008A8400108A8400108A8400108A8400108B
:10FE00008A8400108A8400108A8400108A8400107A
:10FE10008A8400108A8400108A8400108A8400106A
:10FE20007A8500108A8400108A8400108A84001069
:10FE30008A8400108A8400108A8400108A8400104A
:10FE40008A8400108A8400108A8400104C85001077
:10FE50008A8400101C8C0010349000101E9000103A
:10FE60006E900010689000104C9000101E900010D2
:10FE700035000000CEFBFFFFCB03000001000000B7
:10FE80000000000034000000CEFBFFFFCB030000A9
:10FE90000100000000000000BC89D897B2D29C3C51
:10FEA00033A7A8D523F649393DA7F444FD0FA53261
:10FEB0009D978CCF08BA5B25436FAC642806681108
:10FEC0000000000000000000000000000000000032
:10FED0000000000000000000000000000000000022
:10FEE0000000000000000000000000000000000012
:10FEF0001011121314151617181900000000000035
:10FF0000001A1B1C1D1E1F00000000000000000046
:10FF100000000000000000000000000000000000E1
:10FF2000001A1B1C1D1E1F00000000000000000026
:10FF300000000000000000000000000000000000C1
:10FF400000000000000000000000000000000000B1
:10FF500000000000000000000000000000000000A1
:10FF60000000000000000000000000000000000091
:10FF70000000000000000000000000000000000081
:10FF80000000000000000000000000000000000071
:10FF90000000000000000000000000000000000061
:10FFA0000000000000000000000000000000000051
:10FFB0000000000000000000000000000000000041
:10FFC0000020202020202020202028282828282029
:10FFD0002020202020202020202020202020202021
:10FFE0002088101010101010101010101010101089
:10FFF0001004040404040404040404101010101079
:020000041001E9
:100000001010414141414141010101010101010142
:100010000101010101010101010101011010101094
:100020001010424242424242020202020202020214
:100030000202020202020202020202021010101068
:100040002000000000000000000000000000000090
:1000500000000000000000000000000000000000A0
:100060000000000000000000000000000000000090
:100070000000000000000000000000000000000080
:100080000000000000000000000000000000000070
:100090000000000000000000000000000000000060
:1000A0000000000000000000000000000000000050
:1000B0000000000000000000000000000000000040
:1000C0000000000050C9001004C8001050C9001002
:1000D000CAC9001004C80010C0C80010C8C8001069
:1000E000C8C80010C8C80010C8C80010C8C8001090
:1000F000C8C80010C8C80010C8C80010C8C8001080
:1001000004C8001004C8001004C8001004C800107F
:1001100004C8001004C8001004C80010BCC90010B6
:1001200004C8001004C8001004C800107EC90010E4
:1001300074C9001004C8001004C8001010C90010D1
:1001400004C8001004C8001004C8001004C800103F
:10015000ECC7001004C8001004C8001004C8001048
:1001600004C8001004C8001060C9001004C80010C2
:1001700004C8001004C8001004C800106AC90010A8
:1001800004C8001004C8001004C8001004C80010FF
:1001900004C8001004C8001004C80010BCC9001036
:1001A00004C8001004C8001004C800107EC9001064
:1001B00074C9001004C8001004C8001010C9001051
:1001C00004C8001004C8001004C8001004C80010BF
:1001D000ECC7001004C8001004C8001004C80010C8
:1001E00004C8001004C8001060C9001004C8001042
:1001F00004C8001004C8001004C800106AC9001028
:100200006CD2001058D2001058D2001058D20010F2
:1002100058D200107AD3001058D2001058D20010D3
:1002200058D2001058D2001058D2001058D20010E6
:1002300058D2001058D2001058D2001058D20010D6
:10024000D0D200108AD2001058D2001058D200101C
:1002500058D2001058D200108AD2001058D2001084
:1002600058D2001058D2001058D200105AD30010A3
:10027000B0D20010E4D2001058D2001058D20010B2
:100280006CD2001058D20010B0D2001058D200101A
:1002900058D2001056D300100500000019000000CD
:1002A0007D00000000000000BC89D897B2D29C3CC1
:1002B00033A7A8D523F649393DA7F444FD0FA5324D
:1002C0009D978CCF08BA5B25436FAC642806C80A9B
:1002D0000080E03779C34143176E05B5B5B8934642
:1002E000F5F93FE9034F384D321D30F94877825A0E
:1002F0003CBF737FDD4F1575000000000000F03F2C
:1003000000000000000024400000000000005940F0
:100310000000000000408F40000000000088C34043
:1003200000000000006AF8400000000080842E41B8
:1003300000000000D01263410000000084D7974104
:100340000000000065CDCD41000000205FA002420A
:10035000000000E876483742000000A2941A6D427F
:10036000000040E59C30A2420000901EC4BCD64272
:1003700000003426F56B0C430080E03779C341431D
:1003800000A0D8855734764300C84E676DC1AB4393
:10039000003D9160E458E143408CB5781DAF1544B1
:1003A00050EFE2D6E41A4B4492D54D06CFF080448C
:1003B000F64AE1C7022DB544B49DD9794378EA44A1
:1003C000D02330B5802400251B061A68044BD200C8
:1003D0009B186404186859680019694103C330BD4B
:1003E0009015002070B5D025FF232D062B6500F059
:1003F00037FD01242B6D234209D000F011FD054B80
:100400009842F7D1044B1C701A78002AFCD100F0F6
:1004100037FD70BD2ED0DEC09B210020D0230021EF
:100420001B0630B51C780568EFF3108372B62A6896
:10043000002AFCD0BFF35F8F057902687F2D06D9B3
:100440000471BFF35F8F116083F3108830BDBFF379
:100450005F8F116083F3108820BFE4E7D02370B56D
:1004600000251B061B785EB20468EFF3108272B69B
:1004700021680029FCD0BFF35F8F04240457016872
:10048000B44201D0002C0ADA03714379013343717D
:10049000BFF35F8F00230B6082F3108870BDBFF342
:1004A0005F8F0D6082F3108820BFDDE7030010B579
:1004B0000068EFF3108472B60268002AFCD0BFF324
:1004C0005F8F04229A56002A0CDAD02201201206ED
:1004D00012681A711B68BFF35F8F00221A6084F3E1
:1004E000108810BD002901D10020F3E70A60FBE766
:1004F000F7B51F00D023050016001B061B680193EB
:100500002968EFF3108372B60A68002AFCD0BFF3A3
:100510005F8F297900242A687F2908D901992971D8
:10052000BFF35F8F146083F310880120FEBDBFF31B
:100530005F8F146083F310883000390000F0A8FC4E
:100540000028DDD02000F1E7F8B50D00040000F030
:100550008FFCFA2206000F000023920028000021E1
:1005600000F056FC02000B0092197B41002B02DACE
:100570000122034B52422000FFF7BAFFF8BDC046EC
:10058000FFFFFF7F0168EFF3108372B60A68002A4D
:10059000FCD0BFF35F8FFF2202710268BFF35F8F51
:1005A0000021116083F3108840BF704710B50168C7
:1005B000EFF3108272B60B68002BFCD0BFF35F8F95
:1005C00043790168013BDBB24371002B08D1FF2462
:1005D0000471BFF35F8F0B6082F3108840BF10BDC2
:1005E000BFF35F8F00230B6082F31088F7E70000F2
:1005F000F0B587B0019104004078023804281BD878
:1006000000F0C0FB03B31237B50001215A4B1A7832
:100610008A431A701A7849188A431A7000225A704D
:1006200004211A788A4306E0534B1A78D20724D55E
:10063000042219780A431A70504B1D686969EFF358
:10064000108372B60A68002AFCD0BFF35F8FAB61DB
:100650002100280000F0CCFB6A69AB69BFF35F8F13
:100660000021116083F31088884206D061782078D9
:100670006CE0414B1A78D207D2D407B0F0BDAB4240
:1006800068D93F4B6A011B689B18002B66D1013566
:10069000EDB23C4B1B781A1DAA42F0DA364F3B787C
:1006A0005B072CD504223B7803AD9343002128003F
:1006B00008323B7000F0BCFB23782B7005236B7075
:1006C0002E4B1E687169EFF3108372B60A68002A18
:1006D000FCD0BFF35F8FB3612900300000F088FBCE
:1006E0007269B369BFF35F8F0021116083F31088D3
:1006F000884204D069782878019A00F071FBFB7871
:10070000DB07BAD5237803AD2B7003236B706368C6
:100710006B601A4B1C686169EFF3108372B60A684C
:10072000002AFCD0BFF35F8FA3612900200000F0F6
:100730005FFB6269A369BFF35F8F0021116083F3E0
:100740001088884200D198E769782878019A00F0EB
:1007500047FB92E70C4AEB1A5B019B18DB69002B05
:1007600095D020786168984791E7002591E7074A7E
:100770001378013313705FE7A1210020B81900201E
:100780008C1600209C2100206CFB0010B52200205C
:10079000084A10B51378002B0AD180230648074970
:1007A0005B051C68C45004338B42FAD101231370DB
:1007B00010BDC046B6220020BC1900100001001078
:1007C00010B5014B984710BDBD190020002310B58E
:1007D000011D064C9A00145901338C50062BF8D198
:1007E000A0235B051B68036010BDC04604000240E7
:1007F000002330B5041D9A00A158054D0133515115
:10080000062BF8D1A02302685B051A6030BDC046F4
:1008100004000240F0B5142518248DB023880091FF
:1008200007002949288816009847238801902749FE
:10083000288898472388264902902888984703905B
:10084000FFF7A6FF05A8FFF7C1FF019B9847029B92
:10085000984780231F489B000268103C5340C022E9
:10086000920013401C4AA4461360C0223300520574
:1008700034001C430ED1C02302689B009343164AE8
:100880001360039B9847FFF79BFF05A8FFF7B0FF96
:100890000DB0F0BD65460221946A25400C4208D097
:1008A000002E06D09C1B0D2C03D83C78013E14660C
:1008B0000137002DDCD0002BDAD00099146E013BFB
:1008C0000C7001310091D3E7494600004558000003
:1008D000464300000C8001400C90014000231900A9
:1008E00010B50948DA00121801339160D1600F2B5E
:1008F000F7D1F02292000021044800F099FA044B4D
:10090000044A1A6010BDC04600001050441B00206D
:10091000041F002080011050F0B500250126174B60
:1009200085B09F6D002F01D0202D01D105B0F0BD05
:100930003E421FD0124B6C089E6501236400AB43FE
:10094000E418104B6401E418200000F0FDF90028C1
:100950000FD0E38AE0210393002301A8A278C90005
:100960000180012102714371FFF742FE200000F077
:1009700083F9B74301357600EDB2D3E7000011509B
:1009800000301150041B0020624BF0B51D6880231D
:100990002C009B0285B01C401D422DD05E4B5F4C4D
:1009A0009A6A5F4B5F4F1A600023E27E022A07D1EA
:1009B000A67E002E04D0237F002B00D0A0E03300C1
:1009C0004034BC42F1D1002B07D1574B1B78002B90
:1009D00003D18022554B92021A60C0226946544BC3
:1009E00092009B6C80245B058A805B0D012101A82D
:1009F0000293FFF7FDFDA40210231D4202D01C4309
:100A0000FFF78AFF80235B021D4235D00226494F43
:100A10001C43BB7E002B1AD000F0F2F9012806D946
:100A2000454B434A1E66536E3340B342FBD1C0224E
:100A300000213800920100F025F9380000F01CF97F
:100A400000F0DEF9012802D93C4B5E661E660123E8
:100A5000FB7020379E4259D1C0236A46DB00938049
:100A6000374A02AB03CA03C3310001A8FFF7C0FD38
:100A70008022324B92021A6580235B011D4217D0FF
:100A800000272B4E1C433760FFF728FF80236A4660
:100A90005B0093801772012101A8FFF7A9FD802256
:100AA000264B12031A65F36CDB0301D500F0D0F975
:100AB0008023DB011D420BD01C4380236A46DB00F0
:100AC0009380012101A8FFF793FD10221B4B1A65AB
:100AD00080231B021D420CD01C43A0236A46DB006E
:100AE0009380012101A8FFF783FD8022134B12019F
:100AF0001A65AC420CD021001248694000F0A0F900
:100B000000232000237700F0E5F858E7012680E76E
:100B100005B0F0BD9800115000400540241B002096
:100B2000EC1A0020241F00209E210020903011503C
:100B300000001150041B0020002011500030115003
:100B400000001050DDFA00100300F0B51A8B808A07
:100B500094B2844200D9021CDD7892B2801A988245
:100B600028008024461EB041E40014434003204383
:100B700001246C40DC705C78002C0BD1DD688E01A8
:100B8000AD191E69A2420FD11C69A2181A618022F8
:100B9000120210439B8A002B02D18023DB011843F1
:100BA000002900D00004F0BD375D2F550134E9E77E
:100BB000074B1B6C9B0701D5002070478378DB092E
:100BC000012BF9D1C07E023843425841F5E7C046B7
:100BD0000000115010B5FFF7EBFF00280AD0064BBC
:100BE000064A9B6A064912685B189B1A0020C622B7
:100BF0009A42404110BDC04600400540EC1A00201A
:100C0000E0FCFFFF8368020030B51B68002900D0BC
:100C10001B0C9B05980D5378002B08D1D38AC31861
:100C2000D382138B834201D90023938230BDD368D2
:100C30008901591800231469984206D1D38AC31830
:100C4000D38213691B181361EBE7CD5CE5540133C4
:100C5000F2E710B50400836800211B68FFF7D2FF9C
:100C600063681B685B0006D5238B834203D1012197
:100C70002000FFF7C7FF10BD0023837603614361A7
:100C80007047000010B58368002901D01C6821401E
:100C9000002A15D08024E4001143224210D01A68A3
:100CA000224203D08178084800F0CAF8074A0A4077
:100CB0001A60074B1B6C9B0702D40C23033BFDD22D
:100CC0008368196010BDC046F1FA0010FFFBFFFFFA
:100CD00000001150436870B50021802504001E6893
:100CE000FFF732FF154B6D011A6C0543A37892078D
:100CF00019D4DB43DBB2DB09A28A002A19D0002B0E
:100D000017D101212000FFF71FFF0D4B0543334092
:100D1000A026F6051E4363682A001E6000212000FD
:100D2000FFF7B0FF70BD7F2213405A1E9341DBB224
:100D3000E2E7044B1E4080239B05EBE700001150C7
:100D4000FFFFFFDFFFFFFFAF70B5847E0500002CC3
:100D500003D181780A4800F073F8FFF77AFFAB8A75
:100D6000002B07D02800FFF735FF041E04D0012315
:100D700000242B77200070BD2800FFF7ABFFF9E7B8
:100D80000FFB001002B4714649084900095C490094
:100D90008E4402BC7047C04603B471464908400007
:100DA0004900095E49008E4403BC704703B4714694
:100DB000490840004900095A49008E4403BC704765
:100DC0007047C0469140030090409C46203A9340B3
:100DD000194352426346D340194370470000000054
:100DE00001B40248844601BC604700BF5D65001045
:100DF00001B40248844601BC604700BFD1780010AE
:100E000001B40248844601BC604700BF1D81001048
:100E100001B40248844601BC604700BF396100103C
:100E200001B40248844601BC604700BFC96100109C
:100E300001B40248844601BC604700BF7D610010D8
:100E400001B40248844601BC604700BFF94200106B
:100E500001B40248844601BC604700BFC180001055
:100E600001B40248844601BC604700BF9D410010A8
:100E700001B40248844601BC604700BF454E0010E3
:100E800001B40248844601BC604700BF6D410010B8
:100E900001B40248844601BC604700BF414D0010C8
:100EA000010000000A000000100000000000000027
:100EB000000001000000000000000000000002002F
:100EC000000000000000000000000300000000001F
:100ED000000000000000040000000000000000000E
:100EE0000000050000000000000000000000FF00FE
:100EF0000000000001B5486801318E460047704689
:100F000009380149884701BD9D46001000000000D6
:100F1000FFFFFFFFFFFFFF7F000000000000000059
:100F2000000000000000000000000000101400207D
:100F3000503300004C3300005433000052330000A3
:100F40004D5300004D430000533400004334000073
:100F5000F521002010000C0000000000000000003F
:100F6000000000000000000000000000FF00000082
:100F7000740C002000000000B0120020201300209C
:100F8000901300200000000000000000000000009E
:100F90000000000000000000000000000000000051
:100FA0000000000000000000000000000000000041
:100FB0000000000000000000000000000000000031
:100FC0000000000003000000B012002043000000F9
:100FD0000000000000000000000000000000000011
:100FE00000000000000000000000000043000000BE
:100FF00000000000000000000000000000000000F1
:10100000000000000000000000000000430000009D
:1010100000000000000000000000000000000000D0
:10102000000000000000000000000000430000007D
:1010300000000000000000000000000000000000B0
:10104000000000000000000000000000430000005D
:101050000000000000000000000000000000000090
:10106000000000000000000000000000430000003D
:101070000000000000000000000000000000000070
:10108000000000000000000000000000430000001D
:101090000000000000000000000000000000000050
:1010A000000000000000000000000000BDC00010B3
:1010B00015E4001000000000C0FF00100CFC001040
:1010C00038FD001038FD001038FD001038FD00100C
:1010D00038FD001038FD001038FD001038FD0010FC
:1010E00038FD0010FFFFFFFFFFFFFFFFFFFFFFFFC7
:1010F000FFFF000001004153434949000000000088
:1011000000000000000000000000000000000000DF
:101110000000000000004153434949000000000066
:1011200000000000000000000000000000000000BF
:101130000000000000000000FFFFFFFF00000200B1
:101140000000000000000000400E0020400E0020C3
:10115000480E0020480E0020500E0020500E0020A7
:10116000580E0020580E0020600E0020600E002057
:10117000680E0020680E0020700E0020700E002007
:10118000780E0020780E0020800E0020800E0020B7
:10119000880E0020880E0020900E0020900E002067
:1011A000980E0020980E0020A00E0020A00E002017
:1011B000A80E0020A80E0020B00E0020B00E0020C7
:1011C000B80E0020B80E0020C00E0020C00E002077
:1011D000C80E0020C80E0020D00E0020D00E002027
:1011E000D80E0020D80E0020E00E0020E00E0020D7
:1011F000E80E0020E80E0020F00E0020F00E002087
:10120000F80E0020F80E0020000F0020000F002034
:10121000080F0020080F0020100F0020100F0020E2
:10122000180F0020180F0020200F0020200F002092
:10123000280F0020280F0020300F0020300F002042
:10124000380F0020380F0020400F0020400F0020F2
:10125000480F0020480F0020500F0020500F0020A2
:10126000580F0020580F0020600F0020600F002052
:10127000680F0020680F0020700F0020700F002002
:10128000780F0020780F0020800F0020800F0020B2
:10129000880F0020880F0020900F0020900F002062
:1012A000980F0020980F0020A00F0020A00F002012
:1012B000A80F0020A80F0020B00F0020B00F0020C2
:1012C000B80F0020B80F0020C00F0020C00F002072
:1012D000C80F0020C80F0020D00F0020D00F002022
:1012E000D80F0020D80F0020E00F0020E00F0020D2
:1012F000E80F0020E80F0020F00F0020F00F002082
:10130000F80F0020F80F002000100020001000202F
:1013100008100020081000201010002010100020DD
:10132000181000201810002020100020201000208D
:10133000281000202810002030100020301000203D
:1013400038100020381000204010002040100020ED
:10135000481000204810002050100020501000209D
:10136000581000205810002060100020601000204D
:1013700068100020681000207010002070100020FD
:1013800078100020781000208010002080100020AD
:10139000881000208810002090100020901000205D
:1013A0009810002098100020A0100020A01000200D
:1013B000A8100020A8100020B0100020B0100020BD
:1013C000B8100020B8100020C0100020C01000206D
:1013D000C8100020C8100020D0100020D01000201D
:1013E000D8100020D8100020E0100020E0100020CD
:1013F000E8100020E8100020F0100020F01000207D
:10140000F8100020F810002000110020001100202A
:1014100008110020081100201011002010110020D8
:101420001811002018110020201100202011002088
:101430002811002028110020301100203011002038
:1014400038110020381100204011002040110020E8
:101450004811002048110020501100205011002098
:101460005811002058110020601100206011002048
:1014700068110020681100207011002070110020F8
:1014800078110020781100208011002080110020A8
:101490008811002088110020901100209011002058
:1014A0009811002098110020A0110020A011002008
:1014B000A8110020A8110020B0110020B0110020B8
:1014C000B8110020B8110020C0110020C011002068
:1014D000C8110020C8110020D0110020D011002018
:1014E000D8110020D8110020E0110020E0110020C8
:1014F000E8110020E8110020F0110020F011002078
:10150000F8110020F8110020001200200012002025
:1015100008120020081200201012002010120020D3
:101520001812002018120020201200202012002083
:101530002812002028120020301200203012002033
:1015400038120020381200200000000000000000C7
:10155000000000000000000000000000000000008B
:10156000000000000000000000000000000000007B
:10157000000000000000000001000000000000006A
:10158000010000000000000000000000000000005A
:101590000100000000000000010000000000000049
:0815A000010000000000000042
:0400000510000000E7
:00000001FF
