:020000041000EA
:1000000000B5324B212058609868022188439860DF
:10001000D860186158612E4B002199600221596106
:100020000121F02299502B49196001219960352056
:1000300000F044F80222904214D00621196600F024
:1000400034F8196E01211966002018661A6600F04E
:100050002CF8196E196E196E052000F02FF8012189
:100060000842F9D1002199601B49196000215960AB
:100070001A491B48016001219960EB211966A021F2
:10008000196600F012F800219960164914480160C1
:100090000121996001BC002800D000471248134993
:1000A000086003C880F30888084703B5996A0420EC
:1000B0000142FBD001200142F8D103BD02B5186610
:1000C0001866FFF7F2FF186E186E02BD00000240BE
:1000D000000000180000070000035F00212200005C
:1000E000F4000018222000A00001001008ED00E03C
:1000F00000000000000000000000000074B24E7A12
:1001000000200420E3010010CB010010CD010010FD
:10011000C9010010C9010010C9010010C901001077
:10012000C9010010C9010010C9010010CF01001061
:10013000C9010010C9010010D1010010D301001045
:10014000C1010010C1010010C1010010C101001067
:10015000C1010010C1010010C1010010C101001057
:10016000C1010010C1010010C1010010C101001047
:10017000C1010010C1010010C1010010C101001037
:10018000C1010010C1010010C1010010C101001027
:10019000C1010010C1010010C1010010C101001017
:1001A000C1010010C1010010C1010010C101001007
:1001B000C1010010C1010010C1010010C1010010F7
:1001C000EFF30580103800BE00BE00BE00BE00BECA
:1001D00000BE00BE00202149086006C881F30888DF
:1001E00010471F480068002801D00020F3E70DA445
:1001F0000ECC002902D000F012F8F9E719491A4A8A
:10020000002000E001C19142FCD1184988471849FB
:1002100088471849884700BEFDE701C901C29A42D4
:10022000FBD3704778020010C00000202423002078
:10023000DC24001030230020842600203028001009
:1002400000000420000004203028001000100420CA
:1002500000100420000000007047000008ED00E0DE
:10026000000000D084260020F02A0020392200203F
:10027000090100208D020020B0B500AF054B064AF1
:100280009A60054B1D68054B1B681C002B009D46A2
:10029000A047C04600ED00E0003000100430001020
:1002A00080B500AF00F016F803001A000123534098
:1002B000DBB2002B01D0FFF7DFFFC046BD4680BD9B
:1002C00080B582B000AF7860396000F04FF8FFF77A
:1002D000D3FF0000104B114A1B6812681B6812689C
:1002E000002010B5934215D080211800D21A490180
:1002F00000F016F900280DD009490A4800F060F90D
:10030000002807D008220849064802F083F8434233
:100310005841C0B210BDC046F4250020F025002091
:10032000B827002004FA0320B82400200D4B012038
:1003300070B5002201269C460B4D40420821AB5C63
:1003400058400300644633405B4223404008013973
:1003500058400029F5D1A32301329B009A42EDD1E8
:10036000C04370BD2083B8ED04FA032070B586B099
:10037000FFF7DCFFA323314C9B00E35883425BD1A2
:10038000A368002B58D000238026019376012B4BC5
:10039000019A9B689A4209D3294B186800F0B8F873
:1003A00000216422080001F027FEFEE7E368012B2C
:1003B00011D12000103000F02BF900283CD0206D26
:1003C00000F0A0F9002837D0656DA36D0093002DD3
:1003D00006D100F0AAF9019B503401330193D6E70E
:1003E0000295B54200D90296029800F061F9039097
:1003F000002821D03200009902F00CF8002814D017
:10040000EFF3108372B6F0220593009B12069B183F
:1004100018003100049302F0A9F8320003990498FF
:1004200002F0E6F8059B83F310888022029B5201BC
:10043000ED1A009B9B18C9E706B070BD04FA0320B3
:10044000B8270020FEE7FEE70020704770B5094C92
:10045000094A236810684B43C018EFF3108572B641
:10046000F0231B062168C01802F080F885F310887D
:10047000002070BD84260020B42700200A4810B553
:1004800000680A4C4843821820688018EFF31084F3
:1004900072B6F022120680181900029A02F0A8F82B
:1004A00084F31088002010BD84260020B42700208B
:1004B00010B50C00074908480968614389180268AB
:1004C00018005118029A01F08BFF044B00201C60A9
:1004D00010BDC04684260020B4270020DC26002062
:1004E000802370B5074C05002200046006495B01BB
:1004F000064801F01BF82B6824185A1C6C602A600F
:10050000187870BD04E7032088260020E02600202C
:1005100010B501000148FFF799FF10BD60270020CA
:10052000F8B51C4B0D0018601B4B1700196080229A
:1005300000211A4801F04EFF194C542200212000DE
:1005400001F048FF174BE5616360174BA360174B41
:10055000E360174B236180235B006361A361002D7F
:1005600004D02900380001F07BFE050010236362EF
:10057000F033A362E3620F4B210063630E4B074825
:10058000A3630E4B2562E36300F0EEFDC043C00F92
:10059000F8BDC046B427002084260020E0260020B5
:1005A00060270020F9020020C502002095020020EB
:1005B0009102002004F9032004F8032004F703202B
:1005C000F0B50F4B99B006000D0000930D4A0123C2
:1005D0000D4803A900F0F6FE002802DA002019B049
:1005E000F0BDA427BF003B003200074803A900F07C
:1005F0009DFFB842F2D1054B01201B682B60EEE74E
:1006000004260020C1240020E0260020DC26002053
:10061000F0B500271F4B87B003931F701E4B0200DD
:1006200000931E4901231E4800F0CCFEB8422BDB8C
:1006300005AC022322001949194800F077FF02286F
:1006400022D11649164801F079F823781F2B02D1E0
:1006500063788B2B02D0012007B0F0BD01F09AF92E
:100660008022104C104B2000104912022760676056
:10067000A36001F090F9200001F001FB002805D0F3
:100680000649074801F05AF80020E5E70123039ADC
:100690001370E0E7EC2A0020F825002088260020CF
:1006A000E0260020005203202903002004670320D5
:1006B0000F4B70B51B7805000E4C002B0BD12B0097
:1006C00022000D490D4800F031FF281A43425841DD
:1006D0004042204070BD0A48651944618461C5618B
:1006E00001F068F903000020012BF3D82000F1E7A6
:1006F000EC2A00200457032088260020E026002052
:100700000052032070B5802604007601002C01D130
:10071000012070BD2500B44200D935002800FFF744
:10072000C7FF0028F5D0641BF0E7704710B50B68D1
:1007300004689C4201D1002010BD4068496888428D
:10074000F9D08C42F7D0181A431E9841F4E783057C
:100750009B1501335A42534118188005800D04300F
:1007600070470200836A2832002B03D08B4202D1EB
:100770001B68136070471A001B68F5E7F0B58BB073
:10078000109E0493129B0992F218836E0C00DB6991
:1007900006909A4205D8C36E002B20D0049A93424B
:1007A0001DD8542040420BB0F0BD6168A5684D19BA
:1007B000AE4248D28E4217D3129BAD1B9D4200D948
:1007C0001D00E368711A59182A00119801F008FEFB
:1007D000119B76195B191193129B5B1B1293129B51
:1007E000002B2CD11298DEE7129B8F1B9F422BD936
:1007F0001F0029E0049B2360059BF31A08936360A4
:10080000099B5F1E039BFF18BF191900380001F0F8
:1008100027FDEB697F1A9F4200D91F00059BAA6A3A
:100820009B1BFF18974200D91700A760009728006C
:10083000E368089A0499079DA8470028B3D1236864
:10084000049A9A42B1D0129F069B30009D6E6B694C
:100850001900039301F004FD6B68099A0793129B3A
:1008600005919342C6D30029C4D1039B129A9342A7
:10087000C0D81900380001F0F3FC7B1A280005915C
:10088000039300933200119B0499079DA847002809
:1008900000D088E7039A119BB6189B181193059B0B
:1008A000129ADB1BD31899E7F0B5036886688DB000
:1008B0008905050006938F0DBE4200D93E00002435
:1008C00013680793536808936B680993A64206D888
:1008D000AB680020BB4221D0BB4240411DE0321B2F
:1008E0000592082A01D908230593059B06990293CE
:1008F0000AAB0193089B08001B190093079BFFF7A5
:100900003DFF00280AD1099B059A19190AA801F090
:1009100081FD002804D0C043C00F01300DB0F0BDF0
:10092000059BE418D2E7F8B5C7690C68083F0E00CC
:100930000020BC4215D33900200001F091FC0138A1
:1009400001F088FC023080003900201A01F088FC98
:10095000050001F07FFC8000241A28006F43E41B8F
:100960003460F8BDF0B50C001500496B85B0002B64
:1009700007D05518012B04D00D00022B01D1E56AD8
:100980005519436FAB4232D32E008D4220D0236BDA
:1009900000935B0329D5876EE26BFB699A421AD0FC
:1009A0000291380002A9FFF7BEFF03A901903800A9
:1009B0000395FFF7B8FF019B83420CD1636C039A48
:1009C000934208D8A16C5B189A4204D26563E26333
:1009D000300005B0F0BD009BDB0202D401235B4276
:1009E0002364044B009A1A4022636563F0E71626DD
:1009F0007642EDE7FFFFFBFF10B50C00826AFF2196
:100A0000E06801F0E7FC01235B42236010BD0000B9
:100A1000F0B59FB01393C36E06000F000592002B34
:100A20000BD01268934204D85424644220001FB0B3
:100A3000F0BD059A52689342F6D9002516AB16957B
:100A400017950693079504220292069AAB0001922D
:100A500000220092059A3100D35830000422FFF79B
:100A60008DFE041E62D003005433DFD1069B043395
:100A70000693012D58D1079B05999A00059B9B5819
:100A80003B60079B5B192B400D939B00CB587B6011
:100A900016ABD358BB600023FB6002331193033BBA
:100AA0000793BB4B18AA11CB11C2390001200422B5
:100AB0000831404200F04CFE079B012505930023BE
:100AC000149010930F9309936D4208932800FFF739
:100AD0003EFE089BB26E1B1808930423029315ABCD
:100AE0000193089B3100009330003B68D269FFF707
:100AF00045FE041E26D02300543397D10025FB6801
:100B00000693002B00D04FE13B687A687B600D9B19
:100B10003A609B0016AA9B58BB60119B012B00D129
:100B200082E701231193BCE701258CE70123069A94
:100B30006B409B0016A912685B58D31A834295DD5F
:100B4000079593E70422149815A900F001FE159B60
:100B500014901BBA6B4006931593A34209DAF02355
:100B60002D0DDB001D408B4BED186B425D41EDB24E
:100B7000C5E70698FFF7EBFDB36EDB690C93089BA6
:100B80000C9AC318934200D9FFE0F021A0223B68E1
:100B9000C9001293089B250004330B93069BD200D7
:100BA0001B0D0B40011F0E91934254D1042302935D
:100BB0001CAB01930B9B310000933000129B0C9AED
:100BC000FFF7DCFD041E96D11C9A149B9A4295D126
:100BD000159B069A1B0DDB075A40069214A90422A6
:100BE000F06A00F0B5FDF0621598FFF7B0FD089BC4
:100BF000C018069BF8603B61099BBB82189BBB61D8
:100C0000199BFB610F9BFB7501235B421493059BB2
:100C10000793069D5AE70E9B5B1B0A93082B01D98D
:100C200008230A930C9B31005A1B0A9B3000029345
:100C30001CAB01930B9BEB180093129BFFF79EFDDF
:100C4000041E00D057E70A9A14981CA900F080FDF2
:100C50000A9B1490ED180E9BAB42DCD8159BE0214B
:100C60001D0D2A00C9000A400D421DD1099A1B031F
:100C70009B0D9A4201D8013309931599249B139D2A
:100C8000139A4B401D401A42C3D13B6827981C93CE
:100C90000B9B1CAA1D93269B9847041E58DA030041
:100CA000543300D12BE7C1E68021C9008A4220D10C
:100CB000099A6DB2521992B237490992059A1140B8
:100CC000364A0A43934205D18023059A1B061A43EC
:100CD0000592D2E7059A0132CFD0059A1B03120381
:100CE0009B0D920D9342C8D8059BAD02EB1805935E
:100CF000C3E7C0213B68C9008A4212D10821B26E05
:100D0000029118A901910B9930000091D26931002C
:100D1000FFF734FD041E00D0EDE601231D400F95C2
:100D2000ABE71F4A6D056D0D9542A6D10821B26E45
:100D300002911AA901910B9930000091D2693100FA
:100D4000FFF71CFD543000D1D8E60123109394E73F
:100D50001599002801D105915BE7059B114A4B408D
:100D600013420FD0022800D053E7059B1A030B0350
:100D7000920D9B0D9A4200D24BE780231B060B433A
:100D8000059346E701235B42FAE72500B7E6C04634
:100D9000E024002000FBFFFF00FC0F000000F04FEC
:100DA000FF05000000FCFF7F0023BB759D4236D08D
:100DB000B46E0698A16901F053FA0D1E2FD1109B55
:100DC0008B422CD0E3690A933B680B931A9B0993DF
:100DD00001235B420893099BAB421AD9099B5B1B19
:100DE0000593082B01D9082305930A9B31005A1B50
:100DF000059B300002931CAB0193069B5B1900938B
:100E00000B9BFFF7BBFC041E25D00300543300D01E
:100E10000CE6089A1B9B9B1A5A425341BB75E02370
:100E2000F46BDB00220D1A4226D03000390040302E
:100E3000FFF77CFC00281FD1079A24031203A30D9F
:100E4000920D9A4210D18024079B24061C43259BB7
:100E5000002B15D11FE0059A08981CA900F078FC1A
:100E6000059B0890ED18B6E7079901311CD007994A
:100E70000E480C189A4200D8079C259B002B07D0DF
:100E8000BA8A23039B0D934200D91300259A13803D
:100E9000002C00DBCAE5BA8A23039B0D00249A428A
:100EA00000D8C3E5023CC1E5079CD0E700FCFFFF8A
:100EB000F0B58BB00793CB68C46B0593E0230D6945
:100EC0000692DB00220D0F00049009951A4200D112
:100ED0007FE04030FFF72AFC002800D079E0069B35
:100EE0001B039B0D834200D173E0079B24031B036C
:100EF000A40D9B0D9C424AD09C42A441A40AA60288
:100F00002800FFF724FC059A031D93423FD8059B58
:100F100004991B1A05930423029309AB0193059BC3
:100F20000800009304223B68FFF728FC011E30D123
:100F3000099B069A1BBA6B405B005B08120309937E
:100F4000920D824219D0E0242A0D80211000E40085
:100F5000C9002040884210D10799881B01038C0DDD
:100F60002903890D8C4208D31C4908401C490143C0
:100F7000A9420CD052B292029619079A0699921B76
:100F80006A40114227D1AC05A315013304D10221D7
:100F9000494208000BB0F0BD129BA40D9C4200D941
:100FA0001C00119B059A0193109B049904339B1814
:100FB00002940093080022003B68FFF7DFFB011E4C
:100FC000E7D1129B1A1B119B181901F003FA711932
:100FD000DFE7002694E71D0092E7C04600FC0F0003
:100FE000000010401FB59C05A40D0294069C0194BE
:100FF00000240094FFF75CFF04B010BDF0B593B07F
:101000000D93036A15688B61436A0F00CB612B78DF
:1010100006900A92002B00D190E04B4C230D0B93CD
:10102000022B04D12800494901F03CFA2D18280070
:10103000464901F011FA0490012806D12B782E2B95
:101040000ED16B1C0793079DE8E7049B022B07D189
:1010500028003F49049A01F0DDF9002800D16DE035
:10106000049BEB181E00079301230593374B09934C
:10107000374B0C933000099901F014FA3618300000
:10108000099901F0E9F9089000281CD0012805D140
:1010900033782E2B13D1089BF618EBE7089B022B15
:1010A0000DD11A0030000C9901F0B4F9002806D1D6
:1010B000059B013B05938342EDD1B31CC2E7059B21
:1010C00001330593E7E72B78002B34D00A9B1D6092
:1010D0000B9B022B35D11F4A23039B0D93420DD04E
:1010E0001D4A1E4B224013433A0018320092390029
:1010F0001B4A0698FFF776FF041E1CDB3E001836DD
:101100000FAB0393174B069A02930D9B0F9201931B
:10111000F023049A39001192009206983200DB0500
:101120001095FFF775FC041E05DB00288BD1FB7DB5
:101130008342E5D1023C200013B0F0BD1624644286
:10114000F9E71424FBE7C04600FC2F00D024002060
:10115000D2240020FF03000000FC0F000800002044
:1011600000FC0F70F1060020F0B504000B6A99B086
:10117000E3664B6B0800A166E360002B03D08B6B2A
:10118000002B02D1E3610C20E1E0E3612100FFF7D5
:1011900033FC2100A06E1031FFF72EFCA16ECB6B4B
:1011A000002B01D16366EEE763660B6C002B5BD00E
:1011B00023674B6C002B00D1784B6367886C002849
:1011C00000D17748A0670B6D5A1C51D0002B0AD173
:1011D000CA6C8B6A002A49D0D208834200D9030026
:1011E000934200D913000125002620006D42E367D9
:1011F00031000C22A662E662256265623C3001F095
:10120000E9F8200031000C22303001F0E3F8200032
:1012100031000C22483001F0DDF831001C2210A80A
:1012200001F0D8F801231E00179304930595169B2F
:101230005A1C03D0179A511C00D0A6E0226BD30F82
:101240009B1823632200230030323C3323CA23C37C
:10125000E56EE06A290001F003F800206165A065F1
:10126000E065256619B0F0BDFF23A1E7CA69B3E7C1
:101270000023B8E7AB4203D105998A4200D18BE045
:101280000499B14205D1150000260499059349003F
:10129000049107AB0393434B434A02930023089204
:1012A00008220193414B099200932000404B16AA5B
:1012B00010A90794FFF7ACFB0028D3DB49D08005C9
:1012C0008015013045D0109B0AAF2362119B20008E
:1012D0006362374A374B009710A9FFF783FE002857
:1012E000C0DB0A990B0C022B30D189B201292DD811
:1012F000236B314A134001224A40520213432363B5
:101300000D9B002B03D0226F93421FD823670E9BA7
:10131000002B03D0626F934218D863670F9B002B9A
:1013200008D0A26F934211D8E26FA3679A4200D906
:101330001A00E267A36E0C9A196A002901D0914243
:1013400004D1E266DB690B9A9A4202D01620404231
:1013500088E70AAF2000194B194A009710A9FFF738
:1013600041FE002804DA831C00D07BE701365EE7EB
:10137000236B0A9A534023637A68636B5340636319
:10138000BA68A36B5340A363F0E705998B4200D082
:1013900070E7AA4200D073E75420D8E7FFFFFF7F31
:1013A000FE030000F1060020D52400200800F00F05
:1013B00000FCFF7F18001020FFFDFFFF0C00F07FF6
:1013C0000000F07FF0B589B00B6300234B63CB6363
:1013D000CB640B00079208330E9A03930A650B1D2A
:1013E0000C0007AA03990600FFF708FE051E12DA93
:1013F000831C2BD1474B079F19003800049301F041
:101400002BF804990590381801F04CF8059B3F180B
:10141000FB5C002B1AD10123A371B36A2360B46271
:10142000AB1C13D02B0D04931525012B49D1A28899
:10143000394B920213432200283200923000374A7F
:101440000399FFF7CFFD0027051E09DA21003000C0
:10145000FFF787F916E0226B04990A4215D101378C
:10146000236D9A689742F6D31B68E364002B27D05C
:101470002100B06E4031FFF7BFFA294A2B0D93428D
:1014800021D00025280009B0F0BD0C21C0207943EF
:101490005A68A388521891689B020B431178800008
:1014A0005268091809050B43009230001D4A039940
:1014B000FFF798FD0028D2DA831CD0D00500C5E7DD
:1014C0000C256D42C2E78023216B5B030B43236332
:1014D000002302226364B36EAD059B6A5242AD0DD8
:1014E000A262E5622264A364CCD0A2880E49920273
:1014F0008B4200D90B001A4380239B051343E26CF7
:10150000300000920399054AFFF76CFD051EB8DA1A
:101510009CE7C046D02400200800002000FC0F708B
:101520000102000000FCFF7FFE030000F0B597B051
:101530000C000A924A6BC96A070000208A4200D355
:10154000D7E08A1A08929A4200D90893089B06931A
:10155000069B002B01D10898CBE08022236BD2029E
:10156000134204D0BA6EE66BD269964215D180223E
:101570005203666B134200D08BE0A26AE36A1392B7
:101580001496002B4CD101221E005242A263E36349
:101590008022236BD20213432363BA6E0699D26969
:1015A0000992921B05928A4200D90591802252032A
:1015B000134200D19FE0059B099A9B199A4200D2E1
:1015C000B4E0230008331093A3885A4A9B021A43BD
:1015D0000A9B11920B93059B0793079B002B00D14D
:1015E00097E0E36C0F93236C023356D1616CA56CCA
:1015F0004D19AE4251D28E424FD3079BAD1B9D4237
:1016000000D91D000F9B711A59182A000B9800F081
:10161000E7FE0B9B76195B190B93079B5B1BDBE7C4
:101620002200BE6E4032013B15A93000099215938D
:10163000FFF779F914A905003000FFF774F9079056
:10164000139B0593079BAB4204D3059B149EA36396
:10165000E6639DE7079BE81A00F0F0FD060028000E
:1016600000F0F2FD1F239E1B864200D906000423D2
:10167000029313AB0193B300009304223800059B3F
:101680000999FFF77BF8002833D10123B340ED1A05
:10169000D6E702235B42A363DAE702235B422364BB
:1016A000BB6E30000D935B6919000C9300F0D8FD00
:1016B000731A0C9A0E936364099B11009D18013DE7
:1016C000AD19280000F0CCFD0D9B6D1A9B6A9D4260
:1016D00000D91D000F9BA56401930E9B3800009359
:1016E000154A119B10990295FFF7E2FB002800DBD9
:1016F00077E717B0F0BD2100059B009602930A9B87
:1017000038000193A36B099A4031FFF737F800289E
:10171000EFD1059A636B9B186363E36B9B18E363DC
:101720000A9B9B180A93069B9B1A10E75420404281
:10173000DFE7C0460000102000FCF7FF002310B5D3
:101740001A00FFF70FF9002800DD002010BD00008F
:1017500070B50F250A4C8A18914200D170BD0B78E4
:10176000060958402840800000591B094640734034
:101770002B409B001B59300958400131ECE7C04613
:10178000E8240020F0B50D0016000021202289B0C9
:10179000040000F01FFE2A00A81990420ED1002379
:1017A00069461A002380E05A5A5202331218202B3D
:1017B000F9D10022B24208D109B0F0BD137801324C
:1017C0005B00E15A0131E152E7E7A85C002806D04E
:1017D00040000B5A5F1C10335B000F52E252013283
:1017E000E8E70368426810B5934203D25A1C0260CE
:1017F000187810BD8368841D002B07D0E27F002A73
:1018000004D19847002801DBC0B2F2E70123002091
:10181000E377EEE7036910B55A1E04000261002B5E
:1018200004D1FFF7DEFF0723E0602361E06843088F
:10183000E3600123184010BDF7B5002517000190A3
:10184000A94204D0012426008E40B44201D3781965
:10185000FEBD0198FFF7DEFF604364002D18F4E73A
:10186000F7B500250B000F002C00203301908E1CD3
:1018700000930198FFF7CEFF009B9E420DD06D00B4
:101880002818358802362B19451B04D52418103426
:101890006400385BFEBD1C00EBE703204042F9E723
:1018A000F0B5D5B0039202220091FF320521050068
:1018B000FFF7C2FF0122052106002800FFF7BCFF49
:1018C0000422029011002800FFF7B6FF1322070040
:1018D000002104A800F07EFD0024BC4218D10024A1
:1018E0001322009804A9FFF74DFF029BF318019300
:1018F000019B9C4217D304AC320021000098FFF7F3
:1019000041FF0398029AA119FFF73CFF002012E063
:10191000002203212800FFF78FFF1D4B04AA1B5D47
:101920000134D054D9E728000099FFF799FF002827
:1019300003DA0320404255B0F0BD112820D0122810
:1019400022D0102818D1002CF3D02300413304AA50
:10195000FF339B1802210322423BFF3B1F782800E4
:10196000FFF76AFF019B20189842E2D804ABA0421F
:10197000BED0E7540134FAE704AB18550134B7E799
:10198000032211000027EAE70B220721FAE7C046ED
:10199000282500207047002310B5841DE37701241B
:1019A00064420361C3628462C2638163036403634C
:1019B00010BD0000F8B50400A36A013375D1200002
:1019C000A56AFFF727FF0022E06202212000FFF74F
:1019D00033FFA062012800D0CBE085426BD021000C
:1019E00000230831A21DD38702318B87CB870231B8
:1019F000CB870231CB8740310B804B8023001821ED
:101A000052331980803159802839998021008023F0
:101A1000183064315B00FF300B8001339BB2023120
:101A20008342F9D1200000239430590043520133FE
:101A3000902BFAD1D7218C204900400050521A2017
:101A40000231FF3050520231013050521C2002311D
:101A5000FF3050520231013050521E200231FF300F
:101A6000505202310130505220200231FF3050528A
:101A70002200C532FF32BC39138001339BB20232DF
:101A80008B42F9D1A922002320219200A352A2184F
:101A9000518153809380D3801381B1229200A11889
:101AA0005A008B520133202BFAD1A66A002E6FD038
:101AB000013E012E69D8236B002B38D12100200074
:101AC0004431FFF7CDFEA31DDB7F002B5DD1FF2846
:101AD00000DC7FE080235B00984200D1A5E0023863
:101AE000FF381C2851DC554B4200D25A544B195C2C
:101AF0002000FFF7A1FEA9239B002063E11820002E
:101B0000FFF7AEFE1D2840DC4E4B4200D25A4E4B32
:101B1000195C2000FFF790FEA36B002B75D0E26BE1
:101B2000904200D987E0236C1B1A6BD46363A16BCE
:101B3000A369626B002972D0581CA0618A5C1A707C
:101B4000A36B002B0BD0226C616B501C2064595C82
:101B50009954226CE36B9A4201D100232364636B96
:101B6000E26B0133934258D06363236B013B2363E1
:101B700041E0022899D1A92321009B002000E2180E
:101B80004431FFF78DFE00288FD00320404251E002
:101B9000206BB04217D12000FFF723FE0500200084
:101BA000FFF71FFE000245192000FFF71AFE07008D
:101BB0002000FFF716FE254B0002C01943409D424E
:101BC000E3D1681C26610138206300282DD0200055
:101BD000FFF707FEA3695A1CA2611870A26B002AC6
:101BE00009D0236C591C2164D054226CE36B9A42B7
:101BF00001D100232364A269E3699A4200D2DBE6A3
:101C0000002017E0D218626391E7A36962699B1A0A
:101C10009842BAD84042606389E70023A4E79A5CFF
:101C20001A70A3690133A3619FE7E36A002B00D117
:101C3000C5E60120F8BD0520A8E7C046962500208E
:101C4000D22500203C25002078250020FFFF000041
:101C500070B505000C00002C00D170BD2800013CBF
:101C6000FFF7BFFDF7E770B50400FFF7BAFD050009
:101C70002000FFF7B6FD0002284380B270BD70B5AA
:101C80000400FFF7AEFD1F2804D12000FFF7A9FDD7
:101C90008B2802D00320404270BD2000FFF7A1FD39
:101CA0000828F7D12000FFF79CFD05001F28F1D878
:101CB00006212000FFF7CCFF6B0706D52000FFF7B9
:101CC000D2FF01002000FFF7C3FF2B0704D520003F
:101CD000FFF787FD0028FAD1EB0604D52000FFF7B7
:101CE00080FD0028FAD10226354202D02000FFF7FD
:101CF000BAFF631DDE7701235B4200202362CBE73E
:101D0000044B0548054A1900043308609342FAD190
:101D10007047C04600E400E08080808020E400E05E
:101D2000044A1078431CDBB2172B00D91023137020
:101D30007047C046102600200021044B044ABFF320
:101D40005F8F02C39342FAD17047C046000100D0B2
:101D5000800100D0024BC918890001607047C0465D
:101D60004000003410B50400FFF7DAFF0100200046
:101D7000FFF7F0FFFF232371BFF35F8F10BD10B596
:101D80000400FFF7CDFF01002000FFF7E3FFFF2372
:101D9000A380BFF35F8F10BD10B50848084B984271
:101DA00000D310BD040003680834002B03D0FFF7F4
:101DB000E6FF2000F2E7FFF7D5FFFAE74026002014
:101DC00048260020142310B5010018889B889847E6
:101DD00010BD162310B5010018885B88984710BD08
:101DE000F8B50F00040000260125BE4201D12800ED
:101DF000F8BD2068FFF7E6FF01C4431E9841013695
:101E00000540F2E7F7B50C2444430193244B0092BC
:101E1000E4186368089A05000E00934200D26260DD
:101E2000C0232F1F9B01FFB2E318012F27D8012EDB
:101E300025D103221A60A3683342FCD0009B22689C
:101E40005B015340E022134080225201A350012F36
:101E500009D80321236873400B40A3500123B340EA
:101E6000A2681342FCD0802380229B011201E25021
:101E7000089B019A63600B4BAD00EA50F7BD8022CE
:101E800012011A60074BAA00D1580029D6D0586910
:101E900000F0E6F9431C032058430338FDD2CDE798
:101EA00000800040BC28002073B50D000699040096
:101EB0001800160000F0D4F9069A03001202290057
:101EC000009220003200FFF79DFF73BD13B5802400
:101ED00064000094FFF796FF13BD0000014B8000E3
:101EE000C0587047BC280020F8B504001F481700F0
:101EF0001E000D0000F0B4F90100380000F0B0F948
:101F0000069A3304120313432268002A0FDA3F2192
:101F100022680A40AA420AD1A2681205120D824222
:101F200005D1EE21E268C9020A409A421CD0104A4B
:101F3000104EA1184A42514101220C318A400E49EB
:101F40000A600E490A60170031688F43391EFAD1C2
:101F50000B4A2131A2182560A06011602168002978
:101F6000FCDAE36008231360F8BDC046001BB7002D
:101F70000040FDBF08C0004000E0004000F000400D
:101F800004300000024B1A68024B5A607047C0468A
:101F9000E4280020008005408022114BD20510B5B6
:101FA000104C1A60104A1460E022104CD204002930
:101FB00006D02260002805D180231B06236010BDB7
:101FC0001A60F7E7FA23DB005843094B094A9842A5
:101FD00000D918001060FFF7D5FF8023DB05EDE77F
:101FE00000B00540FCFF01000820014000A00540B2
:101FF000FFFFFF00E428002070B580240A4BE405B1
:102000001C600A4B00280DD00124094D04430948E7
:102010006540D8611D6259629C6200211000FFF783
:10202000BBFF70BDD861F8E700B0054000800540F7
:102030002D3FF84FD3C007B08023024A9B000B43CB
:10204000D362704700800540AA22064B12011A6035
:102050002132FF32DA600449044A11605A68002ACA
:10206000FCDA70470040024000B0FA000060024015
:102070007047000010B5044C044B9C4200D310BDC7
:1020800008CC9847F8E7C046482600208426002060
:10209000054B064A06491A60064B074A13601800AA
:1020A0000A689043FBD1704700E00040BFCDFBFEC3
:1020B00008C00040FE7F3C0000F00040044BDB6C99
:1020C000002B03D18022034BD2021A607047C04616
:1020D000000011504C201150044A054B1A60054A6B
:1020E0001368DB018033FBD17047C046FFFFFF015F
:1020F00000F0004008C000404022034B9A675A6736
:102100001A67DA667047C04600F0014010B5FFF765
:1021100013FE10BD70B50B490B4C0C4D641AA4088E
:102120002200302C00D930222800920000F058F90B
:10213000074B2F2C02D9074B9D6070BDA200AB50FE
:102140000134F6E700010010C0010010000000207B
:10215000C101001000ED00E0002373B5284DAB670E
:10216000FFF772FF0122274B1A606B6C012BFCD129
:102170000322254B1A60AC6B012CFCD102260525ED
:10218000210000960623214A2148FFF7ADFE2B00CF
:10219000210000951F4A2048FFF7A6FE31000022CB
:1021A00004201E4BFFF792FE2800210000221C4B4A
:1021B000FFF78CFE0022072011001A4BFFF786FE66
:1021C000002208201100174BFFF780FE8023002219
:1021D000DB00110000930920124BFFF765FE00227F
:1021E0000F4B11000620FFF771FE0420FFF776FE6B
:1021F0000D4900F035F801000020FFF71DFF73BD09
:10220000008000403CB0004030B00040002F6859D2
:1022100000800240008C864700C00240001BB700CF
:1022200040597307006CDC0240420F000148042152
:10223000014B184720260020291C0020014B5B6819
:102240001847000020260020014B9B68184700001B
:1022500020260020014B1B68184700002026002084
:10226000114A936F9B0813D210665166002905D05E
:10227000FFE7FFE7FFE7516F106F704704B50028D5
:1022800001D00020C04300F0C3F8002104BDC046C7
:10229000F0B5146E556E576F166FFFF7E5FF1466B5
:1022A000556657671667F0BD000000D0132370B560
:1022B0001C78114D012C0ED1002310499A000133D6
:1022C000A950202BFAD10D4BAB640D48FFF77AFDD6
:1022D0000C4B186070BD012CF5DD0B48FFF779FD44
:1022E00006000A48FFF775FD80223100280000F043
:1022F00077F8022CE9D1E6E7E828002059210020F0
:102300004C330000E82900205344000053460000ED
:1023100007B5604601880A0A0230DF2AFAD1C9B23D
:10232000820804D3028840880004104300E000685B
:10233000014A5050039007BDE8280020132310B530
:1023400010481C78FFF745FD0100012C13D10E4CFD
:102350005422200000F044F815230C4A9900013360
:102360006250202BFAD12262E2610948FFF72AFD70
:10237000084B186010BD012CF7DD8022024800F0E8
:102380002FF8F2E753460000EC290020E12100205D
:102390004C330000E829002007B5604601880A0A8E
:1023A0000230DF2AFAD1C9B2820804D302884088F9
:1023B0000004104300E00068014A5050039007BD3C
:1023C000EC29002001480421014B18473026002049
:1023D000291C0020014B1B681847000030260020F4
:1023E000014B5B6818470000302600207047000052
:1023F00010B5FFF73FFE044C044B9C4200D310BDC8
:1024000008CC9847F8E7C0468426002084260020A0
:102410007047C04630B50400032A18D90B000343A7
:102420009B070BD00023013A02E09A4211D00133FE
:10243000E05CCD5CA842F8D0401B0BE020680B6844
:102440009842EFD1043A04340431032AF6D8002A22
:10245000E8D1002030BDC04630B50C00017884467C
:1024600000291CD02578002D14D022002B0003E079
:1024700053780132002B04D08B42F9D16346C01A45
:1024800030BD417801300029EFD1F7E78378023081
:10249000002BF3D04378002BF8D10130EEE7002079
:1024A000EEE7C04630B50C000178844600200029D4
:1024B00012D025786046002D0CD022002B0003E0BE
:1024C00053780132002B05D09942F9D1417801307F
:1024D0000029F2D16346C01A30BDC046084A10B583
:1024E0001378002B0AD18023064807495B051C6836
:1024F000C45004338B42FAD10123137010BDC0467F
:10250000ED2A0020BC2700100001001010B5014B7F
:10251000984710BDBD270020002310B5011D064CB3
:102520009A00145901338C50062BF8D1A0235B0577
:102530001B68036010BDC04604000240002330B594
:10254000041D9A00A158054D01335151062BF8D1B5
:10255000A02302685B051A6030BDC046040002403B
:102560008023F0B5421807000E008DB05B049A423C
:1025700001D9FDF762FF14251824288823881549FE
:102580009847238801901449288898472388029007
:10259000124928889847238811490390288898472A
:1025A0000400FFF79BFF05A8FFF7B6FF019B9847C4
:1025B000029B98478022D823310038005202039DA5
:1025C000A847A047FFF7A2FF05A8FFF7B7FF0DB088
:1025D000F0BDC04649460000455800005245000085
:1025E000464300008023F0B517008DB08218060026
:1025F00000915B049A4201D9FDF71FFF14251824AE
:1026000028882388134998472388019012492888ED
:1026100098472388029011492888984723881049B1
:102620000390288898470400FFF758FF05A8FFF794
:1026300073FF019B9847029B98473A00300000992E
:10264000039B9847A047FFF761FF05A8FFF776FFB8
:102650000DB0F0BD49460000455800005250000042
:10266000464300005069636F204F5441006F74610E
:10267000636F6D6D616E642E62696E002F002E2E89
:10268000006C6974746C656673000000FFFFFFFFE7
:10269000FFFFFFFF000000006410B71DC8206E3B65
:1026A000AC30D9269041DC76F4516B6B5861B24D59
:1026B0003C7105502083B8ED44930FF0E8A3D6D6C3
:1026C0008CB361CBB0C2649BD4D2D38678E20AA02B
:1026D0001CF2BDBD10111200080709060A050B0403
:1026E0000C030D020E010F000100020003000400A4
:1026F0000500070009000D0011001900210031003C
:10270000410061008100C10001018101010201035A
:10271000010401060108010C01100118012001301B
:1027200001400160000000000101020203030404F3
:10273000050506060707080809090A0A0B0B0C0C11
:102740000D0D030004000500060007000800090045
:102750000A000B000D000F001100130017001B00F2
:102760001F0023002B0033003B0043005300630095
:1027700073008300A300C300E30002010000000017
:102780000000000000000101010102020202030337
:10279000030304040404050505050000F42F0010DC
:1027A000F02F001000500320000000000000000087
:1027B0000051032000000000000000001000000095
:1027C0000000000000000000000000005033000086
:1027D0004C33000054330000523300004D530000CE
:1027E0004D4300005334000043340000000000005B
:1027F00000000000752000200D220020E9000020CC
:10280000D91E0020051F0020F52000208521002072
:10281000A11F0020211F0020411F0020551F002064
:10282000E11B00205D1F0020B91E0020491B002075
:102830000000000000000000000000000000000098
:102840000000000000000000000000000000000088
:102850000000000000000000000000000000000078
:102860000000000000000000000000000000000068
:102870000000000000000000000000000000000058
:102880000000000000000000000000000000000048
:102890000000000000000000000000000000000038
:1028A0000000000000000000000000000000000028
:1028B0000000000000000000000000000000000018
:1028C0000000000000000000000000000000000008
:1028D00000000000000000000000000000000000F8
:1028E00000000000000000000000000000000000E8
:1028F00000000000000000000000000000000000D8
:1029000000000000000000000000000000000000C7
:1029100000000000000000000000000000000000B7
:1029200000000000000000000000000000000000A7
:102930000000000000000000000000000000000097
:102940000000000000000000000000000000000087
:102950000000000000000000000000000000000077
:102960000000000000000000000000000000000067
:102970000000000000000000000000000000000057
:102980000000000000000000000000000000000047
:102990000000000000000000000000000000000037
:1029A0000000000000000000000000000000000027
:1029B0000000000000000000000000000000000017
:1029C0000000000000000000000000000000000007
:1029D00000000000000000000000000000000000F7
:1029E00000000000000000000000000000000000E7
:1029F00000000000000000000000000000000000D7
:102A000000000000000000000000000000000000C6
:102A100000000000000000000000000000000000B6
:102A200000000000000000000000000000000000A6
:102A30000000000000000000000000000000000096
:102A40000000000000000000000000000000000086
:102A50000000000000000000000000000000000076
:102A60000000000000000000000000000000000066
:102A70000000000000000000000000000000000056
:102A80000000000000000000000000000000000046
:102A90000000000000000000000000000000000036
:102AA0000000000000000000000000000000000026
:102AB0000000000000000000000000000000000016
:102AC0000000000000000000000000000000000006
:102AD00000000000000000000000000000000000F6
:102AE00000000000000000000000000000000000E6
:102AF00000000000000000000000000000000000D6
:102B000000000000000000000000000000000000C5
:102B100000000000000000000000000000000000B5
:102B200000000000000000000000000000000000A5
:102B30000000000000000000000000000000000095
:102B40000000000000000000000000000000000085
:102B50000000000000000000000000000000000075
:102B60000000000000000000000000000000000065
:102B70000000000000000000000000000000000055
:102B80000000000000000000000000000000000045
:102B90000000000000000000000000000000000035
:102BA0000000000000000000000000000000000025
:102BB0000000000000000000000000000000000015
:102BC0000000000000000000000000000000000005
:102BD00000000000000000000000000000000000F5
:102BE00000000000000000000000000000000000E5
:102BF00000000000000000000000000000000000D5
:102C000000000000000000000000000000000000C4
:102C100000000000000000000000000000000000B4
:102C200000000000000000000000000000000000A4
:102C30000000000000000000000000000000000094
:102C40000000000000000000000000000000000084
:102C50000000000000000000000000000000000074
:102C60000000000000000000000000000000000064
:102C70000000000000000000000000000000000054
:102C80000000000000000000000000000000000044
:102C90000000000000000000000000000000000034
:102CA0000000000000000000000000000000000024
:102CB0000000000000000000000000000000000014
:102CC0000000000000000000000000000000000004
:102CD00000000000000000000000000000000000F4
:102CE00000000000000000000000000000000000E4
:102CF00000000000000000000000000000000000D4
:102D000000000000000000000000000000000000C3
:102D100000000000000000000000000000000000B3
:102D200000000000000000000000000000000000A3
:102D30000000000000000000000000000000000093
:102D40000000000000000000000000000000000083
:102D50000000000000000000000000000000000073
:102D60000000000000000000000000000000000063
:102D70000000000000000000000000000000000053
:102D80000000000000000000000000000000000043
:102D90000000000000000000000000000000000033
:102DA0000000000000000000000000000000000023
:102DB0000000000000000000000000000000000013
:102DC0000000000000000000000000000000000003
:102DD00000000000000000000000000000000000F3
:102DE00000000000000000000000000000000000E3
:102DF00000000000000000000000000000000000D3
:102E000000000000000000000000000000000000C2
:102E100000000000000000000000000000000000B2
:102E200000000000000000000000000000000000A2
:102E30000000000000000000000000000000000092
:102E40000000000000000000000000000000000082
:102E50000000000000000000000000000000000072
:102E60000000000000000000000000000000000062
:102E70000000000000000000000000000000000052
:102E80000000000000000000000000000000000042
:102E90000000000000000000000000000000000032
:102EA0000000000000000000000000000000000022
:102EB0000000000000000000000000000000000012
:102EC0000000000000000000000000000000000002
:102ED00000000000000000000000000000000000F2
:102EE00000000000000000000000000000000000E2
:102EF00000000000000000000000000000000000D2
:102F000000000000000000000000000000000000C1
:102F100000000000000000000000000000000000B1
:102F200000000000000000000000000000000000A1
:102F30000000000000000000000000000000000091
:102F40000000000000000000000000000000000081
:102F50000000000000000000000000000000000071
:102F60000000000000000000000000000000000061
:102F70000000000000000000000000000000000051
:102F80000000000000000000000000000000000041
:102F90000000000000000000000000000000000031
:102FA0000000000000000000000000000000000021
:102FB0000000000000000000000000000000000011
:102FC0000000000000000000000000000000000001
:102FD00000000000000000000000000000000000F1
:102FE00000000000000000000000000000000000E1
:102FF00000F01F1000F01F1000F01F1000F01F0065
:1030000000200420E3300010CB300010CD30001041
:10301000C9300010C9300010C9300010C93000108C
:10302000C9300010C9300010C9300010CF30001076
:10303000C9300010C9300010D1300010D33000105A
:10304000C1300010C1300010C1300010C13000107C
:10305000C1300010C1300010C1300010C13000106C
:10306000C1300010C1300010C1300010C13000105C
:10307000C1300010C1300010C1300010C13000104C
:10308000C1300010C1300010C1300010C13000103C
:10309000C1300010C1300010C1300010C13000102C
:1030A000C1300010C1300010C1300010C13000101C
:1030B000C1300010C1300010C1300010C13000100C
:1030C000EFF30580103800BE00BE00BE00BE00BE9B
:1030D00000BE00BE00201E49086006C881F30888B3
:1030E00010471C480068002801D00020F3E70DA419
:1030F0000ECC002902D000F012F8F9E71649174A61
:10310000002000E001C19142FCD1154988471549D2
:1031100088471549884700BEFDE701C901C29A42A8
:10312000FBD3704760400110C0000020C81300208E
:1031300068530110000004200000042068530110AF
:103140000010042000100420000000007047000060
:1031500008ED00E0000000D0C8130020AC250020DE
:10316000611B011035570010FD560010F8B5C04620
:103170000448054B10B5834203D0044B002B00D00C
:10318000984710BDC8130020C8130020000000009D
:1031900006480749091A8B10C90FC91810B54910FC
:1031A00003D0044B002B00D0984710BDC81300205B
:1031B000C81300200000000010B5074C2378002B36
:1031C00009D1FFF7D5FF054B002B02D0044800E0E2
:1031D00000BF0123237010BDE01600200000000096
:1031E00034290110054B10B5002B03D004490548C4
:1031F00000E000BFFFF7CCFF10BDC046000000009C
:10320000E41600203429011013B51A210A4800F0F1
:1032100073F91B21084800F0B7F90123074C00930C
:103220003C220221200001F0FBFD200001F0E7FD1F
:10323000034B636113BDC046A0180020841D00200D
:103240000100010070B5154C200001F0D8FD2000F0
:10325000022101F03FF9002320001149236102F00F
:103260003DF92000012101F035F9C02320005B0366
:103270000C49236102F020F90B4D0A222968200035
:1032800002F077F9200002F03DF8FA202B684000A8
:1032900001332B6002F0CFF970BDC046841D0020C1
:1032A000382901103F290110801D00201FB5074A51
:1032B00080210292064A074B01920122524200925B
:1032C0000548413201F08EFC05B000BDA08601002A
:1032D000801A0600A0180020841D002000207047DE
:1032E00010B503689C6B0123A04710BD10B503689F
:1032F00001211B6B984710BDF8B505000F001600A3
:103300000024B44201D12000F8BD2B682800395DAB
:103310001B6898470028F6D00134F2E70200037FCB
:103320000020834202D0D36A106B181A70470368DA
:1033300010B51B6904009847002805D0236B626A0A
:10334000591C2163D05C10BD01204042FBE703689B
:1033500010B51B6904009847002803D0626A236BEC
:10336000D05C10BD01204042FBE77047816370478D
:103370004163704710B50022012103F0A5F910BD8B
:1033800070B5FA240600002503F0ACFF6400241891
:103390004D4103F0A7FF8D4202D806D1844204D9E3
:1033A000300002F00DFB0028F3D0300002F008FBE3
:1033B000431E9841C0B270BD037F002B07D0C37F6E
:1033C000002B04D1C362036301338177C377704755
:1033D00010B5037F8161002B02D0006904F092FADE
:1033E00010BD70B5057F0400002D1BD181694577A4
:1033F000006904F0D7FA2A002900206904F0FAFADB
:103400000321207D03F040F9207DFFF7B3FF032166
:10341000607D03F039F9607DFFF7ACFF0123E577AC
:103420002377E56270BD000070B5037F04000E00D5
:10343000002B2ED1012581694577006904F0B2FA8D
:1034400029003200206904F0D5FA236911491A686D
:103450001163114A9D1A69424D4110491735934233
:1034600000D00F49280003F0CFF90121280003F014
:103470009BF90321207D03F007F9207DFFF77AFFF8
:103480000321607D03F000F9607DFFF773FF0123E6
:10349000237770BD64160000400D00204D370010EA
:1034A0005D37001070B5FA250400AD00A560104D21
:1034B0000020256001256D422564656425000126F4
:1034C00050356060A087A064E0642E70606563750D
:1034D0002077084BE077E0620130FF3022752161F0
:1034E000A361A0620BF0B0FD6062200070BDC04619
:1034F000142B0110A0860100F0B5060087B002ACC5
:103500000F00102220001C4905F008FB337F0193B7
:10351000002B15D1194A336901209B1A5A42534195
:103520000021DB003A00E4180FF046F92368184048
:1035300063681940084303D03775012007B0F0BD18
:10354000337DBB42F9D0019932690C4B002909D077
:103550000B4949319A4201D1094947310848603045
:1035600003F048F8064949319A4201D104494731EC
:103570003A00044803F03EF8302C0110400D0020C2
:10358000E02B0110722C0110F0B5050087B01E4B26
:1035900002AC0E00102220001C49019305F0BEFA77
:1035A0002F7F002F16D11A4A2B6901209B1A5A42ED
:1035B00053410021DB003200E4180FF0FDF82368CE
:1035C0001840636819400843B84203D06E75012063
:1035D00007B0F0BD6B7DB342F9D00E4B28691900DE
:1035E0000B4A4931002F07D0904201D147331900CF
:1035F0000198583002F0FEFF904201D14733190084
:103600003200054802F0F6FF602C0110A82C0110D2
:10361000400D0020E02B0110EA2C011090B585B080
:1036200000AF78607B681B691B68DB6AFB60FB6826
:10363000002B00D186E0FB68042213401AD07B687F
:10364000DA6A7B689B6A9A4210DA7B681B691B689E
:103650001B69DCB27B68596A7B68DA6A501C7B683C
:10366000D8621300CB18221C1A7003E07B681B6918
:103670001B681B69FB68202213400AD07B685B6BC8
:10368000002B02D07B685B6B98477B681B691B68CB
:103690001B6DFB684022134003D07B681B691B68CD
:1036A0005B6DFA688023DB00134007D07B683C2207
:1036B000012199547B681B691B685B6EFA68802343
:1036C0005B0113401CD07B689B6B002B09D07B688F
:1036D000DB6A002B05D07B689A6B7B68DB6A18007D
:1036E00090477B680022DA627B6800221A637B685D
:1036F0003C22002199547B681B691B68A8229B58B7
:10370000FA6880239B0013401DD07B689B6B002BC5
:1037100009D07B68DB6A002B05D07B689A6B7B68DD
:10372000DB6A180090477B680022DA627B6800221F
:103730001A637B683C22002199547B681B691B68D3
:103740001B6E00E0C046BD4605B090BD10B50248F6
:10375000FFF764FF10BDC046A018002010B5024856
:10376000FFF75CFF10BDC04648180020F0B51600FA
:103770001C0085B0019103900221019802F094F899
:103780000221300002F090F80521300002F07CFFA9
:103790000521019802F078FF0121019802F0EEF86E
:1037A0002100494804F020FAC50F2D186F10ED17BD
:1037B0003800290003F0F8FC0121300002F0DEF8A7
:1037C0003000FFF7DDFD041E57D00021019802F004
:1037D000D5F83800290003F0E7FC0021300002F0A2
:1037E000CDF83800290003F0DFFC08230293039B87
:1037F00001985B000393D9110123194002F0BEF830
:103800003800290003F0D0FC0121300002F0B6F8A6
:103810003800290003F0C8FC3000FFF7B1FD041E9A
:103820002BD00021300002F0A9F80520002103F080
:10383000BBFC029B013B0293002BD8D101210198D4
:1038400002F09CF83800290003F0AEFC01213000A2
:1038500002F094F83000FFF793FD041E0DD001989C
:1038600002F0AEF8434258412900C4B2380003F0D8
:103870009BFC3000029902F081F83800290003F027
:1038800093FC0198002102F079F83800290003F038
:103890008BFC3000012102F071F83800290003F0A0
:1038A00083FC0198012102F069F83800290003F037
:1038B0007BFC3000032102F0E7FE0198032102F0B7
:1038C000E3FE200005B0F0BD40420F000122431C82
:1038D00070B50400DA77002911D00368427F5B6A73
:1038E0008669002A0CD0857F984723683100200024
:1038F0009B6A98472368290020001B6A984770BD7F
:1039000098470221207D01F0CFFF0221607D01F068
:10391000CBFF0521607D02F0B7FE207D052102F07E
:10392000B3FE207D02F04CF8002829D10925207D26
:1039300002F046F8011E11D1607D02F01FF805204B
:10394000002103F031FC0121607D02F017F8013DF8
:103950000520002103F028FC002DE8D1207D02F095
:103960002FF8050001280BD10021207D02F006F878
:103970000520002103F018FC2900207D01F0FEFF46
:103980002368200031009B6A984723682000DB6988
:103990009847B4E7F0B58BB006910793037F050015
:1039A0001400002B03D1002420000BB0F0BDC67F13
:1039B000002EF8D1B242F7D0836A9342F3D3036961
:1039C00087680493436A059303F08CFCFA220890FD
:1039D0000991002392003800310005F077F8089A29
:1039E000099B80185941B14202DA01200E49404238
:1039F0000123079A0290039153400093059A2300F4
:103A00000699049804F02BF80400E862C31C08D956
:103A1000023404D1AB1C2800D97FFFF757FF0024E4
:103A2000EC6200232B63BFE7FFFFFF7FF0B58BB095
:103A30000791037F0500002B02D104200BB0F0BDDD
:103A4000C37F002BF9D00026C46A877FC677B442B3
:103A50000AD1427D017D836938000124FFF786FE8B
:103A60006040A040C0B2E9E703690493436A05934C
:103A70008368069303F036FCFA220890099100232C
:103A800092003100069805F021F8089A099B8018E9
:103A90005941002902DA01200E4940420123079AC8
:103AA000029003915340009339002300059A049833
:103AB00003F0BCFF831C06D1AB1C2800D97FFFF7A5
:103AC00005FF0520BAE70023201AEB62431E984148
:103AD0008000B3E7FFFFFF7FF7B5037F04000D0011
:103AE000002B32D0437F002B31D08368019303F049
:103AF000F9FBFA2206000F00002300210198920032
:103B000004F0E4FF80197941002902DA0120164906
:103B100040420E002369154F1B685A6F102A09D1C5
:103B20007A6A01929642F8D8BA6A824202D2019A1F
:103B30009642F2D05A6F102A02D01D61012005E092
:103B4000A31C2000D97FFFF7C1FE0020FEBDC37F6C
:103B5000002BFAD0C36A826A9342F6D0426A591C9B
:103B6000C162D554EAE7C046FFFFFF7F0040054031
:103B70000022036910B51B6888331A600123C277DD
:103B80000200190050321370426C9140044A1160D7
:103B9000016C8B401360436D002B00D0984710BD23
:103BA00004340050F8B5A025084C094FED052E59F6
:103BB0003B68334205D0074B1868002801D0FFF757
:103BC000D7FF3B6833402B51F8BDC0460C040000C2
:103BD000041900200C190020F8B5A025084C094F45
:103BE000ED052E593B68334205D0074B1868002875
:103BF00001D0FFF7BDFF3B6833402B51F8BDC046F5
:103C00000C040000081900201019002070B50600EF
:103C10003D3633780400002B33D01D4A0169002360
:103C200091422FD01B4A1C4913601C4A13600B2081
:103C300002F0D8FE206C002807DB03F02BFD206C7F
:103C400003F020FD01235B422364606C002807DB46
:103C500003F020FD606C03F015FD01235B426364FB
:103C600000252369A06C1B6888331D600BF0F6F9F2
:103C7000230001225033A564E564E5771A70656579
:103C8000357070BD064A07491360074A1360CEE7D6
:103C9000400D002004190020A53B00100C19002045
:103CA00008190020D93B00101019002070B504003D
:103CB000FFF7ACFF237F002B21D0637F002B10D0B8
:103CC00022690F4BD51A69424D410E4917359A4268
:103CD00000D00D49280002F085FE0021280002F0E6
:103CE00063FD206903F000FE0021207D01F0DCFD72
:103CF0000021607D01F0D8FD00232377E37770BDBC
:103D0000400D00204D3700105D37001010B5052321
:103D1000042205490548FFF7C5FB1B231A22044965
:103D20000448FFF7BFFB10BD480D002048180020D5
:103D3000400D0020A01800207047F0B51D0089B08C
:103D40000EAB00241C5F0FAB1B886F1A0693A31ADF
:103D5000160094460190DA17F8179B183F18534045
:103D60004740029303970398029F2A000B00009498
:103D7000874205DC220033002C000E00150061464E
:103D8000A64208DC18001300020028000D00010004
:103D90002000340006009B1ADA179B185340079343
:103DA0006B46301B049010229A5ED30F9B185B1059
:103DB0000093012305938D4201DB023B0593B4423E
:103DC00001DD09B0F0BD019B039A1B689B691F00D0
:103DD000029B934214DD22002900069B0198B847FC
:103DE000009A079BD31A1AB200921A0405D5059AB5
:103DF000AD18049A2DB2D3180093013424B2DEE733
:103E00002A002100069BE9E7704710B50468246981
:103E1000A04710BD37B506AC258804680095A46B93
:103E2000A04737BD37B506AC258804680095E46B1C
:103E3000A04737BD73B506AC0025655F07AC268883
:103E4000046801960095246CA04773BDF0B5160078
:103E500004000D0085B003930AAB1F8803685B69FB
:103E60009847039B2268013B9B191BB20093019763
:103E70002B0029002000976A3200B84723682000F1
:103E8000DB6A984705B0F0BDF0B5040016000D00E0
:103E900085B003930AAB1F8803685B699847039B4F
:103EA0002268013B019700965B1929002000976A60
:103EB0001BB23200B84723682000DB6A984705B080
:103EC000F0BDF0B587B01F000CAB059200229B5EE1
:103ED0000C0003930DAB1B88050004930368E719DE
:103EE0005B6998472B68BC4204DB2800DB6A984773
:103EF00007B0F0BD049A210000921B6A28001E0042
:103F0000059A039B0134B04724B2EBE713B5019146
:103F10000E24015F0C22835E02680091146C002263
:103F20001100A04713BDF0B504001D0087B00CAB15
:103F3000049200229B5E039105930DAB1E880368DB
:103F40005B6998472368009620005F6A049A2B00FB
:103F50000399B847059B20005A1E049B0399D21869
:103F6000236800965F6A12B22B00B8472368009658
:103F700020001F6A049A059B0399B847039B013DE3
:103F8000E9182368009620001F6A049A059B09B26D
:103F9000B84723682000DB6A984707B0F0BD704738
:103FA000F0B585B01D000AAB0027DF5F0BAB1B88A7
:103FB00014000600026802910393A94210D1BC428A
:103FC00002DC3B0027001C00039901340091E31B35
:103FD000956B30003A0002991BB2A84705B0F0BDBE
:103FE000BC4211D1029BAB4202DC2B00029D02932A
:103FF000029B0399013300915B1BD76B29002200C0
:1040000030001BB2B847E9E753699847039A336811
:104010000192009730009F6A22002B000299B84756
:1040200033683000DB6A9847D8E703230B4010B5AC
:1040300083760822835E0A24025FC90702D419002E
:1040400013000A008281C38110BD000010B54281B7
:10405000C281012200235242054C4261054A43605D
:10406000046001818181036182610377036210BD75
:10407000282D011001010001F0B58BB0099310ABA0
:10408000089200229B5E0791029311AB00229B5E77
:104090000500059312AB1B88069303685B6998477C
:1040A0000721029BDA1DD3170B409B18DB100393EB
:1040B00000231F001E000093059B9F422BDA089BE4
:1040C0000024FB181BB20197049313E007231C4242
:1040D0001BD07600F6B273B2002B09DA079B2800DA
:1040E00019192B68049A9B6909B21F00069BB847EF
:1040F000013424B2029B9C42E8DB009B019F039A9F
:1041000001379B183FB20093D6E7099A0099E31054
:104110005218D65CDFE72B682800DB6A98470BB0A3
:10412000F0BD0000F0B595B01D001AAB1B880492DD
:1041300006931BAB1E881CAB1B78026A03931DAB56
:1041400004001F780591002A00D0B8E00C22835E9D
:104150008B4274DD0E22835E049A93426FDD062348
:10416000039A53435B18002B69DD049AFB009B18EC
:10417000002B64DD037F002B03D1AF2D01D9013566
:10418000EDB2236820005B69984705235D430B93DC
:10419000002307938E4B5B190E93079A0E9B09928F
:1041A0009B5C0A93039B5343059AD3181BB20D9350
:1041B00008230C930023089301220A9B134250D03A
:1041C000039B2068089A012B3BD19F4239D1049B65
:1041D0000599D218099B85695918069B12B209B234
:1041E0002000A847089B01335BB208930A9B5B0839
:1041F0000A930C9B013BDBB20C93002BDCD1079B99
:1042000001335BB207930B9B013BDBB20B93002B9B
:10421000C3D1069BB3420ED0039B2268012B3DD134
:104220009F423BD1059900960531156A2000049AFA
:1042300009B20733A84723682000DB6A984715B006
:10424000F0BD6B467A430C215B5E04998A1806998F
:1042500012B2019139B20091C5690D992000A847A9
:10426000C0E7069BB342BDD0039B2068089A012B90
:104270000BD19F4209D1049B0599D218099B8569EE
:10428000591812B2330009B2AAE76B467A430C21DF
:104290005B5E049901968A1812B2DBE76B460C212B
:1042A0005B5E05210398FF00414305980196411884
:1042B0000097D5692000049A09B2A847BBE7137A92
:1042C0005168ED1A1268EDB2ED0011924A5B4B197C
:1042D00009929A780D92DA78129205229A569B7971
:1042E0000E925BB20F9300230C930B93039B3B4303
:1042F000012B02D90F9B0B920C93236820005B6962
:10430000984700231E000A930893129B9E4200D3F5
:1043100091E70C9B049AF3187B43D31800221BB23D
:10432000109307920A9B33E05A1C13920722134200
:1043300007D1099B0999119A0133525C9BB20892EB
:1043400009936B4620331B785BB2002B15DA039B75
:104350002068012B27D19F4225D1049B0F9A0E99EB
:104360009A18059BB2185918079B12B259188369FD
:1043700009B21D002000069BA847089B079D5B0013
:10438000DBB201350893EBB207936B464C331B78D5
:104390000D9A07999142C7D30A9B01369B18DBB24D
:1043A0000A93F6B2B1E76B4607990C229B5E0B9A13
:1043B0005118039A5143059A5118069A09B201926D
:1043C0003AB20092C26920001500109AA847D4E7BB
:1043D000782D0110F0B5026A04000B0085B0002AA8
:1043E00034D10A2908D1437E0282DB00628A9B18FD
:1043F0006382012005B0F0BD0D29FAD0E17E007E78
:10440000657E00290ED01026A15F06264643891935
:104410000C27E65FB14205DD1226A15F2282EA0089
:10442000521862821221625E1026A15F03950290EB
:10443000E08A0190A08A00902000FFF773FE062218
:10444000237E5343228A9B182382D2E70A2905D16F
:1044500000230382127B437E5343C7E70D29C8D054
:10446000117A8B42C5D3907A9842C2D3591A5568B3
:10447000C9B2C9006D18AF78002F28D0E97800299B
:1044800025D0E17E207E667E002913D00521695665
:10449000C91941438C461021675EBC440C21675EFC
:1044A000BC4507DD1227E15F00272782127B72439C
:1044B000521862821221625E1027E15F0396029019
:1044C000E08A0190A08A00902000FFF72BFE2B7954
:1044D000227EB6E70B1C002900D101230376437628
:1044E00070477047704770B506000C008D18AC42DD
:1044F00000D170BD3368217830009B6898472070E8
:104500000134F4E710B5837D0400002B04D00023B0
:104510008375406803F0BCFA207CFF2802D0052197
:1045200002F0B2F8237D002B03D00521E07C02F0DD
:10453000ABF8A07C052102F0A7F8607CFF2802D030
:10454000052102F0A1F8002323726372A372E372C3
:104550002373637310BDF8B5160001228B68040045
:104560000D1D101C002B08D19A421ED0CA6895421E
:1045700011D1236065602000F8BD1D69021CB542A1
:1045800000DC0022D2B2B54203DD9F681D003B0073
:10459000E8E7DF68FAE7280006F0E6FA0269002398
:1045A000B242E6DB20606360E5E72800F6E7F0B59D
:1045B0000F00010085B005003A00303102A8FFF776
:1045C000CAFF039E002E15D02B0034330193029BAB
:1045D000002B11D00124182006F09CFA00230100C2
:1045E00043610761019B3200200006F0D9FA6B6C31
:1045F00001336B6405B0F0BD019A9642EAD032698E
:104600000124974200DB1C1CE4B2E4E770B504000F
:10461000002C00D170BDE068FFF7F8FFA56820000E
:10462000182106F073FA2C00F2E710B50400806B35
:10463000FFF7ECFF200010BD10B50400FFF7F5FFF9
:104640002000582106F062FA200010BD3322030931
:104650000001184343B29B00800893431040184365
:1046600043B2223240085B00104093431843C0B26B
:10467000704770B50500C0B2FFF7E8FF0402280AD2
:10468000FFF7E4FF204380B270BD7FB56B46D98051
:104690009D1D837D0400181E1AD0637B88B2012BF8
:1046A00001D0FFF7E6FF0F23288060680E2602681E
:1046B0006E4493438022520183502900012332002B
:1046C0000EF0CAF8637B3088012B01D0FFF7D1FFD1
:1046D00004B070BDF8B51400827D07000D00002AFB
:1046E00012D007214068E618026851400F2211409D
:1046F0008022520181507A7B012A1FD1002C04D1E3
:104700001A0029000EF088F8F8BD2200002D03D110
:10471000FF210EF039F8F7E729000EF08DF8F3E7E6
:104720003B6838009B682978984720707B7B012B79
:1047300001D0FFF78BFF207001350134A642EFD185
:10474000E2E77FB56B46D971DD1D837D0400181E3D
:104750001CD0637BC8B2012B01D0FFF777FF072382
:10476000287060680F2602686E4453400F22134081
:104770008022520183502900012332000EF05CF8A0
:10478000637B3078012B01D0FFF760FF04B070BD70
:10479000436C70B50500002B07D001F037F93435B4
:1047A000AC68A54202D101F019F970BD61692069B8
:1047B000012201F0C7FF200006F0BEF90400F0E777
:1047C0000200343270B5836B04001000002B0ED150
:1047D00082420BD00369994208DB110006F0A0FA6F
:1047E000182106F093F9636C013B636470BD1D6989
:1047F000A94203DC9D6818002B00E7E7DD68030091
:10480000F9E70000F0B54369060089B0002B16D027
:1048100001F0FCF8D0231B061B685A4253412F229B
:104820005B429343524A9B180493F3680193331DF0
:104830000093009B019A934203D101F0CFF809B095
:10484000F0BD0722019B1C69E31713401B19049A52
:10485000DB109B00D718474B3A68234004D508214A
:10486000013B49420B4301339B0005931300059A1A
:10487000009DD3400F2213400393B368002B12D145
:10488000009BAB4219D02B699C4216DB039B6B61EA
:104890000599039B3A688B40534001983B6006F0B2
:1048A0004BF90190C5E71A69944203DC9A681D0030
:1048B0001300E3E7DA682B00F9E7182006F02AF97D
:1048C000039A009B029004614261AB420ED173696E
:1048D000002B03D0326913699C422FDC2200310087
:1048E00006A8FFF738FE069B079A22E02B699C4238
:1048F0000FDAF26895420AD0280006F035F903690C
:1049000002009C42EADDC368002B17D02A00012078
:1049100018E09C4226DD326995420FD0280006F04F
:104920000BF9026903009442D8DAEA68002A11D030
:104930000200002A16D00120002B03D1009B012089
:10494000934208D1009B029906F02AF9736901335A
:1049500073619DE72A00136901209C4200DB00205F
:10496000C0B2EFE71821029806F0D0F890E7C046F1
:104970003041014007000080F0B585B002910392FC
:10498000827D02AD04000E008368002A3DD099426A
:1049900009D18289AB889A420CD120003030FFF7D0
:1049A00031FF05B0F0BD406803F072F83100606877
:1049B00003F0D2F82000022729000622083004F074
:1049C000ADF86168237B124A48688F509A1E3840C0
:1049D000D2B20125019010000022BB43013B854269
:1049E00052415F427B419201DB01134307221A438C
:1049F000CF230E6872401A4080235B01CA50054BDA
:104A0000C918019B0B60A575C7E79942CED1D1E7C4
:104A10000430000004200000F0B505AC267806AC98
:104A200027780F4C050004600024343504622C7094
:104A3000C56305642035846344648464C464046588
:104A40002C70477486744160447584750472447296
:104A50008472C472047344730274C374F0BDC0469C
:104A60008032011070B50400007C0D00FF280BD1CE
:104A7000637C83420BD1144B626814499A4200D183
:104A80001349144801F0B6FD012101F0FDFD257523
:104A9000002D03D00121E07C01F0F6FDA07C012176
:104AA00001F0F2FD607CFF2802D0012101F0ECFD55
:104AB00023682000A168E2681B6A984723682000E9
:104AC0005B6A984770BDC04600000440D5290110BC
:104AD0004A290110B029011010B50021FFF7C2FFCB
:104AE00010BD0000132307B50193013B10220849B4
:104AF00000930848013BFFF78FFF0F230193013B11
:104B000000930C2204480549013BFFF785FF07BDD0
:104B100000C00340341700208C1700200000044020
:104B2000F0B50C00144319D40C25445F8C4215DDFC
:104B30000E25445F944211DD847E022C0FD0032C9D
:104B400016D0012C04D10489A41A013C0A0021B218
:104B5000012B13D0022B33D0002B1FD0F0BD0489C2
:104B6000013C611A448909B2A21A013A12B2EFE774
:104B70004489013C641A110022B2E9E70725D417E1
:104B80002C401540AB400827C65FA418E4107443BE
:104B9000C06A6118425C13434354DFE70724D3170C
:104BA00023400826855F9B18DB106B435B18C16AA6
:104BB0001440CB180121A1401A788A431A70CDE71E
:104BC0000724D31723400826855F9B18DB106B430F
:104BD0005B18C16A2240C918012393400A785340E8
:104BE0000B70BBE770B5002604001D0004AB9E5798
:104BF000FFF72CFA114B2360002363629D4200D122
:104C00000F4DE3622300FF223333A5621A702200A6
:104C1000012336325B42A3861370230037331E70A4
:104C2000059B8022A363069B5200E363054B200093
:104C30006364230048331A8070BDC046C03201103F
:104C40004818002000093D00836AF7B504000E00F3
:104C50000200002B14D0303211781A681800D26A82
:104C60009047A06A002103681B689847A06A31003A
:104C700003681B689847A06A03685B6B9847F7BD99
:104C800035321078190000F079FE606A002804D0EF
:104C9000036831009B689847F1E7082780252300C7
:104CA000290033331878314000F068FE2300343394
:104CB00001931878012100F061FE019B0021187812
:104CC000013F00F05BFE6D08002FE8D1D7E770B51B
:104CD0000400806A0D00002810D00368A16B9B6A55
:104CE00098475A3D2000E9B2FFF7AEFFA06A0028BE
:104CF00013D00368E16B9B6A984770BD606A002817
:104D000004D00368616C1B6AA26C98472300363399
:104D10000021187800F032FEE3E7230036331878DC
:104D2000012100F02BFE606A0028E6D003685B6A70
:104D30009847E2E7F0B5836A85B08A1805000C0051
:104D40000392002B2DD007001A68303718003978ED
:104D5000D26A9047A86A0021036801261B68984719
:104D6000A86A039A0368944203D15B6B984705B025
:104D7000F0BD202E0CD15B6B9847A86A3978036888
:104D80001F3EDB6A9847A86A002103681B689847A2
:104D9000A86A2178036801361B689847B6B20134C7
:104DA000DEE7020035321900107800F0E7FD039BC2
:104DB0009C42DCD02378686A0193002805D0036800
:104DC00001999B6898470134F1E7082780262B005A
:104DD000019933331878314000F0D0FD2B00343383
:104DE00002931878012100F0C9FD029B0021187878
:104DF000013F00F0C3FD7608002FE8D1E3E707216B
:104E000010B50A23C25E0732D3170B409B18082146
:104E1000425EDB1000215A43C06A03F079FE10BDE8
:104E2000F0B587B005930CAB1E78C36A0400170079
:104E30000491002B10D107210A23C25E0732D31739
:104E40000B409B180822805EDB1058430AF0FCF8E8
:104E5000E062002800D1BEE02000FFF7D0FF0A2367
:104E6000E25E0823E15E202A00DCB6E0403A12B29E
:104E7000D00F52398218C80F4118012049100290F2
:104E8000904B3F300190521009B212302500009033
:104E90002000FFF7F1F8049B31352B70A06A002841
:104EA00000D1ABE03B1E05D10A22A35E203B5A1E77
:104EB00093413C33220030321370002E02D003683D
:104EC000DB699847059B002B1BD026000020373656
:104ED0003056002815DB0121C0B200F0E5FC0121AD
:104EE000307800F04BFD012000F0A5FB0021307868
:104EF00000F044FD0A2000F09EFB0121307800F014
:104F00003DFDA06A002800D1A3E00368A16B9B6A65
:104F10009847042220006C49FFF70CFFA17A20007B
:104F20000139C9B2FFF790FE684904222000FFF75B
:104F300001FF0023EB561421012B00D1043920007E
:104F4000FFF782FE2600042220006149FFF7F2FEEF
:104F50008F23403633700822A35E802B00D087E079
:104F60000A22A35E202B00D18FE0402B00D08EE0E0
:104F70000022AA568F33012A00D1303B122733700A
:104F8000DA212000FFF760FE39002000FFF75CFE09
:104F900081212000FFF758FE20003178FFF754FEF2
:104FA000D9212000FFF750FE0023EB56F121012B01
:104FB00000D1CF392000FFF747FE200006224549E7
:104FC000FFF7B8FEA06A002800D16CE00368E16B2F
:104FD0009B6A9847012007B0F0BD203AD00F733983
:104FE0008218C80F411801205210491002901F303A
:104FF0000190394B12B209B2533047E72300270022
:10500000353318783637012100F04EFC387801210D
:1050100000F04AFC3878012100F0B0FC676A002FEC
:1050200006D0002E00D14DE73B6838001B6B48E7E7
:1050300023002600333318783436012100F034FC85
:105040003078012100F030FC3900307800F096FC17
:1050500038E7606A002804D00368616C1B6AA26CA0
:105060009847230036330021187800F087FC50E77A
:10507000602B0CD10A23E25E102A06D1002169566A
:10508000AF23012900D113003370022778E7134BB7
:10509000A2689A42F9D10022AA56CF23012A00D051
:1050A0006CE7BF3B6AE7230036331878012100F034
:1050B00065FC606A002800D18CE703685B6A98474A
:1050C00088E7C04616350110323301102E33011027
:1050D0002A33011024330110363301104000200020
:1050E00070B504AC2588002A21DB0A26845F94422F
:1050F0001DDD002902DA5B1800211BB20826845F3F
:105100005E18A64201DD631A1BB2002B0FDDD6101C
:1051100074436418C16A0720024006389040091998
:10512000C2B2012D04D0022D14D0002D09D070BDC3
:105130000878013B10431BB208700131002BF7D1F6
:10514000F5E70878013B90431BB208700131002B52
:10515000F7D1ECE70878013B50401BB208700131F1
:10516000002BF7D1E3E70000F0B505AC2588002956
:1051700051DB0824065FB1424DDA002A02DA9B189F
:1051800000221BB20A27C45FD718A74201DDA41A68
:1051900023B2002B3FDDD2B2D7087E437618C16A16
:1051A000072789191600DCB23E403A4216D0082281
:1051B000961B2B4AF6B2975DB44204D2FF221340ED
:1051C000F31A1A411740012D26D0022D2BD0002DA5
:1051D00026D0B4421FD30822835EC918A31BDBB2BA
:1051E000072B0ED9022D22D11A000C78083AE4437D
:1051F0000C700826845FD2B20919072AF5D8072255
:105200001340002B07D0174AD35C012D1DD0022D6F
:1052100023D0002D1DD0F0BD0B783B430B70D8E799
:105220000B78BB43FAE70B785F400F70D1E72C0097
:10523000621E94411A0064420C700827C65F083A47
:10524000D2B28919072AF7D8D9E70A7813430B7025
:10525000E1E70A789A430A70DDE70A785340F6E7F7
:105260001C3301101433011037B5140006AA158839
:10527000827E022A0DD0032A18D0012A11D1028978
:10528000121B013A14B20A0000952100FFF76CFFCF
:1052900037BD4289C918121B013A14B20289511A4A
:1052A00009B222000095FFF71BFFF1E74289C918F8
:1052B000511A09B2E7E737B5140006AA1588827EAD
:1052C000022A0DD0032A18D0012A11D10289E4182C
:1052D000141B24B20A0000952100FFF701FF37BD1F
:1052E0000289E418521A013A11B24289141B24B2FD
:1052F00022000095FFF738FFF1E74289521A013A80
:1053000011B2E7E7F0B50400806A85B0002841D00B
:105310000368A16B9B6A9847042220005549FFF758
:1053200009FD0822A35E402B43D120212000FFF776
:105330008BFC217A1F312000C9B2FFF785FC0A22BD
:10534000A35E07220733DD171540ED182389ED1002
:105350005D43A06A2300E76AADB200284BD030332A
:105360000193197803680126DB6A9847A06A4021F7
:1053700003681B689847A06A0368002D20D15B6B07
:105380009847A06A002867D00368E16B9B6A98473A
:1053900005B0F0BD606A002804D00368616C1B6A28
:1053A000A26C9847230036330021187800F0E6FA03
:1053B000B2E700212000FFF747FC217A0139BAE764
:1053C000013DADB2202E0DD15B6B9847A06A019BC9
:1053D0001F3E19780368DB6A9847A06A402103687A
:1053E0001B689847A06A3978036801361B6898479C
:1053F000B6B20137BFE735330121187800F0BEFAA5
:10540000002DBED03B78606A013DADB2029300280A
:1054100005D0036802999B6898470137F0E7082395
:10542000802601932300029933331878314000F02D
:10543000A5FA2300343303931878012100F09EFA73
:10544000039B0021187800F099FA019B7608013B34
:105450000193002BE6D1E0E72300363318780121D1
:1054600000F08CFA606A002800D191E703685B6A5B
:1054700098478DE710330110F8B505000F001600AE
:105480000024B44201D12000F8BD2B682800395D0A
:105490001B6898470028F6D00134F2E770B5050084
:1054A0000C00081E07D009F0F7FD2B680200210050
:1054B00028005B68984770BD10B5FFF7EFFF10BD7F
:1054C00010B503681B68984710BD000010B502496D
:1054D000FFF7E4FF10BDC046D329011070B50400EA
:1054E000FFF7DCFF05002000FFF7F0FF401970BD5B
:1054F000F0B58BB014006A460023243207000D007B
:105500001370012C00D80A2409AE2800210002F0F3
:1055100093FB0B002A0037330500092900D8073B0D
:10552000013E33709442F0D931003800FFF7B6FFE6
:105530000BB0F0BDF8B507000D00161E04D10368CE
:10554000C9B21B689847F8BD0A2A0CD100290BDAAA
:105550002D21FFF7B5FF3200040069423800FFF744
:10556000C7FF2018EFE7D2B229003800FFF7C0FFCD
:10557000E9E770B50400FFF7DDFF05002000FFF745
:10558000A5FF401970BD10B504000068002801D0C7
:1055900009F064FD00232360A360636010BD70B553
:1055A00004000D000068013108F05EF8031E01D010
:1055B000012028C470BD036810B50400002B03D07F
:1055C000436801208B4209D22000FFF7E8FF002842
:1055D00004D0A368002B01D12268137010BD70B5F0
:1055E0000E00110004001500FFF7E5FF002804D1AC
:1055F0002000FFF7C8FF200070BD2A00310020689E
:10560000A56003F08BFA00212268A368D154F2E769
:10561000002370B504000D0003604360836099426D
:1056200007D0080009F038FD290002002000FFF72C
:10563000D6FF200070BD10B5002801D001F0C6FDD6
:1056400010BD000010B5D024FF2324062068236578
:1056500004490F3001F0D8F8206801210F3001F023
:10566000A3F810BDE5000020104B10B51B78002BEF
:105670000DD1002000210E4B9860D9600D490F30EC
:1056800002F03EF807220C4B1A600C4A5A60FFF7F2
:10569000D9FF0B4B002B01D000E000BF094B002BC2
:1056A00000D1FEE700E000BFF8E7C0469E250020DD
:1056B000B0160020C100002010E000E0FFFFFF0056
:1056C000000000000000000070470000084B10B50B
:1056D000002B01D000F058FC064B002B01D000E05D
:1056E00000BF054B002B01D000E000BF10BDC0463D
:1056F000895F0010000000000000000010B50148A4
:1057000000F078FFD629011010B5074C10220021B7
:10571000200003F0FDF90023044923740448013BF1
:10572000E362FFF775FF10BDB0160020D529011008
:10573000D41D0020F0B585B001F070FF0B2805D80E
:105740000C2001F05DFF454B033BFDD2444803AB09
:1057500002AA01A901F0CAFE041E75D0039A02999B
:10576000019801F093FE3F4E002E02D13E4B002BDC
:1057700010D04C21012007F06DFE05003B4B4C2260
:105780000021186003F0C4F9394B6B60394BAB60F2
:10579000394BEB6000220023384D39490F202A6035
:1057A0006B6001F0ADFF0722364B1A60364A5A6033
:1057B000FFF78AFF354800F0B3FEE1213448490283
:1057C00000F0CAFA002E02D1274BB34240D0314834
:1057D00001F016FA1021022007F03CFE0700E861F4
:1057E00000F020FF082203000421380001F0C8FD6A
:1057F000EF6900F017FF103703000822042138007A
:1058000001F0BEFD2C74FFF71DFF002E02D1164BD8
:10581000B34212D00120FFF70EFF1F4B1B78002B65
:1058200018D08020800109F00FFC80221B4B010062
:10583000186092011A4803F0D1F9FDF7E5FCFDF775
:1058400001FDFFF743FFFAE71648054900F0D2FED5
:105850003400D7E7124803F0DBF9EEE7E02E000052
:10586000400D03000000000000000000F8180020B8
:10587000D013002040140020B0140020B0160020E7
:10588000C100002010E000E0FFFFFF000018002032
:10589000E4170020C41600209F2500207C1D002056
:1058A00069560010DB290110F7B5040001911D288D
:1058B0001FD808291DD808000CF0D6FF053E1C2D66
:1058C0001B4C3E5258000123D022A3401206052152
:1058D0002000936200F0D8FE00222000110000F0AA
:1058E000F3FE254B019A1A55192C02D9200000F01D
:1058F00071FEF7BD01273E00D025A6402D060521EB
:105900002000AE6200F0C0FE00223900200000F04E
:10591000DBFEAE61E5E701273E00D025A6402D065F
:1059200005212000AE6200F0AFFE3A000021200009
:1059300000F0CAFE6E61D4E70521200000F0A4FE4D
:105940000121200000F0F0FE0123D022A340120626
:105950005362C6E70521200000F096FE0021F0E723
:105960000521200000F090FE0221EAE70521200039
:1059700000F08AFE0321E4E74A24002070B5050008
:105980000C001D280DD8052100F07EFE0B4BD02207
:10599000595D01231206AB40032903D1002C05D128
:1059A000936270BD022903D1012CF9D05362F8E74C
:1059B000002C01D05361F4E79361F2E74A24002000
:1059C000010000201D2908D80122D0238A401B068F
:1059D0005B6813405A1E9341D8B27047D0231B0610
:1059E0001B6808489B00195830B5002909D0064C9F
:1059F00001391A59195055081D5101231A4082F3D3
:105A0000108830BDFC18002014190020D0231B067C
:105A10001B680C499B005A5810B50F2A02D10A483E
:105A200000F0E8FD094A985840009850EFF31084C0
:105A300072B6601E84419858204398505A580132DB
:105A40005A5010BDFC1800200D2A01101419002016
:105A500013B500230400080021602371627101A9BD
:105A60000CF0CAFE002808D1D0231B06019A1B683F
:105A70009A4204D020680CF01FFF012323712000FC
:105A800016BD10B503790400002B02D000680CF09D
:105A900083FE200010BD10B50368DB69984710BD78
:105AA00013B56B460268D9715468D91D0122A0470D
:105AB00016BD000030B5040085B002AD00222800FC
:105AC0001049FFF7C5FF237C002B06D11C002800DE
:105AD000FFF7D7FF200005B030BD2B79002BF5D0A4
:105AE00001200021404203F095FB6B46DC1D2100A4
:105AF000002003F0B3FF002801D02478E7E7012459
:105B00006442E4E70018002037B50400002268462C
:105B10000C49FFF79DFF237C6D46002B05D11C002F
:105B20002800FFF7AEFF20003EBD2B79002BF6D0FA
:105B300001200021404203F06DFB002003F06AFFCA
:105B40000400EDE70018002030B5040085B002AD78
:105B5000002228001249FFF77BFF237C002B02D193
:105B60000124644216E02B79002BF9D0012000219A
:105B7000404203F04FFB002003F04CFF0028EFD021
:105B80006B46DC1D01222100002003F04FFF00289E
:105B9000E6D024782800FFF774FF200005B030BD60
:105BA0000018002037B50400002268460C49FFF7B2
:105BB0004FFF237C6D46002B05D11C002800FFF70A
:105BC00060FF20003EBD2B79002BF6D00120002184
:105BD000404203F01FFB002003F0A8FF0400EDE7A4
:105BE0000018002037B50500002268460A49FFF773
:105BF0002FFF2B7C6C46002B0AD02379002B07D07B
:105C0000002003F037FF01200021404203F002FB97
:105C10002000FFF736FF37BD00180020F0B5050063
:105C200085B0019100923A49002202A8FFF710FFC7
:105C30002B7C002B03D002AB1B79002B06D11D005F
:105C400002A8FFF71EFF280005B0F0BD03F06CF9B5
:105C5000002801D003F070F9002003F0C3FE0028F3
:105C600051D102222B7E15001D401A424ED1002038
:105C70000021284B03C340E0002003F057FF009BA6
:105C80001E1B864200DD0600002E17D0019B32004D
:105C90001919002003F02CFF24182D1801200021D1
:105CA000404203F0B7FA002003F0E4FE01F01AFBD3
:105CB000184B03C3009B9C42DED31EE00120310041
:105CC000404203F0A7FA300003F0D4FE300003F0A6
:105CD00089FEB04211D0300003F028FFB042E9D174
:105CE000002701F0FFFA0C4E0A4B0CCB92197B41B6
:105CF000994202D8DED19042DCD9012000214042F5
:105D000003F088FA9CE700242500D3E70400FBE7B2
:105D1000001800202815002040420F0037B504006D
:105D2000002268460B49FFF793FE247C6D46002C49
:105D30000BD02C79002C08D001200021404203F028
:105D400069FA002003F04EFE04002800FFF799FED8
:105D500020003EBD001800207FB5067C0400002E08
:105D600023D1124800F09AFB104800F04DF9A074BE
:105D70000E4800F05DF9E0740C4800F045F90C495C
:105D800020750A4800F0DAF9422360750296013660
:105D90000221084A009305482300019600F0B5F956
:105DA0006074024800F0AAFB26747FBD0018002032
:105DB000202A0110E15E001070B5037C0500002B65
:105DC00013D00A4800F06AFB697C084800F0AFF97C
:105DD000A97C064800F026F90448E97C00F035F972
:105DE000002302482B7400F089FB70BD00180020CE
:105DF0000023FA2243600374E12392008260024A86
:105E00005B03026083617047E0370110F0B5160054
:105E100093B0244A0C0001A90A800222CA70224AC7
:105E20006D460292214A44270392214A8C700492C3
:105E3000204A8C720592204A0692204A0792204AF4
:105E40000892204A0992204A0A92204A0B92204A3C
:105E50000C920A220D921F4A0E921F4A0F921F4A5D
:105E600010920022EA53427D651C0A746A4607328A
:105E7000D47702AAD5770B228D76847C6A44D477B6
:105E800031226A4415703A22C47C6A44147041225B
:105E9000007D6A4410701A00300002F03FFE13B01B
:105EA000F0BDC046080B000002020000090400001B
:105EB0000102020000052400200105240100000465
:105EC0002402060524060000070500030800100947
:105ED0000400000207050002400000070500024020
:105EE00010B50400180013000A002100FFF78EFF10
:105EF00010BD00000A22836910B593439622D20197
:105F0000934214D10123027E00211343037605201E
:105F100000F04AFC8023064A5B041360054A032014
:105F2000136001F01BFA0021080001F09FFB10BD77
:105F300000E0004000F000408900D2000A430C213C
:105F4000044810B5037E0A408B431A430276FFF7DC
:105F5000D1FF10BDE41700204B780A781B021343D1
:105F60008A78084812041A43CB780F2110B51B0613
:105F7000134382691B010A4013438361FFF7BAFF91
:105F800010BDC046E4170020054B10B5002B06D00D
:105F90000448FFF7B9FD002801D000E000BF10BDA4
:105FA00000000000E417002010B50248FFF720FFB2
:105FB00010BDC046E417002070B50C0005001900A4
:105FC000200002F0ABFDA57070BD000010B5044BC1
:105FD000187A00F009FCFA200021800010BDC046AC
:105FE0000018002010B5002106480CF005FC002820
:105FF00007D001200021404203F00CF901480CF0C9
:10600000CBFB10BD0018002070B5448D0500201E8C
:1060100007D001F0E3FD0123834080389C436C8569
:10602000C0B270BD01238B40428D1343438570473E
:1060300070B5848D0500201E06D001F0CFFD012330
:1060400083409C43AC85C0B270BD012380398B4036
:10605000828D134383857047F8B518201F000D000B
:106060001403089E08F0F0FF069B07604360184B7E
:106070002F681A78511C1970079BB1031B051B0D63
:106080001C433F231340890B9B040B43C1680481CD
:10609000090E09060B43C360099B39000361002305
:1060A000436100290CD0CC68A403A40BB44204DBE8
:1060B000002B07D04161586106E00B004969F0E709
:1060C0008B42F8D1476128603F201040F8BDC046A0
:1060D000B00C002070B50D680C00280000210028CD
:1060E0000AD0837B1B069B0E934206D1A84207D1A0
:1060F000456908F0B3FF256070BD01004069EEE717
:1061000043694B6108F0AAFFF6E730B50C000100C7
:1061100085B00A9D00930395099D13000295089D83
:10612000220010310195FFF797FF05B030BD0A003E
:10613000010010B51031FFF7CDFF10BDF7B501918B
:10614000417E037E05008B4207D30431C9B240690A
:106150006976890007F088FA68612C7E6F69002CE7
:1061600003D10C4B01343B602C760026B300F95868
:10617000019809F0C9F9002802D1F4B22000FEBD4F
:106180000136B442F2D8019AA300DA51631C2B768F
:10619000F4E7C046D5290110F7B5394F04003B7824
:1061A000002B03D11921380002F04AFDE68D002EA4
:1061B00000D1344E258E002D00D10A352300323314
:1061C0001B780093002B04D12F493048FFF7B6FF0E
:1061D0000090230033331B780193002B04D12C490A
:1061E0002A48FFF7ABFF0190230034331A78002AC6
:1061F00004D139002548FFF7A1FF02002000122337
:1062000035300370234B0121A363230040273C3327
:10621000E1865E70360A1F709E702E0A1E7126007F
:1062200000274136DD70327122003770009F463200
:10623000B770019F7170F7701170268E0333002EB6
:1062400012D12A00E768002F0FD1BE4203D01500FB
:10625000110A1A70597000212269002A0AD191424C
:1062600002D01D702D0A5D70FEBD3E8A7F697240AE
:106270000E00E8E7118A52694D400121EDE7C04662
:10628000682400208A2E00002C2A0110001800200B
:10629000392A011002EF020110B50248FFF77CFF16
:1062A00010BDC04600180020F8B50023C5680600E0
:1062B0002A001800002A05D193420BD1B383002392
:1062C0003362F8BD138952691B051B0DC01880B2DB
:1062D0000123EFE7B0830028F1D008F0B5FE852751
:1062E000306204000126002DEBD02A89200012051F
:1062F0006968120D02F012FCE671A7712B89013654
:106300001B051B0D6D69E418EDE70000014B586A91
:106310007047C04600180020F0B5466A05008FB0EF
:10632000002E55D1036AB34225D0394A838B079298
:10633000384A394F0892394A07AC0992384A38002E
:106340000A92384A0B92384A23741B120C926374D7
:10635000FFF75AFE354BE8761B68207523760A2333
:1063600001930F330093012123003800304A029635
:10637000FFF7CBFEA8760022092617002B69002B19
:1063800028D13300002A01D10926330029492B8561
:106390002148FFF7D3FE05902B8D1800049308F0D9
:1063A00053FE040068620021049A02F0B1FB224B04
:1063B0006680238001236371059B0026A371A023BF
:1063C0002D69E371233B277123720934002D0CD111
:1063D0000FB0F0BD1A891205120DB6185A7A5B6912
:1063E0001206120FBF180122C9E72A896B6812052D
:1063F000210030002F68120DB8472B891B051B0D9B
:10640000E4186B7A6D691B061B0F9E19DEE7C04608
:1064100009040100010300000018002000092111F7
:10642000010001220000070500034000B40C002019
:10643000B95F0010D52901100902000003000029EE
:106440000CD10F4B0F4A5A800123C0220133DBB21B
:106450000B485B009200134303807047027E0020CC
:106460008A42FAD95B698900C8580023044AC15C92
:106470000029EAD00133518002321F2BF7D1E4E723
:10648000082400200904000010B50A000100024899
:10649000FFF7D4FF10BDC0460018002070B50400FF
:1064A00002F032FD060014480CF006FA02F05CFD22
:1064B000002E03D0FA20400000F088FE0E480CF0B9
:1064C0006BF9606A08F0CAFD002363622385236AC2
:1064D000002B09D02000A17EFFF729FE0123E27ED8
:1064E0009340628D13436385206A08F0B7FD002353
:1064F0002362A38370BDC0460018002010B50400BD
:10650000FFF7D2FE2000FFF707FF04480CF0D4F994
:1065100002F034FD01480CF03FF910BD00180020D6
:1065200030B585B0040003F0D3FC051E30D1200047
:10653000FFF7BAFE2000FFF7EFFE200000F060FB3F
:106540002900280003F0A0FC012000F047FB1149BE
:106550002072C0B200F058F90121207A00F024F92D
:1065600000F032FD040000F0BDFEFA22002392008C
:1065700012184B41AB4202DA0122074B5242012171
:1065800002910021019105492000009100F072FD67
:1065900005B030BDE55F0010FFFFFF7FCD5F00104D
:1065A000FF210022084B090499610849DA609962C9
:1065B00007491A615A619A831A625A62D9621A6348
:1065C00034331A707047C046001800200000FEFFE8
:1065D000FEFF000010B50200012000210CF0ECF8D5
:1065E000034C2268636882438B430CC410BDC046D1
:1065F000201500200FB407B5084806F017FF049BCC
:10660000002B07D005A91800019104F0B5FE04483D
:1066100006F00CFF01200BF08AFAC0463E2A01105A
:10662000D5290110044A1078431CDBB2172B00D97E
:10663000102313707047C046B80C002013B5044BEC
:106640000100009318221F23024803F044FF16BDE7
:106650004E2A0110501D002030B50725C4082840DF
:10666000800081402000074D3C308000A400415153
:106670001B19002A03D080229201995030BDC022FC
:10668000FAE7C04600400140074B820010B5D458DD
:1066900040236340C0242340044CC0001351044BEA
:1066A000C018416010BDC04604C0014004D0014084
:1066B00000400140034BC000C0181F234068184031
:1066C0007047C04600400140054B8000C358C900D8
:1066D00092000A435A400C231A40024BC2507047A2
:1066E00004C0014004D00140054BC000C358090458
:1066F0005940C0239B021940024BC1507047C0460D
:106700000440014004500140054BC000C358090338
:106710005940C0239B011940024BC1507047C046ED
:106720000440014004500140044B8000C35809015B
:10673000594030231940024BC150704704C00140FA
:1067400004D00140D02310B530241B061B686343DE
:10675000024C1B19FFF780FF10BDC04600410140ED
:10676000074B10309B688000C150BFF35F8FBFF3B1
:106770005F8F0021034B196082F310887047C04679
:1067800000ED00E0240100D0044B0548054A190043
:10679000043308609342FAD17047C04600E400E039
:1067A0008080808020E400E01F2318401E3B83404F
:1067B000002905D0C021044A490053501360704796
:1067C000024AD367FBE7C04600E100E004E100E0D5
:1067D00001228240034B1B6813405A1E9341D8B2DA
:1067E0007047C04600E100E001238340014A136086
:1067F0007047C04600E200E0024B10309B6880000A
:10680000C058704700ED00E070B504000D00EFF3D4
:10681000108672B60A4A1368002BFCD0BFF35F8F54
:106820002000FFF7E9FF074B984201D0A84205D1AD
:10683000320029002000FFF793FF70BD02F020FA1C
:10684000240100D0C1300010F0B587B0049003914E
:106850000292EFF3108372B6564A05931368002B29
:10686000FCD0BFF35F8F00235349CB560093002B1E
:1068700001DA02F005FA0C239C466246009B4F4D5C
:1068800053435A19907908704D498868049910311A
:1068900089000958481B472819D94A488142E8D13C
:1068A000494959534949023304395B19CB1A1B052D
:1068B00047495B0D0B435380464B9380FF239371F5
:1068C000029BD371039B93600121114335E00120AA
:1068D0000E008643340000200196E779029EB742FD
:1068E00031D83B4CA44600283AD006268657071DCF
:1068F000002E33DB384D84885D196346640524150A
:1069000008340419641B043C2405640D1C436346CD
:10691000043AD21B1205520D13438380009B009A48
:1069200083710C235343254A9B182C4A9C801A6080
:10693000029A9E71DA71039A9A60059A0498FFF799
:106940000FFF07B0F0BD0627E757002F04DB6046B6
:1069500047432000EC19C0E72000C2E71D4CD6E7F2
:106960000C206646154C1E4D0199091B49414D43AB
:106970002D0D00999F1C484313493F19015313499A
:1069800020180439C91B0905490D314341800433DE
:1069900001991B19CB1A043B1B055B0D3343838004
:1069A000029B0199C371039B857183600B4B0B6044
:1069B0008AE7C046240100D0A2250020BC0C00209C
:1069C00000ED00E0C130001000A1FFFF040D002029
:1069D00000E0FFFF01BDFFFFC00C00200148804721
:1069E000AAAA0000F7B505000E00EFF3108372B6F7
:1069F000474A00931368002BFCD0BFF35F8F2F0032
:106A0000444B10379B68BA00D458434B9C4265D026
:106A1000B44200D179E0414BE31A472B5ED82800FD
:106A2000FFF7D6FE002101902800FFF7BDFEBFF35F
:106A30005F8FEFF30580002801D0874220D101232A
:106A400022009A431300354A0021944606229F688B
:106A50009A56BE4216D1002A1CDA002848D181423B
:106A600044D0FF228A712E4A8A802E482B49027810
:106A70009A712D4A5B1A5B415A43120D027029E04C
:106A800002F0FEF8002A25DB0C214A43190013000E
:106A90006344DBE70C20504320490E18B7689F6021
:106AA000F779DF710627F7579F71002F1CDBB68837
:106AB000C91A760536158019091809051B48490DAC
:106AC000014399800C215143144B5B1815490878F8
:106AD0000A70987128000199FFF766FE28002100CE
:106AE000009AFFF73DFEF7BD0D49EAE70A4CBCE707
:106AF0000F4A1049D21A083A5002400D01439980BA
:106B00000D4952080A43DA80E4E71C00E6E7C04674
:106B1000240100D000ED00E0C1300010BC0C0020CA
:106B200001BDFFFFA2250020AAAA000000E0FFFF90
:106B30000E0D002000F0FFFF00F8FFFF01230343CC
:106B4000F0B51E00EFF30581EFF3108772B61C4B12
:106B50001B68002BFBD0BFF35F8F1A4A04001A4B4F
:106B6000A41A644163431B0D5BB29C46174B89001A
:106B70009B6814005B581D000023B54214D1134BD1
:106B8000134A9B685A50134B1A78827162461A70E6
:106B9000BFF35F8F00230A4A136087F31088F0BDAC
:106BA00001330C34062BEED0062161566145F7D136
:106BB0000C214B43D318FF229A71074A9A80E2E7CF
:106BC000240100D0BC0C0020AAAA000000ED00E0C7
:106BD000C1300010A225002001BDFFFF13B5064BF8
:106BE0000100009300220523044803F074FC0028F0
:106BF00001DB1F23181A16BD692A0110AB250020DE
:106C000010B50400FFF70EFD0100200003F0AAFC00
:106C1000FF232371BFF35F8F10BD10B50400FFF792
:106C200001FD0100200003F09DFCFF23A380BFF3C2
:106C30005F8F10BD10B50848084B984200D310BDB7
:106C4000040003680834002B03D0FFF7E6FF2000A0
:106C5000F2E7FFF7D5FFFAE768130020C81300201A
:106C60000A4B1868EFF3108272B601680029FCD055
:106C7000BFF35F8F1B68BFF35F8F0021196082F342
:106C8000108840BF002000217047C0460424002027
:106C9000F8B5C16004001F0016000D00FFF7C2FC2C
:106CA000154B2670C018D0231B061B68800063702C
:106CB00001235B422381A380FB18638000232061B2
:106CC0006781BB4211D101270C4BB200D4503C006C
:106CD000B44030002C620A49FFF796FD39003000BD
:106CE000FFF762FD074BEC50F8BD1820584361696F
:106CF0005A1E42520133E4E740000034F0210020E4
:106D0000616D00103820000010B5094C2369002B7C
:106D100009D10321074800F0B1FA10230322200013
:106D20000449FFF7B5FF0A21034803F01BFC10BD1F
:106D3000280D00200040054004240020074A10B51B
:106D4000536A04000020994206D8926A0130A24298
:106D500002D2C81A431E984110BDC04600400540EB
:106D6000F0B587B0EFF3058203231A40924B0392EC
:106D70009200D4580123039A93400493049A8F4BB2
:106D80001A608F4B049A5A630822A35E0293002B69
:106D900055DB1823029A656953438948ED18AA68A0
:106DA000EB680092019300F073FA019B8B4246DC82
:106DB00002D1009B834242D8019B002B00DAA5E060
:106DC0002B69804A6E69934200D08FE030003369AE
:106DD0009847002800D199E0C0CE33003B4300D152
:106DE00094E0002F00DB8BE000980199801BB941F3
:106DF0000022AB5EA860E960002B20DB626994464C
:106E000018225A436244D6688E4218DC02D1926836
:106E1000824214D826002381083618225A4362443D
:106E2000D7688F4208DC02D19768874204D81600E1
:106E30000022B35E002BF0DA2B80029B3380042209
:106E4000A35E002B1ADB2169EFF3108372B60A6888
:106E5000002AFCD0BFF35F8F0422A15E01225242C0
:106E6000A2802269BFF35F8F0020106083F3108837
:106E7000230008330593002900DB5EE0A379002B93
:106E800008D00023A37120000822A35E08305A1CFA
:106E900000D076E00823E15E002924DB18224A4373
:106EA00063699B189D68DE686B1C01D1731C10D050
:106EB000039B434F9B00DB19B96A1A69681A521A7F
:106EC000904205D301220398396A8240114200D1D1
:106ED0001D613B4800F0DCF98E4204DC00D050E735
:106EE000854200D84DE740BF07B0F0BD0821605E85
:106EF0006A88000431001043984706000F006CE7D1
:106F00002F4800F0C5F98019794171E72B88216974
:106F10002381EFF3108372B60A68002AFCD0BFF316
:106F20005F8F62882A80029A62802269BFF35F8F36
:106F30000021116083F3108881E76369059D009348
:106F400018234B43009AD3189A68DF6802920822EC
:106F5000A05E00280CDB18224243009EB218D668BF
:106F6000BE4205DC09D19668B446029EB44504D9F8
:106F700029800022995E18807DE715000022A85E16
:106F8000E7E71821594366697218715E0227D65FD8
:106F9000002E0EDA01267642F7179660D760082792
:106FA000E65F9E4203D001802689168023810B0074
:106FB0006DE71000FBE7C046F02100203C70054063
:106FC00000400540616D001000487047280D00200A
:106FD000F0B5010016001F000269EFF3108072B6D1
:106FE0001368002BFCD0BFF35F8F18220223CC5E06
:106FF0004B6962439B18002C01DB1A884A800A699E
:10700000BFF35F8F0025156080F31088AC422CDB46
:10701000059A9E60DF601A61069A5A615A880132A9
:107020005204520C101CAA4200D1012082B2588096
:10703000200410430E69EFF3108272B63568002DFC
:10704000FCD0BFF35F8F04268D5F1D808C800B69A1
:10705000BFF35F8F00241C6082F3108801220B783D
:107060009A40CB6802495A50F0BD01204042FBE7EC
:107070003C200000F7B51F000AAB1C780500160085
:10708000002C09D0099B32000193089B2800009333
:107090003B00FFF79DFFFEBD00F024F932003B00EE
:1070A000121A8B41A342EDDA2000F4E730B544898F
:1070B00003000A140020944225DD183050435A6919
:1070C0001D691218EFF3108472B628680028FCD0EE
:1070D000BFF35F8F558889B20020A94204D10A48C6
:1070E00001435180012098711A69BFF35F8F00211D
:1070F000116084F31088884205D001221978DB687A
:107100008A4002495A5030BD0080FFFF3C200000F9
:10711000F0B506000F0006246442E517A4197D416E
:1071200085B08D4202D803D1844201D900240025C4
:1071300000F0D8F822002B00121A8B41002B08DC3B
:1071400001D19A4205D13000390000F00FF905B0A5
:10715000F0BD002302930193104B220000931048CE
:107160002B00FFF787FF0130EDD020002900FFF74B
:10717000E5FD0028E7D10B4B1868EFF3108272B6DB
:1071800001680029FCD0BFF35F8F1B68BFF35F8FDE
:107190000021196082F3108820BFE6E7616C0010BF
:1071A000280D00200424002070B504000D0000F01C
:1071B00099F800196941002902DA01200249404288
:1071C000FFF7A6FF70BDC046FFFFFF7FFA2210B594
:1071D00000239200002101F079FCFFF7E5FF10BDCC
:1071E000F0B504000D0087B0EFF30583002B05D048
:1071F00020002900FFF7A2FD07B0F0BD1C4B05934E
:107200001B68834205D1059B5B688B4201D120BF7F
:10721000EEE7184B0493DF68049B38001E7800F0FB
:1072200037F80436B600BA5926002F000023361A64
:107230008F41121ABB4202DCE9D1B242E7D9029374
:1072400001930D4B2200009304982B00FFF712FFCF
:10725000061ECDDD059B2000290030C3FFF76EFD23
:10726000002800D120BF31000498FFF71FFFBFE7BF
:10727000200D0020280D0020616C001010B5024A7E
:10728000024803F00AF910BD842A01109D25002050
:107290000300416A0A00986A596A8A42FAD1704723
:1072A000416A9942FCD3994202D1816A914200D34A
:1072B0007047416AF7E770B514001D000600FFF73C
:1072C000E7FF22002B0012184B41994202D804D14B
:1072D000904202D901225242D3173000FFF7E0FF5B
:1072E00070BD000010B50248FFF7D2FF10BDC046C8
:1072F0000040054010B502000B000248FFF7DBFF1D
:1073000010BDC0460040054010B5002905DB826A6B
:10731000836A9B1A8B42FBD310BD08000021FFF744
:10732000E9FFF9E70C4B10B504000800994206D8B4
:10733000FA21890041432000FFF7E6FF10BDFA2241
:1073400000239200002101F0C1FB02000B0020008D
:10735000FFF7B1FFF2E7C0469BC4200010B5010063
:107360000148FFF7DFFF10BD0040054010B50200E7
:107370000B000248FFF794FF10BDC04600400540D7
:1073800070B50E0019000400150003F0EBF800239F
:107390003100E581A681A360681C06F05BF860609F
:1073A000431E9841C0B270BDF7B50C24444301930D
:1073B000244B0092E4186368089A05000E0093427B
:1073C00000D26260C0232F1F9B01FFB2E318012F80
:1073D00027D8012E25D103221A60A3683342FCD09E
:1073E000009B22685B015340E0221340802252013F
:1073F000A350012F09D80321236873400B40A350E9
:107400000123B340A2681342FCD0802380229B0159
:107410001201E250089B019A63600B4BAD00EA50E9
:10742000F7BD802212011A60074BAA00D15800292B
:10743000D6D0586900F000FC431C032058430338A1
:10744000FDD2CDE700800040541D002073B50D0033
:10745000069904001800160000F0EEFB069A0300DF
:1074600012022900009220003200FFF79DFF73BD39
:1074700013B5802464000094FFF796FF13BD00004D
:10748000014B8000C0587047541D002073B5140094
:10749000012205000E0005201100114BFFF7E8FF47
:1074A00033002A00009401210E4800F05BF821000F
:1074B0002800714300F0C0FB0400002202210420D8
:1074C000094BFFF7D5FF2300002201210520FFF71C
:1074D000CFFF022200210620014BFFF7C9FF73BD39
:1074E000006CDC0200800240001BB700F0B5A02554
:1074F00087B002900391049205936D00154B164AD4
:107500006B4301939B18154A072493420BD9013D05
:107510000F2DF3D100201BE0013E3F1B002E05D1B3
:10752000013CB442F3D0270026006743390001989C
:1075300000F082FB029B9842EED10029ECD10120A1
:10754000074B039A6B431360049B1C60059B1E60F2
:1075500007B0F0BDE02E0000508EF4FF50F80C0094
:10756000001BB700F8B504001F4817001E000D00EF
:1075700000F062FB0100380000F05EFB069A330465
:10758000120313432268002A0FDA3F2122680A40BF
:10759000AA420AD1A2681205120D824205D1EE213B
:1075A000E268C9020A409A421CD0104A104EA11843
:1075B0004A42514101220C318A400E490A600E496B
:1075C0000A60170031688F43391EFAD10B4A213106
:1075D000A2182560A060116021680029FCDAE36030
:1075E00008231360F8BDC046001BB7000040FDBF74
:1075F00008C0004000E0004000F0004004300000FF
:10760000044B00011B685840F0231840024B1860DF
:107610007047C0460040064000500640024B1868C4
:107620000006000F7047C04600400640142310B506
:10763000010018889B88984710BD162310B50100DB
:1076400018885B88984710BDF8B50F000400002625
:107650000125BE4201D12800F8BD2068FFF7E6FFF2
:1076600001C4431E984101360540F2E770B504009D
:1076700003480D00FFF7DAFF2900030020009847B8
:107680005542000010B50100014802F04DFF10BD49
:10769000482400200F4B8201D158C3024B400E49B1
:1076A00010B50B400D495350012383400C490D4840
:1076B0000B600D490B60A021C9050B500B48121837
:1076C0008020400414680442FCD18022D2008B50F8
:1076D00010BDC0461000005001780000101000508E
:1076E0000434005044040000143400500C000050D6
:1076F000024B80009B68C0587047C04600ED00E018
:1077000070B504000D00EFF3108672B6FFF7F0FFBE
:10771000A84207D0084B984202D3084B984201D3A5
:1077200001F0AEFA064BA4009B68E550BFF35F8FF3
:1077300086F3108870BDC046C0300010D4300010F1
:1077400000ED00E0F0B5002487B0059201220700AB
:10775000250004930CAB1B78019402930368DC664C
:107760005960DA66049B9C4204DB2000029B3B715B
:1077700007B0F0BD049B013B03930D9B002B02D08F
:1077800001210E98984700218C4200D13979039B42
:10779000029E181B434258410123734000260340B8
:1077A00005985B02005D3A68034389020B4313614D
:1077B0000D9B002B05D000210E989847050006432D
:1077C000F6B2002D29D110213B685A6B0A42EFD046
:1077D0001A1DD26F0192002A11D001265B6D0D9BFC
:1077E000002B04D000210E989847002813D1802147
:1077F0003B6889005A6B0A42F1D01B6E0DE096423D
:10780000EDD1039BA34202D000250134AAE7029BDD
:10781000002BF9D1E3E705000600002EF5D0002D7E
:1078200001D0022408E0019BAB4204D00923019A55
:107830001A40082A99D00124644296E7F0B585B031
:10784000002503920122060002930AAB1B780B9FCE
:1078500001930368DD665960DA66029B9D4204DB92
:107860002800019B337105B0F0BD029B5C1E002F08
:1078700002D001210C98B84733685A6F102AFCD007
:107880000022954200D1327901210198641B4140C8
:10789000604244410C409202640214438022520030
:1078A00014431C61402440211A1DD26F5A6B1440AE
:1078B0000A4213D05B6D002F13D0012400210C98D5
:1078C000B84700280ED184420CD133689A6F002A41
:1078D000E8D01B69039A53550135BEE7002FEDD15F
:1078E000F3E73800C543BBE7044B054AC01A4342DF
:1078F000584101230330834013607047400D00203E
:1079000000E00040F0B585B0029005200F00FFF7C1
:10791000B7FD050078083900401900F08DF9032300
:107920004343040005211800019300F085F9231A50
:10793000060003200393174B68439F4227D816493C
:1079400000F07AF90022029B01301B68DA661968A0
:1079500004324A4006210A40802149015A500199C7
:10796000A21BDA6101221E624F2900D932091900D7
:10797000A0310A60DA6F21005040084A80B2985066
:1079800001222800DA6600F057F905B0F0BD04497D
:10799000D6E7C0463F420F00809698007C1000005A
:1079A00040787D010F4B70B5C31A5A4253410122F2
:1079B00003339A4013000C4A0C4C13600C4A1360BA
:1079C0001D0022689543FBD166240368FF340571CE
:1079D000EA1CDD661C60DD639D6388331A60FFF777
:1079E00091FF70BD400D002000E0004008C0004045
:1079F00000F000400368002030B5D86680204001C8
:107A0000094C1818002909D080211D688900694097
:107A1000214001609A600122DA6630BD4122196876
:107A20004A4022400260F6E741020000F0B58BB008
:107A30001E0006AC10AB1F781500129A139B049021
:107A40002000059102F0BCFD330001902A00059949
:107A5000049802940097FFF775FE0BB0F0BDF0B5E7
:107A60008BB01E0006AC10AB1F781500129A139B4A
:107A700004902000059102F0A3FD330001902A003C
:107A80000599049802940097FFF7D8FE0BB0F0BD5B
:107A90000222074BC250074B0132C250064B074A25
:107AA000C01843425841012310308340136070478F
:107AB00004300000243000000000FCBF00E0004063
:107AC000F0B50400022785B006200091FFF7D8FC2E
:107AD000636880253B4002931D4B0190E750009B5B
:107AE0006D005802D90D02000B00002B07D1019E3A
:107AF000964204D3023712184B41AF42F5D1FF260C
:107B000080257E436D0031000198039500F094F8C4
:107B1000009B013D984202D92B00039D03E0F61B18
:107B2000012DF0D10023276122681B025340FF2260
:107B300012021340802239005201A350054B6943C1
:107B4000E418029B0198236000F076F805B0F0BDC0
:107B50000430000004200000154B70B5C2185342D9
:107B60005A41012310329340124A04001360124A12
:107B7000124813601D0002689543FBD12000FFF7F7
:107B80009FFF02220E4B6168E250072325681140D7
:107B90006B40CF252B4080256D016351094BE318C5
:107BA000196009496418032121601A6070BDC0463C
:107BB0000000FCBF00E0004000F0004008C00040B2
:107BC00004300000042000002420000001480421AB
:107BD000014B1847500D002049760010014B9B685F
:107BE00018470000500D0020124A936F9B0815D2D1
:107BF0009066D166002905D0FFE7FFE7FFE7516FE8
:107C0000106F704704B580210906C2175140002843
:107C100000D0C8430AF0E0FD002104BDF0B5146EA9
:107C2000556E576F166FFFF7E3FF1466556657677B
:107C30001667F0BD000000D0114A936F9B0813D265
:107C400010665166002905D0FFE7FFE7FFE7516F97
:107C5000106F704704B5002801D00020C0430AF01F
:107C6000BBFD002104BDC046F0B5146E556E576FC4
:107C7000166FFFF7E5FF1466556657671667F0BD88
:107C8000000000D094464A4A926F9208624601D2A0
:107C900028E0C046F0B5464E346E756E776F366F8D
:107CA00000F020F89446424A1466556657671667F6
:107CB0006246F0BD94463E4A926F9208624601D2F7
:107CC00054E0C046F0B53A4E346E756E776F366F3D
:107CD00000F04CF89446364A1466556657671667A6
:107CE0006246F0BD002B24DB11D000293EDA00B53E
:107CF000C943404200D1013100F038F8C943404245
:107D000000D10131DB43524200D1013300BD002AD2
:107D1000EBD1002801D1002905D00020C90FC907E7
:107D200001D1C043410800B50AF03EFD0022002306
:107D300000BD00B500290ADBDB43524200D101330C
:107D400000F014F8C943404200D1013100BDC943DD
:107D5000404200D10131DB43524200D1013300F0F7
:107D600005F8DB43524200D1013300BD002923D185
:107D7000002B18D1002A0CD0BC460D4F38667A660D
:107D800000210023FFE7FFE7FFE77A6F386F6746C0
:107D90007047002801D00748010000B50AF004FD33
:107DA0000022002300BD02000B00002000217047CC
:107DB000000000D0FFFFFFFF002B00D0BFE0130C3E
:107DC00028D1002AE7D080B4114F39667A66FFE7E0
:107DD000FFE730B4040C7B6F396F1B0423433B6611
:107DE0007A66FFE7FFE7FFE7C04684B27B6F3D6F2F
:107DF0001B0423433B667A66FFE7FFE7C046002388
:107E00002C042D0C7A6F386F00196941B0BC704793
:107E1000000000D0F0B594460025140E01D11202E6
:107E20000835140F01D112010435940F01D19200CD
:107E30000235D40F01D152000135D40B0134254F46
:107E40007C66254C3C660E0C93B2FFE7FFE7FFE72C
:107E50003C6F6643360C7703BE467343DF0B5B040F
:107E6000C01AB941130C7343DB18C91ACE08664314
:107E7000360CB64493B273431F0F1B01C01AB941AD
:107E8000130C73431F0B1B05C01AB941860D8F02DB
:107E90003E436643360C092D24DB520A7243801A96
:107EA0007703460A6643360C16235B1BDE40DF4031
:107EB000BF1964466643821B7046043506330100D1
:107EC000D940A840C01900D30131A24206D20023F4
:107ED000F0BD0000000000D0FFFFFFFF121B0130CB
:107EE000F3D3F1E709277F1BFE406446A2B2724339
:107EF000801A00D20139220C7243130C1204821A28
:107F000099410B007046043513370100F940A84031
:107F1000801900D30131002B02D1A2420AD2F0BD58
:107F2000013000D30131121BFAD2013BF8D1A24239
:107F300000D2F0BD013000D30131121BF7E7F0B5DC
:107F40001C0C00D080E00CB400251C0A04D11B02DC
:107F5000160E3343120208351C0B04D11B01160FF9
:107F60003343120104359C0B04D19B00960F33431D
:107F700092000235DC0B02D192185B4101351C00E6
:107F8000971864410134464F7C66464C3C660E0CA3
:107F9000FFE7FFE7FFE7C0463C6F6643360C770319
:107FA000BE4697B27743C01B00D20139C01B00D236
:107FB00001399FB27743C91BC91B170C77437E0455
:107FC000FF0B801BB941CE086643360C0C2D33DB0A
:107FD000B644120B1F053A431B0B97B27743C01BE5
:107FE00000D201399FB27743C91B170C77433E0477
:107FF0003F0C801BB941860D8F023E436643292703
:108000007F1BFE400C3D7746AF40BF1930BCA2B28B
:10801000ABB272437343801A9941220C7243130C22
:108020001204801A994102000B000137001BA9417C
:10803000F9D2781E0021F0BD0C277F1BFE40774649
:108040007F0BAF40FF19E0E700245D1C07D0144F01
:108050007D663966FFE7FFE7FFE7FFE73C6F95B214
:108060009EB265436643401BB141150C1E0C65432F
:10807000664336042F0C3E432D04401BB141994208
:1080800004D202000B0020000021F0BD01D190427B
:10809000F7D3801A994101349942F2D3F6E70000F0
:1080A000000000D0FFFFFFFF48404140484018B4A7
:1080B0001B4B5B68FC46019308BD04DF9B830010EB
:1080C00018B4174B1B68FC46019308BD00DFA5835D
:1080D00000109446134A926F920809D2624618B46F
:1080E0000F4BDB68FC46019308BD0CDF5D8600107A
:1080F0000C4AF0B5146E556E576F166F6246FFF757
:10810000EEFF084A1466556657671667F0BD18B447
:10811000034B9B68FC46019308BD08DF01850010F6
:1081200000220020000000D0FFB5504042405040E7
:1081300059404B40594000E0FFB5154F4C00640DCD
:1081400003D0BC4204D10C0314D80020090D09054A
:108150005C00640D03D0BC4204D11C030AD8002289
:108160001B0D1B0501264B4009D44B4003D58B4208
:1081700000D18242FFBD9942FCD19042FFBD0B432A
:10818000DB1803431343F5D0C9434918FFBD000072
:10819000FF07000000B5FFF7CFFF01D0002000BDB2
:1081A000012000BD00B5FFF7C7FF804100BDC046FC
:1081B00000B5FFF7C1FF01D9002000BD012000BDBF
:1081C00000B5FFF7B1FF804100BD012040054A0026
:1081D000121804D85A00121801D800207047012044
:1081E000704700000021002805D17047C1174840A2
:1081F000401AFAD0C90713B5064B1B6898470CBC48
:10820000441CA2401005120B0349091B0905194320
:10821000114310BD002300201F04000010B54C00C6
:10822000620D8023D218DB00D21A5B057E2A10DD96
:108230009E3A13DACC170903490819435242D14038
:10824000640001341532202A05DAD0400843604327
:1082500010BD002010BD0846604310BDC80FC018F7
:10826000013810BD18B4044B5B6AFC46019308BD8D
:1082700024DF0D88001000000022002018B4044BF9
:10828000DB6DFC46019308BD5CDF1989001000001E
:1082900000220020C94211D300B54900490800223C
:1082A00000F018F8002904D4002240428A41114607
:1082B00000BD80210906002000BD000018B4044B59
:1082C000DB6EFC46019308BD6CDF1B8800100000CC
:1082D0000022002018B4044B9B6FFC46019308BD9C
:1082E00078DF3788001000000022002018B4044B0B
:1082F000DB6FFC46019308BD7CDFA5880010000001
:1083000000220020132370B51C78114D012C0ED1D2
:10831000002310499A000133A950202BFAD10D4BAC
:10832000AB640D48FFF782F90C4B186070BD012C4F
:10833000F5DD0B48FFF781F906000A48FFF77DF9E4
:1083400080223100280000F0E9FB022CE9D1E6E7A9
:1083500000220020698300104C330000002300201D
:10836000534400005346000007B5604601880A0ADE
:108370000230DF2AFAD1C9B2820804D302884088C9
:108380000004104300E00068014A5050039007BD0C
:10839000002200200FB403BC0CBCF0B50124E4079C
:1083A000634000E0F0B50C0DCF0F661E3605891B4B
:1083B000640503D3C943404200D30131640D03D0A7
:1083C000661CF60A07D0E41B00207F00791C890791
:1083D0008912803C24031D0DDF0F6E1E36059B1B8A
:1083E0006D0503D3DB43524200D301336D0D03D03F
:1083F0006E1CF60A07D0ED1B00227F007B1C9B073A
:108400009B12803D2D032F1B661B58D4A446202EA3
:1084100046DA20371400BC401D00BD40F240334115
:108420002A4380185941CB0F05D0C943C0430022CD
:1084300064425041514162464D0D28D10D0D07D186
:1084400000281FD0241940414941013A0D0DF9D0AF
:10845000640006D3013000D30131002C01D1400863
:108460004000013A0BD4941CE40A04D112051144D3
:10847000DB071944F0BDD907204B194300E0D907A9
:108480000020F0BD0029DDD1002CDBD1F0BD013290
:10849000C6074008CD0728434908002EE1D0D9E798
:1084A0003C2E29DA203E40371400BC4000D0012485
:1084B000F24014431A00BB401C43D317ACE7AC4650
:1084C000202F08DA20360400B4400D00B540F840F3
:1084D00039412843A5E73C2F0CDA203F4036040001
:1084E000B44000D00124F84004430800B1400C43DC
:1084F000C117EAE710001900002494E70000F07F9C
:10850000F0B50C0D661E3605891BE60A6405640D80
:1085100002D0651CED0A04D0002001210905803C31
:108520002403A4461C0D671E3F05DB1BE70A6405F8
:10853000640D02D0651CED0A04D0002201231B0546
:10854000803C24037740644497B484B296B2744369
:10855000070C7E43150C6F4380B26843361802D374
:10856000012000043F183004350C00197D41844679
:1085700088B29AB250430C0C62431F0C7C438EB2FB
:108580007E43921902D301263604A4191604170C4F
:108590003618674101BC81B29AB25143040C624360
:1085A0001B0C5C4380B25843121802D30120000414
:1085B00024181004130C401863412D185E4100204C
:1085C000474106BC88B293B258430C0C6343120C6B
:1085D000544389B251435B1802D301210904641842
:1085E00019041A0C091862416D18564100204741C0
:1085F00018BCF902720D1143F0026A0D1043ED022E
:108600000A0D03D16D1940414941013B124E9B1B9C
:108610007600B3420ED26D0007D3013000267141BF
:108620006646354301D1400840001B05C918E407E0
:108630002144F0BD0BDA013306D1013004D1013100
:108640004F0D01D04908F2E7E1070020F0BD0136E7
:1086500031050020EBE70000FF030000F0B51C0D22
:10866000671E3F05DB1BE70A6405640D02D0661C2C
:10867000F60A04D0002201231B05803C2403D025E8
:108680002D060026F6432E661E096E66CE0FF619DD
:10869000B44649004F0D02D07E1CF60A03D00020DC
:1086A0000021403F3F033E1BB600B444013F7F051D
:1086B000C91B49082E6F013676089C02950D25438B
:1086C0007543ED137543AD1301356D10F603761B3D
:1086D0000CB4CC02450D2C43A2B2B3B25A43270CC2
:1086E0007B43350C6F43A4B26C431B1902D30124A6
:1086F00024043F191C041D0CA4187D4124196D414C
:10870000009A91B2ACB26143170C7C432B0C5F43CF
:1087100092B25A43A41802D301221204BF182204B1
:10872000230C52187B41019C6C431B19520ED9013A
:108730000A434401A01A81B2B2B2514303145A430E
:10874000360C734387B27743D617D21900277E4180
:1087500036049B191704160C7F185E417316ED182A
:10876000F301002680337541A90F06D16400690A20
:10877000E8055B0A184309D22FE0042294448033B1
:108780007541A90AA8059B0A184326D340414941CF
:108790002404009A019B0D005543641B4343E41AD3
:1087A00095B286B27543170C7E43030C5F4392B2B9
:1087B0005A43B61802D301221204BF183204330CF4
:1087C00052197B4152429C41002C02D400220130BC
:1087D00051414008CA071043490802B06246D70712
:1087E0009210084BD218084B9A4203D212058918EE
:1087F000C919F0BD0020002A01DC3900F0BD0133A9
:108800001905F5E7FD030000FE070000002200B592
:10881000203200F010F8080000BD002200B500F082
:108820000CF8CA179A4200D100BDD8430121C907EC
:10883000414000BD00220B150AD410B5944600F04B
:10884000A7F81414013400DA0021CB17144C204788
:108850000020002170476244343A0CD40C2A07DA15
:1088600004009140904052422032D440214310BD38
:10887000D843D94310BD203207D40C46944052420D
:1088800020321141D040204310BD0800C9172032CA
:1088900003D452422032104110BD1800190010BDFF
:1088A000578800104A00520D144BD21A13DDFF2ACC
:1088B0001EDAD205CB0FDB071A43C300400F0903B2
:1088C000490A084310435B0001D301D001307047CF
:1088D0004308FBD2704702D0C80FC00770470A0395
:1088E00012130132F8D1420F072AF5D1012200E01C
:1088F000FF22C80F00028018C005704780030000E7
:1089000000210A00002104E000210A00C11704E050
:108910000022002306E0C0460022CB1758405940F1
:10892000C01A994130B5184CA21A002903D1010090
:1089300010D00020203A4C1512D104D2013A001870
:1089400049414C0DFAD3114CA24204D212058918A8
:10895000DB07C91830BDD243520D00200021F5E7D6
:1089600003D4013A00184941FBD50B324405C00A33
:108970004D052843C90A640003D0002460416141C9
:10898000E1E7E0D34408F8E732040000FE07000006
:108990000A0DCC0F531E1B05C91A520503D3C94338
:1089A000404200D30131520D03D0531CDB0A07D0E3
:1089B000121B00206400611C89078912803A12038F
:1089C000014BD21A70470000FF03000007B5484072
:1089D0004140484001E0C04607B54200120E03D0B6
:1089E000FF2A03D1420218D8C00DC0054A00120E5A
:1089F00003D0FF2A03D14A020FD8C90DC9050122AD
:108A0000414005D4414001D5814207BD884207BDA0
:108A10000143491801D0C043001807BD00B5FFF756
:108A2000DBFF01D9002000BD012000BD01231B0692
:108A30004200D21804D84A00D21801D8002070474A
:108A400001207047132310B510481C78FEF7F5FD80
:108A50000100012C13D10E4C5422200000F05EF8CE
:108A600015230C4A990001336250202BFAD122625F
:108A7000E2610948FEF7DAFD084B186010BD012CD1
:108A8000F7DD8022024800F049F8F2E75346000083
:108A900004230020A18A00104C3300000023002092
:108AA00007B5604601880A0A0230DF2AFAD1C9B246
:108AB000820804D3028840880004104300E0006864
:108AC000014A5050039007BD042300205143434303
:108AD000C9188C46110C83B24B4310B4040C61438B
:108AE00092B280B2504362431C041B0C001910BCAC
:108AF00059411304120CC0185141614470470000E1
:108B000001480421014B1847600D002049760010F0
:108B1000014B1B6818470000600D0020014B5B688B
:108B200018470000600D0020D02301221B06196D9C
:108B3000114201D0986D704720BFF8E703BD10B512
:108B4000040000F0B1F8A04710BDD02302221B069C
:108B5000196D1142FCD0586540BF704710B5FFF742
:108B6000E3FF10BDF0B5070089B00F200C000092A4
:108B7000FDF72EFE002101900F20FDF715FE0023CA
:108B800001260797D02706941C00009A02ADEA60E0
:108B9000114A029356703F066B60AE60A300EB581B
:108BA0000093002B03D13B6D334211D140BF00989D
:108BB000FFF7CBFFFFF7B8FF009B83420AD10134D8
:108BC000062CEBD10F200199FDF7EEFD09B0F0BDA9
:108BD000BB6DE8E70024E1E7A025002003239A43CA
:108BE0008B1810B50C001900064A0C399268086001
:108BF0001800083804600448043B18600348FFF775
:108C0000B1FF10BD00ED00E03F8B00103D8B001068
:108C10000549064B10B5994201D2012149428022F3
:108C20001201FFF7DBFF10BD000804200000042044
:108C300010B5024801F0E6FC10BDC046A325002097
:108C4000F0B500230F260C4C0139994201D9102BA5
:108C500002D10022C254F0BD01275A08A25C9F43F2
:108C6000BF003A41324017003737092A01DC303261
:108C70001700C7540133E8E7A32500207047000020
:108C800010B50148FDF7B6FCA62A011010B5044C3A
:108C9000044B9C4200D310BD08CC9847F8E7C0466F
:108CA000D82801101429011010B5044C044B9C4223
:108CB00000D310BD08CC9847F8E7C0460C29011036
:108CC00014290110054B064A06491A60064B074A4B
:108CD000136018000A689043FBD1704700E0004021
:108CE000BFCDFBFE08C00040FE7F3C0000F000400E
:108CF000044BDB6C002B03D18022034BD2021A60A1
:108D00007047C046000011504C201150044A054BDA
:108D10001A60054A1368DB018033FBD17047C046F7
:108D2000FFFFFF0100F0004008C000404022034B5D
:108D30009A675A671A67DA667047C04600F00140C2
:108D400010B501F001FC10BD70B50B490B4C0C4D7A
:108D5000641AA4082200302C00D930222800920086
:108D6000FFF7DCFE074B2F2C02D9074B9D6070BD2F
:108D7000A200AB500134F6E700300010C030001004
:108D800000000020C130001000ED00E0002373B5AA
:108D9000284DAB6701F022FC0122274B1A606B6C57
:108DA000012BFCD10322254B1A60AC6B012CFCD1AA
:108DB00002260525210000960623214A2148FEF7B8
:108DC000D1FB2B00210000951F4A2048FEF7CAFB6B
:108DD0003100002204201E4BFEF74AFB2800210030
:108DE00000221C4BFEF744FB0022072011001A4B07
:108DF000FEF73EFB002208201100174BFEF738FB60
:108E000080230022DB00110000930920124BFEF7A3
:108E10001DFB00220F4B11000620FEF729FB04204A
:108E2000FEF72EFB0D49FEF707FF0100002001F0C1
:108E3000CDFB73BD008000403CB0004030B000402E
:108E4000002F685900800240008C864700C0024015
:108E5000001BB70040597307006CDC0240420F0052
:108E60000020704770B505000C001600486900F03E
:108E700023FD3200280001216369984770BD00007E
:108E800070B505000024144B1B781A1DA2420FDA9E
:108E9000542200211148FFF73BFE1022FF21104809
:108EA000FFF736FE2022FF210E48FFF731FE07E0D4
:108EB000A34206D90C4B62011B689B18002B04D1FE
:108EC00070BD0A4AE31A5B019B182800DB68013475
:108ED0009847E4B2D7E7C0468224002087240020C8
:108EE0008B2400209B240020201900200C38011026
:108EF000704770470020704700207047002070477F
:108F00007047704770477047024B1878C007C00F12
:108F10007047C04687240020024B5878431E984172
:108F2000C0B2704787240020024B18784007C00F5A
:108F30007047C04687240020094A10B513785B07A4
:108F4000DC0F002B08DA182312781340182B05D1F8
:108F5000044B187801F016FC200010BD0024FBE73C
:108F6000872400208C0D002010B5034B187801F0E9
:108F700017FC012010BDC0468C0D002010B5034B1E
:108F8000187801F015FC012010BDC0468C0D0020A2
:108F9000034B1878FF38431E9841C0B27047C04653
:108FA0008C0D0020F7B5284F05003B780124019176
:108FB000FF2B02D1002902D100242000FEBD002198
:108FC00054222248FFF7A4FD0022214C214B20000F
:108FD0001A70FDF715FE204B20481C6001F0D4FAF2
:108FE0001F4C200001F0F6F91E4B1F4E1C601F4B5A
:108FF000002B04D0300000E000BF1D4B186000249F
:1090000033781A1DA2420ADA280001993D7001F056
:1090100075FB041ED1D0280001F0A4FBCDE7A342CC
:109020000CD9134B62011B689B18002BC4D05B68E2
:10903000002BC1D001349847E4B2E1E70D4AE31AAE
:109040005B019B18F3E7C0468C0D002087240020AD
:10905000401C00209B250020481C0020840D00207F
:10906000700D00204C1C0020822400200000000015
:10907000201900200C380110702270B58B780C007C
:1090800000201A420CD1074B20001D78064B99781E
:1090900000F064FF002803D02100280001F0AAFBA3
:1090A00070BDC0468C0D002087240020F7B50C0051
:1090B00016001F0000250190AE4201DC012003E0F4
:1090C0006378052B01D00020FEBDE3789B079B0F42
:1090D000BB42F8D121000198FFF7CEFF0028F3D062
:1090E000A378DA09012A05D1099A1370237801358A
:1090F000E418E1E7089AF8E77F2010B50840C909AD
:10910000044B054A3431400040188018196800F0BB
:10911000E3FE10BD481C0020872400207F2010B5EE
:109120000840C909044B054A3431400040188018F2
:10913000196800F0F8FE10BD481C002087240020AC
:1091400070B57F240E480C406400CD0904196419E1
:10915000303425790020ED0710D4012526790948FF
:109160002E430078267101F079FB002806D10422F5
:109170002379AB43237123799343237170BDC04698
:10918000872400208C0D002010B50B4B0C001878A4
:1091900001F076FB7F22094B2240520099180223EE
:1091A000E409091930310A7913430B7101230A7953
:1091B00013430B7110BDC0468C0D00208724002086
:1091C00010B50B4B0C00187801F076FB7F22094B91
:1091D0002240520099180222E409091930310B7912
:1091E00093430B710B79013A93430B7110BDC04649
:1091F0008C0D0020872400207F22054B0A4052005E
:10920000C9099B185B18303318798007C00F704765
:1092100087240020F0B5B74B8BB01B78FF2B00D113
:1092200093E2B54B1D686969EFF3108372B60A6863
:10923000002AFCD0BFF35F8F07ACAB612100280090
:1092400000F0B9FF6A69AB69BFF35F8F002111605D
:1092500083F31088884200D177E2607801380728CC
:10926000DFD809F0B1FA080011009B0281028C02DC
:1092700019004D0294022078FFF702FE00F012FB65
:109280009E4B22799A70CCE72078FFF7F9FD00F029
:1092900009FBFFF736FEC4E7994B1A78002A00D184
:1092A00053E21A78013A1A7018780028B9D10126C9
:1092B000924D04212B78277833432B702B003433C5
:1092C0001A78B2431A701A788A431A702B00353311
:1092D0001A78B2431A701A788A431A7000F0ECFABE
:1092E000602223791A40602A28D0402A0AD1854872
:1092F00000F0E2FA3100380008AAFFF7B1FD0028BB
:109300008FD11BE0DB06DB0E012B00D16AE1022BC3
:1093100000D1A0E1002B11D1202A25D1227A0F2AD9
:109320000CD8237AEB181979774B1B7899420FD216
:10933000764B49011B685918002910D107AC2078D9
:10934000002101F09DFA8021207801F099FA68E768
:109350001A1D8A42F2DBC91A6D4B4901C91808AAC5
:109360003800FFF77FFDCAE760790928E6D809F0E1
:109370005BFA2A012201E5FF1901E5FF0A00D70087
:10938000E5FF16001C0008A800F09CFA3800A1793F
:1093900001F0EEF902232A7813432B7041E706AA65
:1093A0006B7802321370012317E1A4796B789C4229
:1093B00000D19AE06B78002B0BD00021380001F02F
:1093C000FFF9380001F046FAAE783800FFF758FD93
:1093D000AE706C70002C00D185E0013CE0B2FCF76F
:1093E00095FF00283DD043780393022B39D101210A
:1093F000C279931152110B400A4012015B011343D1
:109400002A782F318A4313432B700500C378827862
:109410001B021343C31809350493049BAB4202D8C3
:10942000FFF76EFD61E001226B7801920B2B03D1F7
:10943000EB7801932B78ED186B78042B11D1002673
:10944000049B5B1B9BB205932F4B1C78231D9E42F4
:1094500007DCB44209D92D4A73011468E418002CC2
:1094600007D10022254B5A7068E7294B341B640151
:10947000E418290038002369059A984702900828C3
:109480002ED9059B83422BD3019B012B0AD1236943
:10949000204A934201D1039A01921F4A934201D17B
:1094A000039B019300221549019B9A420DD1330081
:1094B00029001A48029A00F085FD029BED18124B14
:1094C0001B7804339E42A8DDCBE7AB78D318DBB220
:1094D000CB181879FF28C4D101321E71D2B2E3E74C
:1094E0000136F6B2B0E7FFF70CFD380008A900F02E
:1094F0009FF996E68C0D00204C1C0020872400204C
:109500009B250020618E001082240020201900205D
:109510000C380110299C0010FF1A01109B24002018
:10952000E3881A0A501EDBB20E2800D906E709F0BC
:109530007BF90F0024002D0005FF05FF36002400F5
:1095400005FF05FF05FF05FF05FF05FF05FF1A00E5
:10955000FCF7A2FE1223021E00D1EFE6380008A994
:1095600000F078F9CBE6FFF7C5FC021E00D1E5E676
:10957000C37881781B020B43F0E71800022A02D15E
:10958000FCF7C4FEF1E7FFF7B9FCEEE7180021890C
:10959000FCF77AFF021E00D1D0E60378DEE7FFF782
:1095A000ABFCF7E7E388012B00D0C7E62A78073346
:1095B00013432B7099E7E388012B00D0BEE6082205
:1095C0002B789343F5E72B7806AA9806990802238F
:1095D000C00F1940023201431180380008A900F081
:1095E00039F91EE6227A0F2A00D9A7E6237AEB186A
:1095F0001979714B1B78994224D2704B49011B6831
:109600005918002900D199E6380008AAFFF72AFC6A
:10961000002800D005E66022150023791D401A427B
:1096200000D08BE663790A3B012B00D986E628003F
:1096300000F042F963790A2B00D056E706AB9A1C7A
:109640001570B0E61A1D8A4200DA77E6C91A5C4B3B
:109650004901C918D8E77020237AD9B2184200D03E
:109660006CE67F230B405B00C809EB181B181E7DBE
:10967000514B1B789E4216D2504B76011B689E19A7
:10968000002A1DD1637902201A008243012A1BD0CF
:10969000002B00D052E63800FFF7AEFD06AB9A1C57
:1096A0001080022399E7181DB04200DA80E0F61A14
:1096B000434B7601F618002AE4D0310008AA4FE6A1
:1096C000002E00D13AE6F8E7E288002A04D13800FB
:1096D000012B12D1FFF774FD002E00D1A1E531005E
:1096E00008AA3800FFF7BEFB3535002000F0E4F88B
:1096F0002B78DB0700D594E5F7E6FFF745FDEBE7B0
:109700007F2221792F4B0A405500C8095B191B188D
:109710001800012630300579B54305710579033607
:10972000B5430571002A05D162792078A36800F05D
:10973000D7F876E5204A1B7D1278934207D21F4A5C
:109740005B011268D318002B08D10BB0F0BD101DBF
:109750009842FADB9B1A1A4A5B019B189D69627951
:109760002078A368A8475CE5164B1A78D20700D486
:1097700057E518780007C00FFFF7C4FB51E5114B00
:109780001B78DB0700D44CE5FFF7BDFB49E56368B8
:10979000002B00D145E5A068984742E50122094B1E
:1097A000DB78134200D13CE56068FFF7A2FB38E5A7
:1097B000161E00D166E7C1E5822400202019002092
:1097C0000C3801108724002070B5124B06009C89CC
:1097D000D889221A151C92B2402A00D940251A783D
:1097E000ADB27F2A09D9844210D099682A000A486C
:1097F000FFF794F98021084A03E000210A0084421F
:10980000F9D12B003000FFF79BFC70BD80210022B6
:10981000F7E7C0462C1C0020EC1B002080238B4364
:109820001900002310B51A00FFF78AFC10BD0000D4
:1098300070B5074C06000D0008222000FFF76EF9F6
:10984000002330002978A360E360FFF7E7FF70BDD5
:109850002C1C0020F7B5124D16000190082228009C
:109860000C001F00FFF75AF90023AE60EB81E3798B
:10987000A2791B0213431A1CBB4200D93A1C91B2B5
:10988000AA81002B07D0002901D0301E02D00198F8
:10989000FFF79AFFFEBD21780198FFF7BFFFF9E7B8
:1098A0002C1C002010B5142200210248FFF730F9CB
:1098B00010BDC0462C1C0020014B18617047C046EB
:1098C0002C1C002010B5054C010008222000FFF7D9
:1098D00025F90023A360E36010BDC0462C1C0020C6
:1098E00070B5234C1E0023780500DA09C9098A42A5
:1098F0000FD0002E01D0002070BD210000F06EFFBF
:109900002369B34203D02200032128009847012095
:10991000F2E77F2B06D8A0680028ECD0320015496A
:10992000FFF7FCF8A268E3899219F318A260E288B5
:109930009BB2E3819A4201D03F2E15D82369002BB8
:1099400005D00221220028009847011E04D02800DB
:109950002178FFF763FFCFE7280000F091FF802117
:10996000280000F08DFFD2E72800FFF72DFFC3E7A6
:109970002C1C0020EC1B0020F8B50500FFF7CCFAEA
:10998000002825D0FFF7D0FA061E21D19224A4008A
:109990006C43124B1F19FA78824219D01034E41824
:1099A000200000F0F7FB3F2812D93000F978FFF7CC
:1099B000A3FBB0420CD0200000F0ECFBF9783F286C
:1099C00007D9074BEA01D21830004023FFF7B8FB54
:1099D000F8BD3000FFF7A2FBFAE7C046A41900204B
:1099E0002419002010B50400FFF796FA002801D1D1
:1099F000002010BDFFF798FA0028F9D192208000CE
:109A00006043034B1818037901201840F1E7C04662
:109A1000A419002092239B00434310B50248181854
:109A200000F090FB10BDC046B4190020094B70B582
:109A300004009A4200D91A00922080006043064B2D
:109A400092B2C01800F0D5FB05002000FFF794FF8C
:109A5000280070BDFFFF0000B419002092239B0076
:109A6000434310B50248181800F0E4FB10BDC0468F
:109A7000B4190020F7B50190FFF74EFA002803D083
:109A8000FFF752FA071E01D00020FEBD9224019B71
:109A9000A4005C432600144D24367619300000F0F3
:109AA00051FBB842F0D02D193800A978FFF724FBFC
:109AB000B842E9D0019B3000DC010C4B4022E41895
:109AC000210000F096FBA9780600B84208D00300F8
:109AD00022003800FFF734FBB842D5D03000D4E77D
:109AE000FFF71CFBD0E7C046A41900206419002032
:109AF00070B59224A40044430A4B0500E4180A4BB5
:109B00009A4200D91A00200092B200F0DEFB060053
:109B1000200000F017FB3F2802D92800FFF7AAFF1A
:109B2000300070BDC8190020FFFF000092239B0089
:109B3000434310B50248181800F02CFB10BDC04676
:109B4000C8190020F7B592220025164C00212000EC
:109B50009200FEF7DDFF144B80221D70FF2363711E
:109B6000E1235B02A36008231049A3735200009510
:109B7000073B0F4800F0B5FA012380220D490093FE
:109B800052000D4800F0ADFA0C4F3800FDF738F8E0
:109B90000B4E3000FDF734F8E561276226636563FC
:109BA000F7BDC046A419002083240020DC19002042
:109BB000B4190020DC1A0020C8190020DC1B00208A
:109BC000E41B0020074B1A6A196B002A02D00022FE
:109BD000DA611A62002902D000221A635A63012056
:109BE0007047C046A419002010B5052200210A487C
:109BF000FEF78EFF094C2378DB0702D4084800F0FB
:109C0000E9FB23789B0702D4064800F0E3FB01211F
:109C1000044800F0FEFB10BDA4190020832400209E
:109C2000B4190020C8190020F7B54B790700022BA2
:109C300002D18B79022B02D000252800FEBD1E4EDA
:109C4000B378002BF8D109258B7833700C780C1978
:109C50006378242B20D1954219D96378042B12D133
:109C600063790A2B0FD1154B26780193144B3800DA
:109C700000930223A1191A00FFF718FA0028DBD07D
:109C80000E357519ADB20020FFF776FED5E72378C3
:109C90005D19ADB2E418DBE7052BDED121003800F9
:109CA000FFF7EAF90028C7D0A378737023785D190D
:109CB000ADB2E418D1E7C046A4190020A6190020CF
:109CC000A7190020F8B504000B00107811006022DD
:109CD0000240202A07D12B4F4A790D793878120299
:109CE0002A43904201D00020F8BD4878203803284C
:109CF000F9D808F0B9FD02151837012B06D1072352
:109D00002000214AFFF7A6FD0120EDE7032BFBD140
:109D10001E4B002BF8D000201B49FCF71DF9F3E780
:109D2000012BF1D1EBE7012B03D12000FFF780FDE0
:109D3000EAE7032BE8D10126CC788B7831002402A6
:109D40001C4325001248A1433C7100F062FB114BFB
:109D50003540002BD8D06208290000203240FCF7A3
:109D6000EBF8D1E7012BE0D0032BCDD10A4B002B30
:109D7000CAD08B78C97800200902194300E000BFDF
:109D8000C2E7C046A4190020AC190020595F00109A
:109D9000C8190020395F001000000000F0B5334CF6
:109DA00085B003901D00E3780F008B4206D0A378A6
:109DB0008B4218D00025280005B0F0BD2C4BAAB26C
:109DC00002932C4B02991800019300F07EFA2A4B63
:109DD000002B15D1294B002B27D10020FFF7CCFDFC
:109DE000A378BB420AD1264B002B02D0002000E012
:109DF00000BF0020FFF73EFE00281ED00125DAE755
:109E000063790026FF2BE5D0AE42E3D0029B627956
:109E10009B5D9A4207D1019800F0A5F9002802D174
:109E2000617900E000BF0136EEE7019800F09BF990
:109E30000028D2D100E000BFCFE7124800F082F93D
:109E40000028DBD18542D9D03F232E001E401D4281
:109E5000D4D1A1780398FFF74FF9051ECED0330077
:109E60003200A1780398FFF76BF9A4E7A41900204A
:109E700024190020B4190020000000000000000098
:109E800000000000C81900200A0013B500290CD1F9
:109E90006B460124100001A99C80FFF783F8031E84
:109EA00001D00A4A1470180016BD012801D90023F8
:109EB000F9E709780029FAD0044B19540123994293
:109EC000F1D11100FFF76EF80300ECE785240020C4
:109ED00010B5FFF75DF810BDF8B503780400DB0797
:109EE0000F00DD0F002B1CD1067876079E4214DB95
:109EF00001213800494208F087FC2378DB07DD0F99
:109F0000002B0CD123785B0704D40423012522788D
:109F100013432370380008F03FFC2800F8BDF50F0C
:109F2000F8E70025F9E770B50D000121040049426A
:109F3000280008F069FC23785B07DE0F002B06DAA7
:109F40002378DB0708D40422237893432370280066
:109F500008F022FC300070BD0026F8E74379027952
:109F60001B021343C2785B0592075B0D920F022A16
:109F70000CD00020032A16D0012A13D102394A42FC
:109F800051410D4A89189942404105E0914205D15D
:109F90000A4A981843425841C0B203E000204022C8
:109FA0009A424041704702394A1E9141044A49424F
:109FB00011408022D200E5E7FF03000000FEFFFF12
:109FC00040FCFFFF70B57F268A18914200D370BD18
:109FD0004C78052C06D18D782C0034406400ED09B6
:109FE000041963550C780919EFE78A1892B24000FA
:109FF000914201D8824201DB121A92B210007047DE
:10A0000070B504000800D11AA58889B29A4202D21C
:10A010006E00891989B20E1E11D08D4204D295426C
:10A020000FD8521B93B263819D420CD9E2882168FC
:10A030005204520C5343C918FEF770FD012630003C
:10A0400070BDAA18EEE75B1B9BB2EDE7F0B585B0DB
:10A0500003910AA90C8801901D1B8688ADB2A3420A
:10A0600002D271006D18ADB2002D21D0AE4206D2E1
:10A070009E4220D89B1B35009CB2019B5C812B1C0F
:10A08000954200D9131C9DB2A64216D9019B019A94
:10A09000DB8811685B045B0C02936343371BBFB220
:10A0A000C918BD420CD8029A03986A43FEF736FDE0
:10A0B000280005B0F0BDF318DDE7A41BA4B2E3E768
:10A0C000029B03985F43BFB23A00FEF727FD039B54
:10A0D000AE1BD819029BA2195A43019B92B2196870
:10A0E000E4E7F7B5019308AB1D78802304000F0067
:10A0F000160000201B029A4223D8E068002803D0F3
:10A100000121494208F080FB2069002803D0012189
:10A11000494208F079FB019BED035B045B0C1D4396
:10A120000023E06863812760A680E5802381984250
:10A1300001D008F031FB2069002801D008F02CFB89
:10A140000120FEBD828803894089834207D31B1A00
:10A150009BB2101C9A4200D9181C80B27047510063
:10A16000091A5B18F4E703894089181A42425041E2
:10A17000C0B2704710B50389418984888B4205D3EA
:10A180005B1A00209BB2A342404110BD6200521AEC
:10A190009B18F6E7828803894089834207D31B1AFC
:10A1A0009BB200209A4201D9D21A90B27047510056
:10A1B000091A5B18F4E770B5040000690D00002867
:10A1C00003D00121494208F01FFB29002289200009
:10A1D0006389FFF715FF050061892A00A088FFF752
:10A1E00004FF60812069002801D008F0D5FA28001A
:10A1F00070BD73B5040000690D001600002803D07F
:10A200000121494208F000FB23896289290000925C
:10A2100020003200FFF71AFF050061892A00A0889C
:10A22000FFF7E3FE60812069002801D008F0B4FA4E
:10A23000280076BD70B5040000690D00002803D029
:10A240000121494208F0E0FA2900228920006389AF
:10A25000FFF7D6FE05002069002801D008F09CFA1F
:10A26000280070BDF8B50400C0680E00002803D0B7
:10A270000121494208F0C8FA20002589FFF77AFF3A
:10A28000002804D0E3791B06DF0F002B13DA280027
:10A29000A388834216D9E28823685204520C5043A3
:10A2A00031001818FEF73AFC01222900A088FFF7B8
:10A2B0009CFE01272081E068002801D008F06CFA9C
:10A2C0003800F8BDC01A80B2E3E7F0B585B00600EB
:10A2D000141E01913AD0C068002803D001214942E0
:10A2E00008F092FAF3793789B58871891B0634D45E
:10A2F0008F422ED3791A89B2A94266D2691A0B1CF1
:10A3000089B2A14200D9231C9CB20097009BAB42AA
:10A3100043D2F28830685204520C02920299009A99
:10A32000EB1A4A439BB28018A3423BD30A00624314
:10A330000199FEF7F3FB22003900B088FFF755FEC4
:10A3400025003081F068002841D12C00200005B0A4
:10A35000F0BD6B00591A7918CDE7AC420CD3002D33
:10A36000F0D0631BF4880F006404640C5C43019B11
:10A370001B1901932C00C8E76A007B1A8F4201D297
:10A38000531AFB189BB21B199342BEDB2A1B2800F1
:10A3900092B2FFF72AFE0700B7E7009B5B1B9BB258
:10A3A0000093B3E7029A019953439BB21A000393B7
:10A3B000FEF7B4FB009B651B5A19029B01995A4397
:10A3C000039B306892B2C918B3E70025BAE708F0DA
:10A3D000E3F9BAE710B50400C068002803D00121F2
:10A3E000494208F011FA2069002803D001214942AE
:10A3F00008F00AFA0023E06863812381984201D0C3
:10A4000008F0CAF92069002801D008F0C5F9012038
:10A4100010BD70B50400C0680D00002803D00121F4
:10A42000494208F0F1F92069002803D0012149428E
:10A4300008F0EAF97F23E179ED011940E06829434A
:10A44000E171002801D008F0A7F92069002801D0A7
:10A4500008F0A2F9012070BDEFF3108072B6034A34
:10A460001368002BFCD0BFF35F8F70472C0100D026
:10A47000BFF35F8F0022024B1A6080F31088704791
:10A480002C0100D00722CB08C35C0120114088407A
:10A490001840431E9841C0B27047F8B505000C0043
:10A4A0001700FFF7D9FF210006002800FFF7EAFF99
:10A4B000002803D021003800FCF79CF8E308ED18D1
:10A4C00007231C40063BA3402A78300013432B701F
:10A4D000FFF7CEFFF8BDF7B505000E0014001F0012
:10A4E000FFF7BAFF0190BC4202D9012464420DE09B
:10A4F00021002800FFF7C6FF002811D10721012302
:10A5000021408B40E208A95C0B43AB540198FFF754
:10A51000AFFF002C06DA002E04D00898FCF76AF88A
:10A520000134E0E72000FEBD70B504000D00FFF728
:10A5300093FF07220121EB081540A940E25C8A4302
:10A54000E254FFF795FF70BD0021044B044ABFF3AE
:10A550005F8F02C39342FAD17047C046000100D01A
:10A56000800100D0024BC918890001607047C046C5
:10A5700040000034034BC91889000160BFF35F8FAE
:10A580007047C0464000003410B504000120FCF7BD
:10A5900055F801002000FFF7EDFF10BD07494268A4
:10A5A0004B6A10B5046800209A4206D8896A0130C7
:10A5B000A14202D2D01A431E984110BD004005406E
:10A5C0000CC001487047C0469DA500108023024A78
:10A5D0009B000B43D362704700800540AA22064BC4
:10A5E00012011A602132FF32DA600449044A116014
:10A5F0005A68002AFCDA70470040024000B0FA00B6
:10A600000060024010B588B004000D2200216846A9
:10A61000FEF77EFA0D22002104A8FEF779FA6A46B9
:10A620004B236846137004A900230D2208F0A4F8F8
:10A630001521082220006944FEF770FA08B010BD09
:10A640007F230340F0B5C4095F001A4D3E1976011F
:10A65000AE19B070C043C0B2C00970700020F2766D
:10A660009A01F0703183A818D900012C10D1124E34
:10A670008919816200203F197F01EF19B9680860CC
:10A68000834209D164012C1963600C4BE360F0BD77
:10A690000B4E89198160EDE7013BDB00012C04D1F1
:10A6A0000849AA185B185362F1E7AD18064A9B18CF
:10A6B0006B60ECE7E81D0020800010500001105096
:10A6C00084001050080010500C001050038BC27E04
:10A6D0003F339B0910B5D901022A00D09901054AE0
:10A6E0001368C3605B181360034A934201D9FEF7F5
:10A6F000C7FA10BDE8210020FF0F105010B500F080
:10A70000F1F80C23124CFF22A36705201149FCF736
:10A710009BF8402200211048FEF7FAF90022402160
:10A720001000FFF78DFF002240218020FFF788FFF7
:10A7300008F0AAF88023012080229B052064E364AE
:10A74000064B90342360064B5202DA6410BDC046BB
:10A750000000115099070020E81D002010D00100D2
:10A760000020115010B501210520FCF71DF810BD87
:10A77000002210B51100024800F0D4F810BDC04608
:10A78000081E00208023044A9B0213608023034A92
:10A790005B01D3647047C0469020115000201150D7
:10A7A0008022024B5202DA647047C04600301150DA
:10A7B0008022024B5202DA647047C04600201150DA
:10A7C000044B1970002903D08022034B92021A60B7
:10A7D0007047C04684240020902011500B785B06FF
:10A7E00005D14B78052B02D18A78014B1A6070474E
:10A7F00000001150CA780020920770B5920F012A0C
:10A800000ED07F248D780B794979280009021943ED
:10A810004905490D2C40FFF713FF002C01D1012001
:10A8200070BDED096400094B64196401E41820004F
:10A83000FFF74CFFE37EE168054A9B064A4013435D
:10A8400080221206134362681360E8E7E81D0020C7
:10A850000000105010B508F017F810BD7F2010B59B
:10A8600008404000C90940181100044A40018018FE
:10A870001A0000F057F8012010BDC046E81D002066
:10A880007F2307B508001840194204D14B424B41C1
:10A89000074A013393668022C9094000054B4018DE
:10A8A00040010021C018120107F0FEFF07BDC0469D
:10A8B00000201150E81D00207F220B0010B513402E
:10A8C00011420AD00022C9095B005B1803485B01F2
:10A8D000C0180349C27007F0E7FF10BDE81D002053
:10A8E000FFF7FFFF80230A4A5B0410B51360094A93
:10A8F00009481360190002689143FBD18022074880
:10A900005201FEF705F90922054B5A6710BDC046F2
:10A9100000E0004000F0004008C00040000010507F
:10A9200000001150002310B5C38201338282837668
:10A930000161040007F088FF002803D08022074B44
:10A9400092021A60200007F0BFFF002802D0012306
:10A95000237710BD200007F08FFFFAE790201150F9
:10A960008022094B5202196D1142FCD009225A670C
:10A97000064B053A1A60064B1A68064BDA67064B17
:10A980001A68064B1A64704700001150803011504D
:10A99000E01D002000400140EC21002000C00140EB
:10A9A00010B5FFF7DDFF0020002110BD1FB51020FE
:10A9B000FBF780FE082801D1FEF762F9264B0F2035
:10A9C000DA6F264B1A60264B1A6C264B1A6001224E
:10A9D0001100FBF779FE02210F20FBF795FE224BB9
:10A9E00003211A68082353401F2213401F4A0F20D7
:10A9F0001360FBF779FE02221D4BDA671D4B92189C
:10AA0000DA671D4B08325A671B6D1B079B0F012B22
:10AA1000D2D1FCF7D9FA0400FCF764FCFA22002337
:10AA2000920012184B41002B02DA0122134B5242C2
:10AA30000121029100210191114920000091FCF7B0
:10AA400019FB002806DAFA2000218000FCF752FCEE
:10AA5000FFF786FF1FBDC04600400140E01D0020FB
:10AA600000C00140EC2100207C4001407C500140AE
:10AA7000002011500420115000001150FFFFFF7FF3
:10AA8000A1A90010064B10B51B6D1B079B0F04D02E
:10AA9000FFF78CFF0020002110BDFA208000FAE7AC
:10AAA000000011501FB500F02BF8012821D1FCF750
:10AAB0008BFA0400FCF716FCFA220023920012180D
:10AAC0004B41002B02DA01220A4B52420121029132
:10AAD00000210191084920000091FCF7CBFA0028E1
:10AAE00007DA032205490B6D9B081342FBD0FFF7E1
:10AAF0005DFF1FBDFFFFFF7F85AA00100000115002
:10AB00008023DB051868000F7047000010B500F0C7
:10AB100081FA10BD10B5041E00D10134200004F0EC
:10AB200093FA002800D010BD00F078FA002801D078
:10AB30008047F3E702F01CFDC368002B05D01A0024
:10AB40009B68002BFBD1100070474268D368984285
:10AB5000F9D113005268D1688B42FAD0D9688A4281
:10AB6000F1D11A00EFE7C0460378002B03D1436808
:10AB70005B68984212D08368002B05D01A00DB680E
:10AB8000002BFBD110007047426893689842F9D1BE
:10AB90001300526891689942FAD0F3E7C268F1E76E
:10ABA000F0B5C6461D00002300B54A608B60CB603F
:10ABB0000B70002827D09160954200D19DE0AB68D2
:10ABC000934200D19DE06C6823000022012690464C
:10ABD000A14213D048680278002A0FD142689368D6
:10ABE000834231D0002B16D01F78002F13D106706E
:10ABF0001E701770110023008C42EBD101221A70D5
:10AC000080BCB846F0BDD160EB689342DBD16C6884
:10AC1000E9602300D9E783688B423ED04346067043
:10AC2000D06813708368D360002B00D05A605368DB
:10AC300043606C68A2422CD09C68A2422BD0D860A2
:10AC4000826050606C68D6E7D768BC46002F08D099
:10AC50003F78002F05D101211970634619701770D4
:10AC6000C8E7C4688C4231D0067040461070D8687E
:10AC70009060002800D04260506858606C68A24222
:10AC800020D0C468A2421FD08360DA6053606C6831
:10AC9000B1E76860D4E79860D2E7CC6813008460BD
:10ACA000002C01D0606043684B606C68A04222D0E9
:10ACB000DC68A04230D099600B00C86041600100A0
:10ACC0001800ABE76B60E0E7C360DEE78B68C3604A
:10ACD000002B1AD0586043684B606C68A0421DD0AE
:10ACE0009C68A04216D0D9600C00886093684160CF
:10ACF00001002000B8E76960DEE70B006960E960E9
:10AD00007CE76C68A96023005FE74A606B68984243
:10AD100004D013009960E7E7D960CDE76960E3E705
:10AD2000F0B585680E00C468002D00D1CEE0231E6A
:10AD300000D180E01A009B68002BFBD1D1688242D1
:10AD400000D1C2E06A6023009560A24207D0536838
:10AD5000002900D04B609960D460C4686260746858
:10AD6000844200D1BAE04468A568854200D1CBE0B6
:10AD7000E26005785460147815700470002C59D086
:10AD80007268914254D0002900D0B8E09A688A4293
:10AD900020D01478002C63D0D468002C03D0257800
:10ADA000012D00D0B2E09568002D03D02F78012F3F
:10ADB00000D0AEE00021117072685C689A4200D148
:10ADC00080E01A78012A00D07CE0190023009A68FC
:10ADD0008A42DED1DA681478002C57D09468002CAF
:10ADE00003D02578012D00D0DCE0D568002DE1D01E
:10ADF0002F78012FDED02F78012F00D1D6E01F78D9
:10AE0000DC68177001221A7001222A70A268DA60C9
:10AE1000002A00D053605A68626075689D4200D174
:10AE2000EDE095689D4200D1EDE0D460A3605C60E8
:10AE3000002946D1F0BD2C00436821006360726890
:10AE4000824200D18DE042689468844255D0D1603E
:10AE5000B26882427BD0F268824242D004788DE7A9
:10AE60000127D56817701C709D60002D00D06B60A5
:10AE70005C68546077689F421ED0E7689F421ED08E
:10AE8000A2609D68D3605A602A0085E70127956813
:10AE900017701C70DD60002D00D06B605C68546022
:10AEA00077689F4217D0A7689F422BD0E260DD6889
:10AEB00093605A602A0091E772609D68E2E7E26061
:10AEC000E0E70B0001221A70B4E70C004368002C85
:10AED000B3D10021B3E77260DD68E9E772604468CE
:10AEE00047E784680A00002C00D184E01400D2688F
:10AEF000002AFBD1F460047840E79160A8E71C00C9
:10AF00000B005EE7A260D3E7A26032E79568002DF0
:10AF100029D02F78012F26D01F789C681770012226
:10AF20001A7001222A70E2689A60002A00D05360E9
:10AF30005A68626075689D4256D0D5689D4255D06A
:10AF40009460E3605C60002900D173E7B9E7C468EE
:10AF50000A00002C4CD014009268002AFBD1B46087
:10AF600079E7716074E70125257000251570A568E3
:10AF7000D560002D00D06A60556865607768BA4278
:10AF80000ED0AF68BA423CD0EC60A26054601A7830
:10AF90009C6822700122A5681A70002DC3D0C0E7FA
:10AFA0007460F2E7D568002D00D024E701252570F4
:10AFB00000251570E5689560002D00D06A60556821
:10AFC00065607768BA4220D0EF68BA421FD0AC60A3
:10AFD000E26054601A78DC6822700122E5681A7019
:10AFE000002D00D112E70FE77460AAE7D460A8E74C
:10AFF0004268B2602FE74268F2600478BEE674608F
:10B0000014E7AC60C1E7946010E77460E0E7EC60BF
:10B01000DEE7C04610B504F021F810BD014B1868FA
:10B020007047C0461C19002030B59C460A4B0400EE
:10B030001B680D00D86885B0002A0AD0074B084964
:10B040000292019362462300009504F0ADFA02F0EB
:10B050008FFA044B1A00F2E7900D0020AC38011073
:10B06000BC380110B8380110130010B50022FFF7EA
:10B07000DBFFC04610B5034A0349044802F080FADA
:10B0800010BDC046E00D002075EA0010940D0020B0
:10B0900041680B4B10B50400994201D003F0EAFC63
:10B0A000A168084B994202D0200003F0E3FCE1685C
:10B0B000054B994202D0200003F0DCFC10BDC046D5
:10B0C000D013002040140020B01400208B6E10B567
:10B0D000DB0702D48B899B0501D5002010BD5831B8
:10B0E000080006F086FCF8E78B6E10B5DB0702D48B
:10B0F0008B899B0501D5002010BD5831080006F052
:10B100007CFCF8E7F0B53B4C3B4B3C4A200083B05D
:10B1100000251A600423082200216030E3602560C6
:10B120006560A560A56625616561A561FDF7F0FC18
:10B130002000334F334E344B344958300093636210
:10B140000191A1622462E762266306F04DFCD823D8
:10B15000E5502F4B2000E3678023E5500433E55092
:10B16000082204330021D030E55025676567A567C4
:10B17000FDF7CEFC2200902320007032E250009AAE
:10B1800001990433E2500433E1500433E750C830EE
:10B190000433E65006F028FCE0232000E550043399
:10B1A000E5500433E5501B4A6033E5505C3BE25008
:10B1B0000433E55041300433E550082204330021C4
:10B1C000FF30E550FDF7A4FC20008023E0305B0059
:10B1D000E0502000009A01990433E2500433E1501A
:10B1E00039300433E750FF300433E65006F0FCFBFF
:10B1F00003B0F0BDD0130020C813002075B00010BC
:10B2000031D600105DD60010C5D50010F1D5001064
:10B210000900010012000200F0B5C6462C4F80461E
:10B2200000B5380006F0E5FB2A4B1B68002B44D024
:10B23000294E7368013B26D4B46802E07034013BA8
:10B2400021D30C22A55E002DF8D12000234B5830CD
:10B25000E360A56606F0C8FB380006F0CEFB2000D0
:10B26000082200212560A560656025616561A561F2
:10B270006030FDF74DFC6563A563A564E5642000BF
:10B2800080BCB846F0BD3568002D01D02E00D0E757
:10B29000E8214046490006F0B4FB041E10D0042308
:10B2A000E02205602500436010300021A0605200BC
:10B2B000FDF72EFC34602E00BBE7FFF723FFB7E756
:10B2C0003060380006F099FB0C2342461360D6E745
:10B2D000B8130020C8130020E00D00200100FFFF7C
:10B2E00070B50500094C200006F083FB2B6A002B8B
:10B2F00005D1074B2B62074B1B68002B03D02000A6
:10B3000006F07BFB70BDFFF7FDFEF8E7B8130020E9
:10B3100091B00010C813002010B5024806F069FB78
:10B3200010BDC046B813002010B5024806F065FBFA
:10B3300010BDC046B813002010B5044806F059FBF4
:10B340000020034A034902F01BF910BDB813002086
:10B35000E00D0020CDB0001010B5044A04490020D3
:10B3600002F00EF9034806F048FB10BDE00D002086
:10B37000E9B00010B81300200B0010B5034902001B
:10B380000868816803F028FF10BDC046900D0020BA
:10B3900010B513000A00816803F01EFF10BDC046FF
:10B3A000F0B5DE4657464E4645460C0081468B4674
:10B3B00000200021E0B592469FB000220490059144
:10B3C00021001A9219910A780E002D2A03D8C24C36
:10B3D0009000205887460021079100210891302ACB
:10B3E00000D1ADE02F2A01D800F034FD1400300068
:10B3F0000021002500270BE00130AB005D191990FA
:10B4000004786D00AD18303D220001372F2C0FDD80
:10B41000392C5ADC082FEFDD8B0001305B181990B6
:10B4200004785B0099183039220001372F2CEFDCAB
:10B4300009910122A94903F05FFE002800D1FDE037
:10B440000023B846002100220C930A934346002BA8
:10B4500000D006E1089B0B4360D1002A23D1692C60
:10B4600000D191E301DD00F054FD492C00D18BE3C4
:10B470004E2C18D19A4919A804F05CFB002812D070
:10B48000199B1B78282B01D100F03DFE954804F054
:10B490008FFD04000D0043E0002207924E1C199618
:10B4A0004A78002A99D15346002B46D05A460024A8
:10B4B00000251A60200029001FB0F0BCBB46B24630
:10B4C000A946A046F0BD01317CE7099101228349DC
:10B4D00003F012FE002846D1199B5A1C19925B7882
:10B4E00014001800002F00D0ACE023000021302809
:10B4F00007D119000133199318783028F9D0091BA6
:10B5000001310300313B082B00D86EE22023984321
:10B51000089B452800D12AE30B43C4D00024002512
:10B520005246002A01D0199B1360079B002BC1D003
:10B53000802109066B181D00BCE700240025B9E72F
:10B54000727820318A43741C582A01D100F0E9FB3B
:10B550002600199432780134302AF9D0002ADDD03F
:10B56000012308933EE70023002100220A970C9351
:10B57000202320009843452800D09AE3089B3B43B2
:10B580000B4300D18FE7199BB8469B460A9F58464C
:10B59000431C199344782B2C00D1B6E32D2C00D0FA
:10B5A0008DE201230B935846831C19938478230062
:10B5B000303B092B00D962E31998302C0ED1431C83
:10B5C00019931C7818000133302CF9D000230A930A
:10B5D0002300313B082B00D938E70133441C199470
:10B5E000A44644780A932F2C01DC00F098FC1097B5
:10B5F0002F000D00614694460A9A09E093009B18BB
:10B6000001315B0019911A190C78303A2F2C01DDA9
:10B61000392CF3DD0A92081A624629003D00109F7A
:10B62000082801DC00F07BFC2F4B0A930B9B002BBE
:10B6300000D10BE70A9B5B420A9307E7199B5A1C50
:10B6400019925B7819003039092900D928E28C4613
:10B65000002901D100F080FE012339000A970C93E4
:10B66000C7E30A9B0C9A9B1A0B93002F00D1474605
:10B6700043461C00102B00DD10242800FCF7B2FD0F
:10B680004346092B3DDC049005910B9B002B00D118
:10B6900012E20B9B002B00DC54E2162B01DC00F0C5
:10B6A00046FC424625239B1A0B9A934241DB4346B4
:10B6B0000F240E4DE41AE1006918049A059B03C992
:10B6C000FCF725FD0B9B1C1BE4002D190CCDFCF792
:10B6D0001EFD04000D0023E7403A0110EC38011074
:10B6E000FC380110B83801101F4E0000983F0110BF
:10B6F0003C00102F00DD10240023B8460C930A9361
:10B700000B932200D44B093AD2009B180CCBFCF7C8
:10B71000FEFC049005910998FCF764FD0B00020003
:10B7200004980599FCF7CCFC4346049005910F2B37
:10B73000ABDD43460B9A1C1BA4180994002C00DCBB
:10B74000C0E10F22230094431340099400D199E3F0
:10B75000C14ADB00D11803C9049A059BFCF7D7FC4A
:10B7600004900591002C00D08CE343463A00310050
:10B770004846009504F036FF1490002800D178E385
:10B780000B990027CB4300260C9A0A98DB17101A56
:10B79000CA1710401940B3463D0010901591E2E0E1
:10B7A000AE48C91A521A834200DA6EE201238B4076
:10B7B000119300231293099BB918B618F6180A9131
:10B7C0003B008F4200DD0B00B34200DD3300002B55
:10B7D00004DD0A9AF61AD21A0A92FF1A109B002B5D
:10B7E00000DDF8E10A9A002A00DD0EE20B9B002B37
:10B7F00000DD3AE2002E00DD2AE2002F08DD594686
:10B800003A00484605F02AF98346002800D128E28C
:10B8100048461A99089A05F0BDF9051E00D120E2A4
:10B82000C36859460A930023C36005F08DF90028C8
:10B8300001DA00F07BFC059B984601D100F0FDFB8E
:10B840005946280005F060FB80230022DB05060036
:10B850000F00FCF7ADFC002800D1ABE10A9B002BE8
:10B8600000D01FE2049B002B00D0AAE243461B033A
:10B8700000D04DE2002230003900794BFCF792FCF9
:10B88000002800D0ADE30022764B30003900FCF7F1
:10B890003EFC0A000100130012911392802212064E
:10B8A0009B180E900F9343460E9E0F9F6E4A1340B7
:10B8B0001A0011936D4B9A4200D100E2099B002BB4
:10B8C00027D0D423119ADB049A4222D812981399D4
:10B8D000674A684BFCF76CFC002815D01298139946
:10B8E000FCF7C0FC002800D10130FCF77BFC0A9B70
:10B8F00012901391002B00D06EE3802212068B1859
:10B9000016901793169E179FD623119ADB04FB18E7
:10B910009F1A0C980D9905F00DFA02000B003000EB
:10B920003900FCF7F4FB0C9A0D9BFCF7C9FB0E00E9
:10B9300004900591099B002B05D14B4B119A334084
:10B940009A4200D10AE248461A9904F0D7FD4846C7
:10B95000089904F0D3FD5946484604F0CFFD29006C
:10B96000484604F0CBFD149C4846616804F080FD15
:10B97000031E089000D174E122690C3302320C34AA
:10B98000210018009200FDF7C9F80499059A1CAB34
:10B9900001931BAB0C910D920093484613000A00D3
:10B9A00005F04CFA011E1A9000D136E101214846FB
:10B9B00004F0E6FE8346002800D152E11B9B002BD9
:10B9C00000DA1EE1109A159E9F1809991C9A5B1ABD
:10B9D00036219B188A1A2849013B8B4200DADFE6A0
:10B9E0000023129301331193E5E630235B429C461A
:10B9F000199A4B1C0C9300231600012784440A93C8
:10BA0000AB005B195B0063441D0000210A98531CC6
:10BA100019931C781A002300303B092B00D9DEE172
:10BA20009C464C1CA0466446531C002C01D100F0DF
:10BA30008DFC0C9B44469846A04443460A900C93C8
:10BA4000012C01D100F0B8FC04007B1C28000A92F4
:10BA500098462500099A1AE0983F0110E3FBFFFF82
:10BA60000000F03F0000E03F0000F07F0000E07FBA
:10BA70000000C0FFFFFFDF4102FCFFFF8400201831
:10BA800040000133DC1B013CA14200DCABE15C1E49
:10BA9000082CF3DD102BF4DC9400A2185200F0E720
:10BAA00020218B43452B68D02800FCF79BFB092FF6
:10BAB00000DD1DE604900591049C059D30E5002302
:10BAC0000B9374E5099B002B00D14EE60F22110069
:10BAD0005B421C11194009941A420CD0CC4BC9008E
:10BAE0005B180CCB04980599FCF7F3FA04900591C8
:10BAF000002C00D139E6099B1F2B00DD7AE2099A60
:10BB00001023110019408B46134201D05A339B4633
:10BB100004980599099C04972F00BE4D01E064101C
:10BB200008350123234204D1641008350123234240
:10BB3000F5D02A686B68FCF7EAFA641000D160E27D
:10BB40000835F3E70B9B163300DAF2E50A990C9AF5
:10BB5000AF4B521AD2009B180CCB04980599FCF7F6
:10BB6000B8FA04000D00DBE40122079296E40022FB
:10BB700000270A920C92013202E500239346B84650
:10BB8000002101220C9302E5A34919A803F0D2FF7A
:10BB9000002800D187E4199BA049013B19A81993FB
:10BBA00003F0C8FF002802D1199B01331993002428
:10BBB0009B4DB5E49B4B002230003900FCF7A7FAFF
:10BBC0000A9B12901391002B67D1802212068B18CA
:10BBD0000E900F9367E659461A00484604F0C2FEDD
:10BBE0001A998346002818D00A000100484604F03C
:10BBF000DDFD1A99041E10D0484604F07FFC1A940B
:10BC0000F0E5159A109FD61ADFE61A99484604F017
:10BC100025FF011E1A9000D0E8E55E462F00222382
:10BC20004A4600247E4D1360484604F067FC4846AF
:10BC3000089904F063FC3100484604F05FFC484674
:10BC4000149904F05BFC3900484604F057FC67E4A3
:10BC500032004846089904F001FF0890002800D0FF
:10BC6000CBE55E462F001A99D9E74846159A089900
:10BC700004F078FE0890002800D0BBE5F1E75B46B1
:10BC8000199300230A93FFF7E1FB6749CB1A0121BF
:10BC900099400123129111938DE5129B139C0E93F1
:10BCA0000F9400E60023614C0E930F9412931394AB
:10BCB000F9E50023B8460A9F0A93FFF7C7FB4346FE
:10BCC0005B4A9B180593049E059F3000390005F0E0
:10BCD00031F80E9A0F9BFCF71AFA32003B00FCF782
:10BCE000EFF94F4B534A049005910B40934200D813
:10BCF000C3E0514B984502D10C9C0134B1D00123D3
:10BD00004D4C5B42049305941DE600230B934AE4DB
:10BD100000234A4C0E930F940023444C1293139427
:10BD2000C1E50293079B484601931AAB0093444A2E
:10BD30001BAB19A901F03CF80F231F0005000740B9
:10BD4000034201D1FFF7EAFB062F00D0FCE00023FD
:10BD50001994002500240793FFF7E2FB129813992A
:10BD6000FCF798FAFCF78AFA02000B001298139974
:10BD7000FCF79DF9049A0A9B36031343360B0C908B
:10BD80000D91304A33430DD10C980D992E4BFCF791
:10BD900009FA002800D1D6E55E462F00049C059DD7
:10BDA0001A9941E7294BFCF7FDF90028F4D10C98CA
:10BDB0000D99274A1B4BFCF703FA002800D1C2E576
:10BDC000EAE7012BA4D14346002BA1D15E462F0008
:10BDD00022234A46002400251A99136024E70122F1
:10BDE0000A90FFF7C5FB09920A9A0A9505000139E6
:10BDF00041444F1C082900DC02E60021102F00DD21
:10BE000004E6099883001B185B0063440993FDE571
:10BE1000983F0110383B0110F0380110F438011040
:10BE20000000F07F0000E03FE2FBFFFF0000F03F7A
:10BE30000000B0FCFFFF9F7CFFFFEF7F0000F0BF22
:10BE4000103B01109535A094FFFFCF3FFFFFDF3F70
:10BE500035E5AF3501223000CE4903F04DF9002819
:10BE600000D1AFE0089B002B01D1FFF71CFBFFF7CF
:10BE700055FB22234A46136099E6D4239B04CE182F
:10BE8000059657E59A23099A5B009A42F1DC099BD3
:10BE90001C11012C00D1BCE104980599BE4B0495FE
:10BEA00008979B4637001D0000260123234203D03C
:10BEB0002A686B68FCF72BF9013664100835012CF1
:10BEC000F3D1049D0490059134003E00089F059B2A
:10BED000B24AE1009B1805935944049A059B03C993
:10BEE000FCF715F9AE4BAF4A049005910B40934215
:10BEF000BFD8D420AC4A800409180591934204D9D4
:10BF00000123AA4C5B420493059400230993FFF795
:10BF10002CFC6E2C01D1FFF7ADFAFFF7C4FA0A989A
:10BF2000A34B984201DCFFF781FBFFF77EFB0B9AE6
:10BF3000A04BD100591803C9049A059BFCF7E7F8F8
:10BF400004000D00FFF7ECFA1A9A002A07D03521F9
:10BF50001CA805F021F848461A9904F0CFFA052FDD
:10BF60000ED8954BBF00DB599F461C9A934904920B
:10BF70001D9A1B9B0A4092495B181B051A430592A8
:10BF8000ED0511D4059B864A134200D094E503F0D9
:10BF9000B5FA222303608FE501238A4C5B420493A8
:10BFA0000594ED0500D487E58023059A1B0613430D
:10BFB0000593E8E77A4B0593F3E71C9B1D9C0493DC
:10BFC0000594DDE7199C0025230001341994587865
:10BFD00000230993FFF789FA129B139C1693179479
:10BFE00090E40023784C0E930F940023774C129327
:10BFF000139458E422234A46002400251360FFF7D7
:10C000008FFA5B463D00049F04900591002B6FD092
:10C010006B234A00520D0C009B1A002B68DD1F2B6E
:10C020005FDD00210491342B00DC86E1DC239B04DE
:10C0300005936A230993FFF798FB42460A99120376
:10C040002F000C9C0D9D5E46129B120B002900D107
:10C05000C8E05F498A4200D112E1002B00D129E1FA
:10C0600042461A4238D02000290004F063FE099BA2
:10C0700004900591002B00D14DE143465A006B23FB
:10C08000520D9B1A002B00DC63E11B059C465149B5
:10C09000002261440B0004980599FCF738F802006F
:10C0A0000B0020002900FCF70BF804000D00200015
:10C0B0002900494B0022FCF72AF8394B04000D00F7
:10C0C0000B4200D06CE622234A461A991360ABE576
:10C0D00042461A4200D0A8E0099B002BE7D11A99EA
:10C0E000A2E5012252429A40024004920498059926
:10C0F00000220023FCF74EF8002800D07AE75B46C8
:10C100000993FFF732FB35491CAA19A803F02AFD51
:10C11000052801D0FFF7BAF91D9B214A1A431C9B41
:10C1200005920493049C059DFFF7FAF90A9B2F00E2
:10C130000499059A0C9C0D9D5E460B43CCD190460C
:10C140001303C9D1164B1A40D6239346DB049A42F7
:10C15000C2D97B69002B02D13B69012BBCDD3900C0
:10C160000122484604F07AFC3100070004F0ECFCA0
:10C170000028B1DD099B002B00D1B2E05B46184AD4
:10C180009B18134A1A4301235B4205920493049CB3
:10C19000059D8CE7EC380110703F01100000B0FCE9
:10C1A0000000F07F0000A07C0000907CFFFFEF7F8C
:10C1B0001F4E0000983F0110F83A0110FFFFEFFFFB
:10C1C00033040000FFFFFF7F0000E0BF0000E03FFE
:10C1D000FFFF0F000000F03F00005039243B01102A
:10C1E0000000F0FF002A18D1049A002A00D09CE039
:10C1F000099B8B4275D04246734B1A40D623934617
:10C20000DB049A42BAD8DC239B049A4200D94EE759
:10C21000DEE56E4B00249B4659E6002B00D057E725
:10C22000119B049A134200D156E72000290004F024
:10C2300081FD099B04900591002B41D043465A0093
:10C240006B23520D9B1A002B00DC8AE01B059C46D9
:10C250005F49002261440B0004980599FBF757FFE2
:10C2600002000B0020002900FBF721FF0022002321
:10C2700004000D00FBF78EFF002800D117E7A7E5AB
:10C280000999049A81423CD040464F490840D42144
:10C290008446C904884267D86B21000D081A6C399E
:10C2A00081408A4277D0002B70D042461A4200D19A
:10C2B000FDE6D8E6119B049A134200D10CE7D2E6C2
:10C2C000049A059B20002900FBF7F1FE00220023C1
:10C2D00004000D00FBF75EFF002800D078E51A99F6
:10C2E000A2E44246384B1A991A401300394A9B1867
:10C2F000394A1A4301235B4205920493049C059D2D
:10C3000092E4511C32D0002B58D042461A4200D041
:10C31000A9E61A9988E42000049A059B2900FBF7F6
:10C32000CFFE0D0004001A997EE4002B00D0CFE66A
:10C33000119B134200D1CFE677E74B239A1A4C3B6F
:10C3400093401C40059404980599D1E64146FFF7B7
:10C350005FFB049A059BA4E60C910A970131FFF755
:10C3600055FB049A059B7DE7511C9CD142461B4B13
:10C370009A421AD0144B1A401300802252039B1881
:10C38000059300230493049C059DA5E6119B13428D
:10C3900000D18CE667E68022634652039B18059322
:10C3A00000230493049C059D81E622234A46002431
:10C3B0001A99054D136037E439001AE5119B1342B1
:10C3C00000D050E61A992FE40000F07F703F011072
:10C3D0000000F03F0000F0FFFFFF0F00FFFFEF7FC6
:10C3E00010B5024BFEF7DCFF10BDC046EC0D00207F
:10C3F000844610B51300034A10680A006146FEF730
:10C40000CFFF10BD900D0020844610B50A000349EF
:10C41000034B08686146FEF7C3FF10BD900D002076
:10C42000EC0D0020F8B5CE46040047461300274A1D
:10C4300080B5106891460A002100FEF7B1FF0200A6
:10C440000B0004000D00FBF7C0FE00282FD12900CF
:10C450002000FBF74BFF47007F0880461C49381C33
:10C46000FCF7E4FA00281DD11949381CFCF7D6FA6C
:10C47000002817D101226B005F0820003900154BFE
:10C480005242FBF7A2FE002808D101222000390009
:10C49000104B5242FBF78CFE002803D04B46222261
:10C4A0001B681A604046C0BCB946B046F8BD0A4891
:10C4B000002D06DA03F082FD8022120683189846CA
:10C4C000F0E703F07BFD8046ECE7C046900D0020CE
:10C4D000FFFF7F7FFFFFEF7FB8380110F0B5C64642
:10C4E00000B52C4E0A002C4B010082B03068FEF7DC
:10C4F00057FF02000B0004000D00FBF766FE00284A
:10C5000039D129002000FBF7F1FE47007F08804663
:10C510002249381CFCF78AFA002823D11F49381C0D
:10C52000FCF77CFA00281DD101226B005B08019307
:10C5300000941B4B524200980199FBF746FE0028DD
:10C5400008D1009801990122154B5242FBF730FEA9
:10C55000002807D0222233681A60404602B080BC0F
:10C56000B846F0BDFF234246DB051342F5D10D4B23
:10C570002B42F2D0EEE70C48002D06DA03F01EFD48
:10C580008022120683189846E7E703F017FD8046DD
:10C59000E3E7C046900D0020EC0D0020FFFF7F7FF9
:10C5A000FFFFEF7F0000F07FB8380110F0B5C646FE
:10C5B00000B51D001400002388B0002D04DA80218E
:10C5C00009066B181D002D23109A13702022129B50
:10C5D00093439846462B5AD0452B3AD007AB049349
:10C5E00006AB0393119B220002930E9B019302233F
:10C5F00000932B0001F0F0F8129B0600672B21D16D
:10C600000F9BDB0715D50E9BF71800230022200097
:10C610002900FBF7BFFD3B0000280BD1079B302111
:10C620009F4207D95A1C07921970079BBB42F9D346
:10C6300000E0079B3000139A9B1B136008B080BC7E
:10C64000B846F0BD129B472BDDD10F9BDB07DAD438
:10C65000EFE70E9B01330E93022307AA049206AA6A
:10C660000392119A009302920E9A2B0001922200DB
:10C6700001F0B2F80E9B0600C7184346462BC4D102
:10C680003378302B05D0119B1B68FF18BDE70323BF
:10C69000E3E70022002320002900FBF77BFD0028B0
:10C6A00003D0119B1B68FB18C4E701230E9A9B1A49
:10C6B000119AFF181360A8E7F0B54F46D6464646D4
:10C6C000C0B50C0082B007002B230270002901DAEC
:10C6D0004C4202337B70092C31DDBB1C9A469846D4
:10C6E0006B46DE1D20000A21FBF77EFA3500303153
:10C6F000013E200031700A21FBF776FA2300040086
:10C70000632BEFDC6A46AB1E303407321C70934259
:10C710000DD2524619780133117069460731013242
:10C720009942F7D109266E445644731B98464346F6
:10C73000D81B02B0E0BCBA46B146A846F0BD3023D3
:10C740003034BB703B1D9846FC70F0E7F0B5DE4618
:10C7500057464E464546E0B591B0884692461A9CEB
:10C760009B46814600F06EFE036818000A9302F0B3
:10C7700093FC00230E9343460B901B7E07220893E5
:10C780004346196823680991073393431A00083216
:10C790002260C0CB434601229E64DF647B005D08BB
:10C7A00030002900C84B5242FBF70FFD002808D18A
:10C7B000012230002900C44B5242FBF7F9FC00284B
:10C7C0007CD032003B0030003900FBF7FEFC002833
:10C7D00000D05EE2434659682023089D099A9D4394
:10C7E0008023DB0013434A1C35D0472D00D1B9E02C
:10C7F000424613600022232406920EAA0592089A4C
:10C80000019304920DAA039204AAA4183B003200DB
:10C81000484602940091FFF7C9FE0700089B0D9956
:10C82000652B3AD9089B662B00D167E10E9B8B42A2
:10C8300000DDC1E0434601221B6813405B184246FD
:10C840000025136191652378002B51D043232D22BD
:10C850004146CA544CE04246073113605160002201
:10C86000232406920EAA0592089A019304920DAA17
:10C87000039204AAA4183B00320048460294009197
:10C88000FFF794FE0700472DC8D10D99CB1C00DBA4
:10C8900088E0089B023BDBB208934046089A0139C6
:10C8A00050300D91FFF708FF0E9A05001318012A6A
:10C8B00000DC86E0013342461361C4E70022002316
:10C8C00030003900FBF76EFC002803D043232D22F3
:10C8D0004146CA54089B472B6CD97C4F03234246E0
:10C8E0001361099A01339A431300424600251360ED
:10C8F0005B4641460093484653460FAA03F076FB39
:10C90000431C28D043461B685A0568D443461B691C
:10C910003A0051464846D847431C1CD043461A6843
:10C9200041460F9BC868920755D5984253DD45464E
:10C9300000244E465746193506E04346D8680F9BFB
:10C940000134C21AA24246DD01232A003900300018
:10C95000D847431CF1D111B0F0BCBB46B246A94642
:10C96000A046F0BD002903D1414601224A600121C1
:10C97000424613600022232406920EAA0592089ACA
:10C98000019304920DAA039204AAA4183B000091FB
:10C99000320048460294FFF709FE0D990700CB1CB0
:10C9A00000DA76E743465B68994200DD71E767236A
:10C9B00008933BE7464F91E70122002907DD9B18CA
:10C9C0003DE742461268D20700D573E773E70132AC
:10C9D000521A9B1833E79842BDDA1800BBE7089A51
:10C9E000652A37D941460022886CC96C0023FBF7C1
:10C9F000D1FB002800D18AE0012351464846354A40
:10CA0000D847431CA7D00E9C0D9BA34204DB434692
:10CA10001A68D30700D483E70B9B514648460A9A0D
:10CA2000D847431C97D0012C00DC77E74646013CF1
:10CA30004F460025A1461A36544603E001354D45C0
:10CA400000D1EFE00123320021003800D847431C19
:10CA5000F4D180E70E9A0892012A00DC8CE00123D1
:10CA60003A0051464846D847431C00D173E70B9B18
:10CA7000514648460A9AD847431C00D16BE74146C5
:10CA8000089B0022886CC96C5E1E0023FBF782FBAA
:10CA9000002821D04746089B00241A37012B23DDAC
:10CAA0004B465246B146AA461E00150003E001342B
:10CAB0004C4500D1B1E001233A0029003000D847AD
:10CAC000431CF4D147E7C046FFFFEF7F0439011054
:10CAD00000390110103901103300514648467A1CC4
:10CAE000D847431C00D136E742462B005146484602
:10CAF0005032D847431C00D010E72CE743465A6811
:10CB0000002944DD002A73D00132531897E60D9BAB
:10CB1000002B40DD42460E9B956D1C000893AB42F6
:10CB20006CDC002C09DD23003A0051464846D8470A
:10CB3000431C00D10FE743469D6DE643F6172640A0
:10CB4000B54279DD1A23434452461D004B46BA468E
:10CB5000B146002417001E0006E043464A469B6D7E
:10CB600001349A1AA24262DD01232A003900300002
:10CB7000D847431CF1D1EEE6DB0700D56FE7012370
:10CB80003A0051464846D847431CADD1E3E6002A57
:10CB900036D0931C53E6012351464846574AD8479E
:10CBA000431C00D1D7E60D9B0E9A13432FD00B9B4D
:10CBB000514648460A9AD847431C00D1CBE60D9B04
:10CBC000002B00DB90E045464E460024B9461A355E
:10CBD000574605E00D9B01345B42A34200DC80E038
:10CBE00001232A0039003000D847431CF2D1B2E6B5
:10CBF00018680B00C00700D421E685E72C0090E7F9
:10CC000018680123C00700D419E6931C17E64346B1
:10CC10001A68D30700D483E6C9E72B00B14655460E
:10CC20009A4661E74346B946A2461A6878E61D006F
:10CC30003B00B14657469A460D9B0899994233DC12
:10CC400042461268D2072FD4CB1A4C1B9C4200DDFF
:10CC50001C00E5434646ED1725401A360024AB423A
:10CC600000DC5BE6089B4F4699465346AA461D00EA
:10CC700007E04A460D9B0134D31A52469B1AA34241
:10CC800036DD0123320029003800D847431CF0D19B
:10CC900061E6002F03DA43232D224146CA54089B44
:10CCA000472B23D8164F19E60B9B514648460A9A44
:10CCB000D847431C00D14EE6089A0D9B541BD31A4B
:10CCC0009C4200DD1C00002CC3DD23005146484679
:10CCD0007A19D847431C00D13DE60D9B089AD31A18
:10CCE000B7E7BA464F46B1460E9B11E6054FF5E54C
:10CCF0004346B946AA461A6812E6C04610390110E2
:10CD0000083901100C390110F0B5CE4647460369C9
:10CD10008446994680B54D11AB4209DC002362463A
:10CD20001361002362465361C0BCB946B046F0BDF2
:10CD30001F260400370014349800AB002018E318B5
:10CD40000F400E421AD040CBFE40984228D92022F4
:10CD5000A046D11B1A688A403243464604C6B046F4
:10CD600040CBFE409842F5D84B46591B89006118CC
:10CD700004390E60002E0CD004310AE022009842E3
:10CD8000CCD940CB40C29842FBD84B46591B8900B6
:10CD9000611862460B1B9B101361A142C4D1C0E70E
:10CDA00063465E61002EB9D0012362461361BBE782
:10CDB000F0B557464E46DE464546E0B58946096819
:10CDC00092468A7887B003900593302A00D02FE2EC
:10CDD000CB1C1D0001335A1E1278302AF9D0691A73
:10CDE0008B1E0193C14FBB5C002B00D1FAE00022E7
:10CDF00000242B789046BE4AFB5C0292002B00D1A7
:10CE000067E12E0073780136FB5C002BFAD101221A
:10CE10003000029902F070F98346002852D00022B7
:10CE200033789346002C02D0A41BA2009346202204
:10CE300034009343502B51D04B461E604346002B89
:10CE40007BD1631B013B0021072B03DD01315B100C
:10CE5000072BFBDC039803F00BFB0190002800D1AB
:10CE600092E2019B14330493A54200D3F5E1984666
:10CE7000002399463B0000264746A8464D46994662
:10CE80000CE0202E19D03200043649462378CB5CC2
:10CE90000F210B4093401D4344455CD0013C237857
:10CEA0002E2BEED14445ECD301222000029902F052
:10CEB00023F90028F0D0202EE5D120C70022042637
:10CEC0000025E2E7002C00D1A5E12022A41BA3004D
:10CED0009B46337834009343502BADD163782B2B92
:10CEE00000D17FE12D2B00D0E8E00122A378A11C26
:10CEF000FB5C2600581E18289ED84E1C4978103B13
:10CF0000795C180000290AD10CE083001B185B0033
:10CF10000136581833781038F95C002901D01929E6
:10CF2000F3DD0300002A00D05B42DC469C444B4604
:10CF30001E604346E346002B83D0019B06245A42E1
:10CF400053415B421C40200007B0F0BCBB46B246D8
:10CF5000A946A046F0BDA946B84646464B4608C677
:10CF6000049B019AF61AB3101361484603F090FB34
:10CF700053461D68F600301AA84251DC00DA33E14E
:10CF80005A469B689A4200DD23E153465B689A4209
:10CF900000DB96E09C1A671EAC426FDA0026002F79
:10CFA00000D075E11F21012339408B407A1104998B
:10CFB00092008A58019821002D1B1A4200D151E19C
:10CFC000FFF7A2FE53465B689B465346DC68022C83
:10CFD00000D19BE0032C00D16AE1012C00D195E146
:10CFE00012246FE0424B012219002800029302F044
:10CFF00083F8804600286ED16B786C1CFA5C002A9E
:10D000006BD02500302B00D084E16B780135302BBC
:10D01000FBD0FB5C5A425A41904601220192EDE658
:10D02000019F441B2100380003F0D8FF061E0FD0DB
:10D030001F210123601E01408B4042110499920080
:10D040008A5801261A4203D00136012800DD25E165
:10D0500021000198FFF758FE5346DC469B68A44424
:10D06000E346634500DAB4E053465B6862466345D5
:10D0700000DCE1E09C1AA54200DDFAE05246D268ED
:10D08000022A37D0032A00D119E1012A35D1A5425D
:10D0900033D1012D07D00198691E03F09FFF0028AE
:10D0A0002BD053465B68059A049913600123019ABB
:10D0B000622413610B60109B1A6044E70022611C1C
:10D0C00016E70124109B019A1A605A46059B1A60C4
:10D0D00039E72E009BE62C002B7820229343502B1F
:10D0E00000D1E7E04B461C6027E7C046603B0110DB
:10D0F000EC380110119A002AD5D00199039803F059
:10D10000FDF90023109A502413601CE70123119AA3
:10D110009B1A1193119B002B00D19BE0019B049E55
:10D120001F690021BB00F0189946BC463300070078
:10D1300003E002C39F4200D8C6E01A68501CF8D032
:10D1400001321A60022C00D1CDE01F231C002C40BC
:10D150002B4200D1AAE04B46F318043B186803F0B9
:10D1600097FA20231B1B984200DB9FE0019B196963
:10D17000002900DCFAE0019A89005369711818321D
:10D1800010005B08914200D8F7E034001A000368F1
:10D19000DB07134308C404C852088142F7D81300C0
:10D1A000019A8A1A193A92089200311D5218136096
:10D1B000002B00D004320199931B9B100B61B242EB
:10D1C00000D1D6E053465A469B68013293469342BB
:10D1D0006CDA0199039803F091F90023109AA324C3
:10D1E0001360B0E6002281E62C1A22000199039810
:10D1F00003F034FC5B461A1B53469B689346019030
:10D200009A42E6DC53465B689A4200DB59E701002C
:10D2100014310491BEE67378741CFA5C2600002A6F
:10D2200000D104E673780136FA5C002AFAD1FBE5F6
:10D2300000238D1C0193D5E50124002E00D141E788
:10D240005346DB68022B00D160E7032B00D161E776
:10D25000012B14D010231C4334E7049B9846002371
:10D2600099467AE6FFF750FD53465B6802249B46D9
:10D27000E3E7671E002E00D190E6012692E6B30791
:10D28000E8D5049B1B681E43F60700D546E7E1E797
:10D290003900019803F0A2FE060083E63800A11EC3
:10D2A00003F09CFE431E9841861CD1E6212409E729
:10D2B00002242FE700239B46013398460EE6119A7D
:10D2C000002A00D119E7EEE66746019B9B689F4262
:10D2D00023DA019A791CBB001161D31801225A612B
:10D2E000022C00D044E753461B682224013BAB428A
:10D2F00000D0E7E61F21012329408B406A119200EC
:10D3000094591C4063425C412134DBE60223022431
:10D310001E43B6E70123019373E5019B0398596807
:10D32000013103F0A5F88046002833D0019E0C306F
:10D33000310032690C3102329200FBF7EFFB310011
:10D34000039803F0DBF8434642461B694646591CE6
:10D35000116101229B0043445A61434614360193F4
:10D36000022CC0D08F4200DBEFE601E70023019AD8
:10D3700013610023019A536124E73360002BF5D039
:10D380000123019A13611DE70022E421044B0548A3
:10D39000FDF74AFE00228421014B0248FDF744FEBE
:10D3A000143901102839011030B5040089B0080083
:10D3B0000D0001F071FE04AB1B4A0193022306929B
:10D3C00001220293236A0590013004950792A56813
:10D3D0000390002B23D0AB6EDB0702D4AB899B05F7
:10D3E00018D52000290001AA01F086FC43425841CB
:10D3F0000B244042AB6E0440013CDB0702D4AB89F6
:10D400009B0502D5200009B030BD2800583004F03B
:10D41000F4FAF7E72800583004F0EBFAE1E72000CF
:10D42000FDF75EFFD7E7C0466039011010B5034B2A
:10D4300001001868FFF7B8FF10BDC046900D00202E
:10D44000F030704700487047DC0E002000487047FD
:10D45000DC0E002010B5034B0A000100186804F030
:10D46000DEFA10BD900D0020F0B5C6460D00160086
:10D4700000B5884213D98C18844210D983189C4671
:10D48000032A5BD8731E002E06D0D943641861446A
:10D49000E25CCA54013BFBD280BCB846F0BD032E0F
:10D4A0000BD80400711E002EF6D000230131EA5C77
:10D4B000E25401339942FAD1EEE703212A000C002D
:10D4C000024314400300A446114234D13200040048
:10D4D0000F2E1CD93109013909012A000F00441807
:10D4E0001034116819605168596091689960D16869
:10D4F0001032D9601033A342F3D10F221C000C2349
:10D50000103532403340ED191600002BCAD0634667
:10D510006146EB58635004239C446346D31A032BA3
:10D52000F5D8032616409208013A920004350434D7
:10D53000AD18A418B6E70400711EB6E723439B0795
:10D5400001D0531EA1E71300043D011FEA58CA5041
:10D55000043B032BFAD80322B30816406246013B72
:10D560009B00E41AD31A043B9C46043C8AE7C0465D
:10D57000062010B502F07CFC012004F0D8FAC04669
:10D58000F8B54746CE46884680B581461700002646
:10D590007D68013D0ED4BC68A389012B07D90E22FA
:10D5A000A35E013303D021004846C04706437034D0
:10D5B000013DF1D23F68002FEAD13000C0BCB9462E
:10D5C000B046F8BD70B50C000E25495F01F03EFA7B
:10D5D000002803DB636D1B18636570BDA389024AD5
:10D5E0001340A381F9E7C046FFEFFFFF002070471B
:10D5F000F8B516001F000C228B5E05000C00DA0542
:10D600000AD40A4A28001340A38132000E23E15EA7
:10D610003B0002F0D7FCF8BD00220E23C95E0223B6
:10D6200001F026FD0C22A35EEBE7C046FFEFFFFFF3
:10D6300070B50C000E25495F01F01AFD0C22A35EA7
:10D64000421C05D08022520113436065A38170BD46
:10D65000014A1340FAE7C046FFEFFFFF10B50E2363
:10D66000C95E01F0DFFC10BD10B5034B0A000100DC
:10D67000186804F0E4F910BD900D0020F0B5DE4606
:10D68000454657464E46E0B503690D6987B00A0026
:10D69000039183460100AB4200DA9AE0013D143267
:10D6A000AB00D6181431CB18376804931B680137C8
:10D6B00001911800390098460292FAF7BDFA040069
:10D6C000B84546D300270199029A0595B2463D0018
:10D6D000914608004B4604CB994613041B0C634348
:10D6E0009C46BC446346120C62431B0CD218036870
:10D6F000170C1E04360CB04666463604360C310054
:10D700004646761AB4461204AC44120C1B0C9B1A03
:10D71000624612149B18624612041D14120C1B045C
:10D72000134308C0CA45D5D2049A56461368059DCE
:10D73000002B0ED1131F019A934208D9019903E0DF
:10D74000043B013D8B4202D91A68002AF8D05B469F
:10D750001D615846039903F0F7F9002831DB0023D7
:10D7600001341F00AC46A046019A029910C9136803
:10D7700025041804000C2D0C401BC0191B0C270C91
:10D78000DB1B0714DB1900041F14000C1B040343EC
:10D7900008C28E42EAD265460199AB00CB181A68DE
:10D7A0004446002A0DD1043B8B4208D9019903E07D
:10D7B000043B013D8B4202D91A68002AF8D05B462F
:10D7C0001D61200007B0F0BCBB46B246A946A0468A
:10D7D000F0BD0020F6E7C046F0B545464E46DE46B1
:10D7E00057461400E0B51D00C6699FB080460494FA
:10D7F0000595002E00D1EFE1316800290AD0012300
:10D80000726893404A608B6002F078FE43460022C3
:10D81000DB691A602E000023002D03DA6E00760803
:10D82000059601332B9A13603200D74B1A409A4267
:10D8300000D1B4E0049A059B1000190000220023D7
:10D8400008900991FAF7A6FC002812D001232A9A21
:10D8500013602C9B002B02D0CC4B2C9A1360CC4B2A
:10D86000039303981FB0F0BCBB46B246A946A0463E
:10D87000F0BD1CAB01931DAB00934046089A099B79
:10D8800003F0DCFA1C9F8146320D00D099E01D9B0D
:10D89000F918C04B8A465B18202B00DC91E240222D
:10D8A000D31A9E40BC4A30008B18DC402043FAF764
:10D8B00099FC56460122B94B013ECB18069219003D
:10D8C0000022B74BFAF7F3FBB64AB74BFAF71FFC47
:10D8D000B64AB74BFAF7F4FB040030000D00FAF734
:10D8E00085FCB44AB44BFAF712FC02000B0020008E
:10D8F0002900FAF7E5FB04000D00FAF78FFCBF1BC7
:10D90000824607907E1E0022002320002900B34695
:10D91000FAF748FC002800D06CE1079A162A00D9D3
:10D9200087E108980999A54BD2009B180CCBFAF710
:10D9300039FC002800D14BE2079B013B07930023F1
:10D940000D9300230A935B46002B04DA0123DB1BB3
:10D950000A9300239B46079B002B00DA60E159469F
:10D960000B93C91800238B460C934346DE69289B12
:10D97000092B00D9A3E0052B35DD043B00242893B7
:10D98000042B01D100F0F3FD052B35D0022B01D182
:10D9900000F0CDFD03232893002310932EE0884B45
:10D9A0002A9A3603360B1360264315D12C9B002B85
:10D9B00001D101F035F8834B039308332C9A13609F
:10D9C0004FE78149814B3603360B3343561800220B
:10D9D00008980999069272E72C9B002B00D009E267
:10D9E0007B4B03933DE7289B042B01D100F0BEFD48
:10D9F000052B00D013E3012401231093299B079AE0
:10DA00009B18149301331D1E069301DC00F0DBFF0D
:10DA100001220423172D01DC00F0D5FF5B00180064
:10DA2000143011000132A842F8D97160404602F06A
:10DA30001FFD0390002801D100F0EBFF4346039A3D
:10DA4000DB691A60069B0E2B00D93EE1002C00D149
:10DA50003BE10798002801DC00F08CFD0F2102005B
:10DA6000564B0A40D2009B18061130CBC30500D597
:10DA700021E3089A099B0E920F9302239A46002EE7
:10DA800000D1D9E0534F01E076100837012333422B
:10DA900004D17610083701233342F5D053460133C1
:10DAA000200029009A463A687B68FAF730FB761026
:10DAB00004000D00002E00D1BEE00837EBE7002384
:10DAC0002893002300214046736002F0D1FC0390AC
:10DAD000002801D100F09DFF4346039ADB691A60DC
:10DAE0001D9B002B03DB079A0E2A00DC2DE2069A11
:10DAF000002A00D0FFE236231C9A0C9F9B1A0022BA
:10DB00002992013A06921492DC460A9E9C44012115
:10DB10004046E346F51802F033FE0400002E01D023
:10DB200000F0F1FC0C9B002B09D0002F01D000F07D
:10DB300002FE494640460C9A02F014FF81460B9EB5
:10DB40000121404602F01CFE0B9B0890002B01D0E7
:10DB500000F0EDFD289B012B01DD00F0E6FB049BAE
:10DB6000002B00D0E1E3059B1B0300D0DDE3064B57
:10DB7000059A134200D1D8E35B4601339B4601234B
:10DB8000012601350B9358E10000F07F1139011097
:10DB9000103901103204000012040000000010FED1
:10DBA0000000F83F61436F63A787D23FB3C8608B23
:10DBB000288AC63FFB799F501344D33F983F0110FA
:10DBC0000F2700006439011001FCFFFF0000F03F47
:10DBD00070390110703F0110102001F035FA4346F2
:10DBE000D861002801D100F0F8FE4660866006602A
:10DBF000C6600FE65046FAF7F9FA22002B00FAF752
:10DC0000C9FA002800D1F1E05346162B00D810E2E3
:10DC10000123002F01DC00F055FE0D9300230A9331
:10DC20000A9A079BD21A5B420C9300230A920B9329
:10DC30009BE601230D9384E622000E980F992B009A
:10DC4000FAF747FA06000F000D9B002B08D00022C0
:10DC500030003900D24BFAF7A5FA002800D077E35C
:10DC60005046FAF7C3FA32003B00FAF750FA0022A6
:10DC7000CC4BFAF725FACC4A129013918B181393D8
:10DC8000079B1593069B0E93002B00D085E3002283
:10DC900030003900C54BFAF70AFA129E139F320082
:10DCA0003B0004000D00FAF78BFA002838D18020E1
:10DCB00000063B18320020002900FAF773FA00280A
:10DCC00001D000F097FC002306931D9B002B43DB43
:10DCD000079A0E2A40DCB64BD2009B1818CB04934F
:10DCE0000594299B002B01DB00F03FFD069B002BD8
:10DCF00001DD00F03AFD069B002B01D000F07AFC1C
:10DD0000049805990022A94BFAF701FA02000B00CA
:10DD100008980999FAF74CFA002801D000F06AFC3B
:10DD2000039A0021531C9A4631234046137002F097
:10DD3000E5FB079B02330A934946404602F0DEFBAF
:10DD4000002352460A9913702A9B19602C9B002BC2
:10DD500000D186E51A6084E5109B002B01D000F00D
:10DD600060FC0A9B002B49D10C9B002B00D193E156
:10DD70000A9D49460C9A404602F0F4FD0121814675
:10DD8000404602F0FDFC0B9B0890002B51D0002375
:10DD900000240B9E0A950B9332004046089902F02E
:10DDA000E1FD289B0890012B00DC62E10026089A27
:10DDB00013699B00D318186902F06AFC20231B1A10
:10DDC0003BE020222000D31A984070E500230793FF
:10DDD0005B46002B01DA00F002FC079A9B189B4679
:10DDE00000230B920D930C930A93BEE5079B013B16
:10DDF000079392E56F4B03930333DFE55B46002BFC
:10DE000000D165E10A990B00594500DD5B460A9A8D
:10DE1000D51A5A46D31A9B460C9B002BA9D1012137
:10DE2000404602F0ADFC0B9B0890002B01D000F0A7
:10DE30007CFD002600240A9501331F2211005B445B
:10DE400019401A4200D15FE11B2900DD70E21C235A
:10DE50005B1A0A9AED1894469C446246DC469C4440
:10DE6000E3460A92002D05DD49462A00404602F0AD
:10DE7000F5FD81465B46002B05DD1A0040460899FA
:10DE800002F0ECFD08900D9B002B00D02FE2069BCA
:10DE9000002B00DC06E20B9B002B00D045E1079B2A
:10DEA00001330A93039B4D465F1E089BA246012641
:10DEB0003C009946069F07E0290000230A224046BD
:10DEC00002F042FB0500013649462800FFF7D6FB69
:10DED0003030A055BE42EFDBA94606005446069BF3
:10DEE0000025002B00DD5D1E0027039B0133ED188C
:10DEF00049460122404602F0B1FD0899814602F0F0
:10DF000023FE002800DCA8E0039902E08D4200D146
:10DF1000E1E22A00013D2B78392BF7D092460133FC
:10DF20002B704046089902F0E9FA002C00D103E773
:10DF3000002F05D0A74203D03900404602F0DEFA98
:10DF40002100404602F0DAFAF6E6194BD2009B189F
:10DF500060CB089809992A00330004950596FAF7D2
:10DF6000B8F8FAF75BF90400FAF740F92A00330031
:10DF7000FAF7CDF802000B0008980999FAF797F81C
:10DF8000039B30345A1C1C70012392465B4206935B
:10DF9000039B0127013B9B464B46D14608932BE050
:10DFA0000000F03F00001C400000C0FC00001440D6
:10DFB000983F011070390110049A059B2000290038
:10DFC000FAF787F8FAF72AF90600FAF70FF9049A30
:10DFD000059BFAF79CF802000B0020002900FAF7D5
:10DFE00066F80123994433005A4630330137D3553C
:10DFF000069BBB4200D175E30022D04BFAF787F8AD
:10E000000022002304000D00FAF7C4F80028D3D042
:10E01000089BCA469946079B01330A938CE6022B5C
:10E0200000D183E2032B00D04BE5002301241093A1
:10E03000E4E4C34B089809990CCBFAF7B3F800282D
:10E0400000D1C3E6002E01DA00F076FC00230D9328
:10E05000013B079300230A93E2E5002802D1F6076B
:10E0600000D551E72A00013D2B78302BFAD092469B
:10E0700057E7049B002B00D098E6059B1B0300D0BC
:10E0800094E6B04B059A134200D18FE65B4601330C
:10E090009B46012601358AE60121404602F070FBCD
:10E0A0000B9B0890002B01D000F038FC00260025C7
:10E0B00000240133C1E6A44B0E401A6A5B6A08983B
:10E0C0000999FAF706F803230E900F919A46D6E4C1
:10E0D0000C9B002B00D04BE60121404602F050FB88
:10E0E0000B9B0890002B01D000F053FC002600246D
:10E0F0000A9D0133A1E6954A0C9F9B1800222992A4
:10E10000013A06921492FFE41C23A2E600232100A8
:10E110000A22404602F018FA149B0400002B01DC8E
:10E1200000F03EFC149B079506930A9B002B05DD2F
:10E1300021001A00404602F091FC0400A346002E84
:10E1400000D0AAE2069A039B94461F00013B9C4420
:10E1500063460A93012346464D46B846049A1A4040
:10E160000C92089B280019009946FFF787FA2100B6
:10E1700007000B90280002F0E7FC494606905A463B
:10E18000300002F007FDC36881463037002B36D1DE
:10E190000100280002F0D8FC82464946300002F017
:10E1A000ADF95346289A13435DD10C9B002B00D147
:10E1B00090E3069B002B00DA98E301234344994641
:10E1C00043461F700A9B434500D157E329000023B3
:10E1D0000A22300002F0B8F9002305000A222100CB
:10E1E00030005C4539D002F0AFF9594604000023F5
:10E1F0000A22300002F0A8F9C8468346B1E732008F
:10E20000010010003E004746904602F077F9069B59
:10E21000A946002B07DB0123049A069D1340289A88
:10E2200015432B4331D149460122404602F016FCEA
:10E230000899814602F088FC002800DC86E3392E2C
:10E2400000D134E30B9E31367B1C9A46079B3E700F
:10E25000013327000A935C4663E602F075F9C8466D
:10E26000040083467DE7069B002B00DAC5E3289A6D
:10E2700013430C9A134300D1BFE35346002B9CDD9C
:10E280003300A9463E0047469846392E00D10EE39A
:10E290007B1C9A46079B013601333E700A93270088
:10E2A0005C463EE6289B022B00DCF4E5069B002B37
:10E2B00000D0E4E108990522404602F045F901004A
:10E2C0000890484602F040FC002800DCD7E1039AA1
:10E2D0004046531C9A4631230899137002F00EF9F8
:10E2E000079B02330A93002C00D029E624E5484618
:10E2F000089902F029FC002800DBC8E5079B494685
:10E300000A2240465D1E002302F01EF90B9B814647
:10E31000002B00D0FAE6149B002B00DC28E3079BBF
:10E3200007950A93149B0693BCE501230B9384E5A0
:10E330001C2900D196E53C235B1A8AE500002440A5
:10E34000983F01100000F07F703F0110330400007F
:10E35000069B002B00D1CFE2149C002C00DCB4E41F
:10E36000079B0022013B300039001593D64BF9F78B
:10E37000CEFE060050460F000130F9F737FF32009D
:10E380003B00F9F7C4FE0022D04BF9F799FED04AC2
:10E39000129013918B1813930E94129B139C169347
:10E3A000179430240E98CB49431EDB00CB18300065
:10E3B0001B9106CB189119923900F9F72FFFA4464B
:10E3C000844464461A94F9F711FF02000B003000F0
:10E3D0003900F9F76CFE189A199B039F0400781C0A
:10E3E0000600129010980D00002800D1E3E10020F3
:10E3F000B949F9F76EFE169A179BF9F758FE1A9B62
:10E4000022003B702B0010901191F9F7D9FE0028E3
:10E4100000D0D2E200234A4699464346B246109EB7
:10E42000119F1692109333E0012399440E9B994556
:10E4300000DBEAE0002230003900A34BF9F767FE69
:10E440000022A14B06000F0020002900F9F75FFE13
:10E450000D000400F9F7E2FE8046F9F7C7FE02005E
:10E460000B0020002900F9F722FE534601339A469B
:10E4700043460D0004004946039A303353542000AC
:10E4800032003B002900F9F78DFE002800D066E23B
:10E4900022002B0000209149F9F709FE32003B00D1
:10E4A000F9F780FE0028BFD0169B56469946109B70
:10E4B0000399984602E08E4200D1F1E13200013E1C
:10E4C0003378392BF7D09246039101333370159B83
:10E4D00001330A9330E431239246039A1370079B69
:10E4E00002330A931DE50C9BDF1B069B002B01DB0F
:10E4F000FFF70AFB0A9D069B01214046EE1A02F037
:10E500003FF904000A965B46002B01DCFFF70AFB8B
:10E510000A990B00594500DD5B460A9AED1AD21A9A
:10E520000A925A46D31A9B46FFF7FCFA01240023AD
:10E530001093299B002B05DD299B1D001493069346
:10E54000FFF766FA002300214046736001F090FF58
:10E550000390002800D15CE24346039ADB691A600D
:10E560000123149306932993FFF770FA01240123E2
:10E570001093DEE7079B002B00D18BE108980999E7
:10E580000F225C422240534BD2009B180CCBF9F770
:10E59000BEFD241106000F00002C00D109E2022369
:10E5A0004F4D9A4601E0641008350123234204D1FF
:10E5B0006410083501232342F5D05346013330005F
:10E5C00039009A462A686B68F9F7A1FD64100600C5
:10E5D0000F00002C01D1FFF737FB0835EAE70123D4
:10E5E000DB1B0A93079B9B460B9300230D930C9315
:10E5F000FFF7BBF90021404601F080FF299B5B42F9
:10E600000A93039B9A46FFF797FB169B9946109B2C
:10E6100098461D9B002B00DAE5E1079B0E2B00DCE2
:10E620001AE1069B5F1E0C9BBB4200DB5BE70B9A6B
:10E630000C9B9446FB1A069A0A9E9C446346944699
:10E640005A46350062440121404693460B93654487
:10E6500002F096F80400002E02D10C97FFF769FA39
:10E660000A990B00594500DD5B460A9AED1AD21A49
:10E670000A925A46D31A9B460C97FFF75AFA40461D
:10E68000089901F03BFF299B5B420A93039B9A4642
:10E69000002C00D054E4FFF74FFB4046616801F0C6
:10E6A000E7FE051E00D192E1210022690C31023201
:10E6B00092000C30FAF732FA01222900404602F0AB
:10E6C000CDF983463EE5C0460000244000001C40D2
:10E6D0000000C0FC983F01100000E03F0000F03F48
:10E6E000703F0110089BCA46994602000B00F9F7DB
:10E6F000E7FC079B040001330A93049A059B0D0075
:10E70000F9F75EFD00280DD1049A059B2000290031
:10E71000F9F740FD002801D1FFF70EFBF60701D401
:10E72000FFF70AFB079B564603991593C6E601239C
:10E730000B93FFF731FB21003A00404602F012F93B
:10E740004A4601000400404602F030F8824649463D
:10E75000404601F0D3FE0C9BD146DB1B0B9E0C9375
:10E7600001D1FFF7EDF9FFF7E4F9039B01331293B1
:10E77000049A059B089C099D20002900F9F7A9FC33
:10E78000F9F74CFD0600F9F731FD049A059BF9F7FE
:10E79000BEFC02000B0020002900F9F788FC129B48
:10E7A000039A9A46330030331370069B012B01D035
:10E7B000FFF7EEFB99E716981799F9F7A8FC1A9B53
:10E7C000109011910399129F0B700E9BCA189246DC
:10E7D000012B1DD00022944B20002900F9F797FC53
:10E7E0000D000400F9F71AFD0600F9F7FFFC02001E
:10E7F0000B0020002900F9F75AFC30363E70013733
:10E8000004000D005745E5D1129B5E1E0E9BF618C5
:10E81000002210981199854BF9F752FC22002B0029
:10E82000F9F7C0FC002800D097E0109A119B002057
:10E830007E49F9F73CFC22002B00F9F7C1FC0028C7
:10E8400011D11D9B002B01DAFFF78BFA079B0E2BD2
:10E8500001DDFFF786FA079B1B9ADB00D31818CB64
:10E860000493059484E73300013E3278302AFAD0CD
:10E870009A46159B01330A93FFF75EFA4B46A94669
:10E880001D00079BB04601333E000A9327005C46FB
:10E89000FFF72EFB0223089E099F9A46FFF7D4F943
:10E8A000159B924601331593039131230EE63923CC
:10E8B0003B70079B7D1C0133270003995C460A933C
:10E8C000FFF727FBDB1B0A9300239B4601330D93C5
:10E8D000FFF7A6F93300A9463E0047469846392E71
:10E8E000E5D0069B002B00DDACE4ADE43300A94687
:10E8F0003E0047469846A7E45046F9F777FC3200B9
:10E900003B00F9F704FC0022494BF9F7D9FB494ACF
:10E91000129013918B181393FFF7B9F900230B9EF4
:10E92000002500240B93FFF737FA00230B9E0024E9
:10E930000B930A95FFF730FA0123DB1B0A930023A0
:10E940009B460D93013B0793FFF76AF9002800D01F
:10E950007AE4F30700D572E476E40399AEE5169BFA
:10E960009946109B9846159B01330A93FFF7E4F9EB
:10E97000289B022B19DC0899FEF780FE039B3030A0
:10E980001870149B06000693079B07950A93FFF7E0
:10E99000A6FA00230B9E00240A9D0B93FFF7FCF9B7
:10E9A000289B022B01DCFFF7BDFB149B0795069308
:10E9B0007CE402239A46FFF747F9159BB2460133E0
:10E9C0000A93FFF7B9F900217160FFF72FF82A00C9
:10E9D000194B1A481A49FCF727FB3200EF21194B53
:10E9E0001648FCF721FB069B5F1E0C9BBB4200DA1E
:10E9F0001DE6DF1B069BFFF787F8330050463E00FD
:10EA0000A94647469846002801DDFFF70CFCFFF7B2
:10EA10001BFCB0210022084B0848FF31FCF704FB27
:10EA2000094B0393FEF71DFF000024400000E03F68
:10EA300000001C400000C0FC143901108C3901108A
:10EA4000EF020000743901106439011070B505003F
:10EA5000080011000022064C22601A0003F03EF864
:10EA6000431C00D070BD2368002BFBD02B60F9E75E
:10EA7000FC160020F8B505000C1E45D0002802D079
:10EA8000036A002B4DD0FCF747FC01210C22A35E4A
:10EA9000A26E0A4234D158229446A44467469B058C
:10EAA00042D52100280002F0D7FA236B0600002B84
:10EAB00004D02800216A9847002828DBA3891B0678
:10EAC0002AD4616B002908D023004433994202D034
:10EAD000280002F0C4FF00236363A16C002904D066
:10EAE000280002F0BCFF0023A3640023A381A36ECF
:10EAF000DB0728D5380002F07BFFFCF715FC04E0AB
:10EB0000002B24D1FCF710FC00263000F8BD0126B4
:10EB1000A38976421B06D4D52800216902F09FFF05
:10EB2000CFE7FCF7DDFBAEE7380002F062FF0C2216
:10EB3000A35E002BB5D10122A36E1342E2D13800AF
:10EB400002F05BFFDEE7380002F057FFD2E7582300
:10EB50009C46A4446746A4E710B5034B010018681F
:10EB6000FFF788FF10BDC046900D0020F0B5574656
:10EB7000DE464E464546E0B58346894692461D0030
:10EB80001F0083B0242B3DD8012B3BD00B00082065
:10EB9000494E1A0014780133315D0842F9D1984684
:10EBA0002D2C00D172E02B2C38D0444B0093002345
:10EBB0000193002D4ED1302C00D170E00A270A2598
:10EBC00039000098F9F738F8434606008C460020D3
:10EBD00000212200303A092A07D9113A192A03D90B
:10EBE0002200613A192A21D80A3295421EDD4C1CB6
:10EBF00005D086422BD328D00121784310181C78E9
:10EC00000133E6E700F07AFC16230360002003B02E
:10EC1000F0BCBB46B246A946A046F0BD1C78931C8A
:10EC20009846264B009300230193C2E74A1C23D049
:10EC3000019A002A00D040425246002AE7D000291B
:10EC400036D153464A461A60E1E79445D4DA0121A9
:10EC50004942D4E7102DB3D11027302CB0D1434610
:10EC600020221B789343582BAAD143465C78022379
:10EC7000102710259844A3E7222259460A605246DD
:10EC8000002A17D0013B99460098DAE71C78931CBC
:10EC9000984680231B0600930123019389E743468E
:10ECA00020221B789343582BDFD00827083587E7AD
:10ECB0000090E7E70098AAE7613C0110FFFFFF7FA3
:10ECC00010B5FFF753FF10BD844610B51300034A7B
:10ECD00010680A006146FFF749FF10BD900D002043
:10ECE000844610B51300034A10680A006146FFF716
:10ECF0003DFF10BD900D0020F0B54546DE4657465D
:10ED00004E46E0B5936883B00C0090460090002B0F
:10ED10002AD00C23CA5E13072ED50B69002B2BD0EB
:10ED200043461E68930734D5B04B0027002599460B
:10ED3000002D15D02B004D4500D9AC4BA26A216A9D
:10ED4000924600983A00D047002800DCB4E04346E1
:10ED500042469B681B1A936006D03F182D1AE9D1D2
:10ED6000376875680836E3E7002003B0F0BCBB469F
:10ED7000B246A946A046F0BD2100009800F026FC4E
:10ED8000002800D09DE00C23E25E43461E689307F6
:10ED9000CAD4D30700D597E080210023890000253D
:10EDA0008B4699462368002D4FD059461800A76816
:10EDB0000A4255D0BA46AF4200D9DDE09021C900E1
:10EDC0000A422ED0606921695F1A43001B18D80FD0
:10EDD000C3185B109A467B1C5B195046019753453C
:10EDE00001D99A461800520500D4E3E001000098CA
:10EDF00002F007FE071E00D1F1E0019A2169F9F740
:10EE00008DFEA3897A4A134080221343A381524680
:10EE1000019B2761F818AA462F00D31A206062616F
:10EE2000A36052464946FEF71FFB42464146A3688F
:10EE3000DB1BA36092682368521B534423608A60E3
:10EE4000002A00D190E70C21625E3168756889461E
:10EE50000836002DF9D059461800A7680A42A9D1F2
:10EE600022699A4271D362699246AA426DD8614B77
:10EE700028009D4200D918005146F8F7B5FE5346C8
:10EE80004A464343216AA76A0098B847002813DD21
:10EE90000700434642469B68ED1BDB1B936000D195
:10EEA00062E70C23E25EB94423687CE72100009806
:10EEB00002F07CF900282BD00C22A35E40221343E1
:10EEC000A3810120404250E700230027B1460020E3
:10EED0009A461E00002F25D000282BD03300BB46B9
:10EEE0009F4200D99B46206822696369904203D9FA
:10EEF000A5685D19AB454FDC5B4540DCA56A524611
:10EF0000216A0098A847051ED6DD0120761BCDD0CA
:10EF1000434642469B685B1B936000D124E7AA44AA
:10EF20007F1BD9D14B4608225F689144002FF9D04E
:10EF30001B689A463A000A21504600F0ADFB0028B3
:10EF40004AD053460130C61AC8E7AF4200D92F0055
:10EF50003A0018004946FEF787FAA2682368D21BD8
:10EF6000DB19A2602360002A93D12100009802F0EF
:10EF70001DF900288DD09FE72F00AA4651E75A4679
:10EF80005146FEF771FA5A46A3685D469B1AA36084
:10EF900023685B442360B8E751462A00FEF764FA11
:10EFA000236821005B190098236002F0FFF8002815
:10EFB000ABD081E70200009802F041FD071E00D0AF
:10EFC00025E7009D2169280002F049FD8022A389E0
:10EFD0009343743A2A6071E77B1C1E007FE70C2381
:10EFE000009A13600C22A35E68E7C04600FCFF7F16
:10EFF0007FFBFFFFFFFFFF7F70B5E025014C6459E9
:10F00000A04770BDEC0D0020002909D0FF2A02D8CE
:10F0100001200A7070478A23036001204042F9E70B
:10F020000020F7E7002370B5064C050008002360B8
:10F0300002F024FD431C00D070BD2368002BFBD0E0
:10F040002B60F9E7FC16002010B5034B010018688F
:10F0500002F0D7FC10BDC046900D002010B5034B48
:10F060000100186802F0FBFC10BDC046900D0020A6
:10F0700070B50500080011000022064C22601A003D
:10F0800002F024FD431C00D070BD2368002BFBD090
:10F090002B60F9E7FC160020030084469B070BD089
:10F0A0000300032102E001330B4206D01A78002A44
:10F0B000F9D16246981A7047030019680C4A0D4846
:10F0C0008A188A4302420FD15968094A04338A18C0
:10F0D0008A43024208D15968054A04338A188A4390
:10F0E0000242F1D000E001331A78002AFBD1E0E7B8
:10F0F000FFFEFEFE8080808010B5002A2AD003002B
:10F100000B439B0715D1032A13D9144B9C460CE0E3
:10F11000043A002A1ED0124C1C199C4363461C4220
:10F1200018D104300431032A03D903680C68A342C0
:10F13000EED003780C78013A8218A34208D00BE095
:10F14000002B07D043784C7801300131A34203D122
:10F150009042F5D1002010BD181BFCE78080808014
:10F16000FFFEFEFE936810B5013B9360002B04DAAE
:10F170009469A34207DB0A2905D01368581C106064
:10F180000800197010BD02F083F8FBE7F8B506001F
:10F190000D001400D718002B03D10AE00134BC4243
:10F1A00007D02A0030002178FFF7DCFF431CF5D19F
:10F1B000F8BD0020FCE7C04610B51400926800239B
:10F1C000002A05D02200FFF797FD00220300A2606D
:10F1D00000221800626010BDF0B557464E46454605
:10F1E000DE46E0B58246894615001C009DB0002829
:10F1F00003D0036A002B00D166E14B460C229B5ED4
:10F200004A46926ED20702D49A0500D454E11B07F5
:10F2100000D4C2E04B461B69002B00D1BDE00023A7
:10F220002A0004AE7361203373761033B3760394EF
:10F230001378A74F002B00D19EE0140004E0637800
:10F240000134002B00D1C1E0252BF8D1A31A984638
:10F25000944200D0BEE02378002B00D18CE0012343
:10F2600000225B420492059300220023069207933A
:10F2700000234332B354B36501339846013405E0AB
:10F280004346C01B83402C001343336005223800E3
:10F29000217800F001FA651C32680028F0D11300D3
:10F2A000DA0602D543222021B1541A0702D543229F
:10F2B0002B21B15421782A2900D0A1E0039A111DF5
:10F2C00012680391002A00DAC7E0F26029782E293B
:10F2D00000D1AAE07F4C0322200000F0DDF9336862
:10F2E000002805D04022001B8240134301353360C3
:10F2F000802229781A4208D06C2906D193438022B3
:10F300001201134333606978013540221A4208D054
:10F31000682906D19343C132FF32134333606978C1
:10F3200001357A294FD074294DD06A2906D180231E
:10F3300032681B0113433360697801350622664841
:10F34000317600F0A9F9002800D18CE0634B002B46
:10F3500000D17AE003AA009231004A465046604B41
:10F36000FDF7F4F9431C07D073696A1C1B1873611D
:10F370001378002B00D060E74B469B6EDB0700D470
:10F3800090E04B469B895B061AD470691DB0F0BCB7
:10F39000BB46B246A946A046F0BD4946504600F0DD
:10F3A00015F9002800D13AE74B469B6EDB0707D4DE
:10F3B0004B469B899B0503D44846583002F01DFB01
:10F3C00001204042E2E769780135AEE7A31A98468A
:10F3D0009442D1D0BB4600255746A24614004A4667
:10F3E0003800615DFFF7BEFE0130C5D00135A8458C
:10F3F000F5D8736954464344BA4673615F462AE7B9
:10F40000080030382500092800D960E7F268930029
:10F410009B185B001A18F2606978013508003038D3
:10F420000928F4D92E2900D054E76B782A2B23D150
:10F43000039B1A1D1B6803927360002B02DA0123E1
:10F440005B427360A978023544E70722039B0020E2
:10F45000073393430833039386E75242F260022254
:10F460001343336032E703AA009231004A46504604
:10F470001B4B00F057FE75E7002373606978013578
:10F4800008003038092800D924E71A0093009B1897
:10F490005B001A1872606978013508003038092855
:10F4A000F4D917E74B469B899A0500D56BE7484688
:10F4B000583002F0A2FA64E74846583002F099FA50
:10F4C0004B460C229B5EA2E6FBF70AFF95E6C04680
:10F4D000C8390110D0390110D43901104DC70010BE
:10F4E0008DF10010844610B51300034A10680A001D
:10F4F0006146FFF771FE10BD900D0020014B1868AA
:10F500007047C046900D0020024670B50A4392072E
:10F510002AD11E4DEE0104C808C9541B944334403F
:10F5200017D0D0B2D9B2401A2106014310D190B2FF
:10F5300099B2401A210401430AD110021902000AAB
:10F54000090A401A2102014302D1100E190E401A75
:10F5500070BD9A42DFD010BA19BA884201D9012091
:10F5600070BD0020C04370BD02780B7801300131BE
:10F57000002A09D09A4207D102780B780130013174
:10F58000002A01D09A42EFD0D01A70BD01010101CA
:10F590000CB400B583B004AB04CB0193FFF71CFEA1
:10F5A00003B008BC02B018470EB400B582B003AB7C
:10F5B0000100054804CB00680193FFF70DFE02B07F
:10F5C00008BC03B01847C046900D0020314B70B501
:10F5D000050018680C00002802D0036A002B4DD0EB
:10F5E0000C22A35E1A070FD52269002A16D00C211F
:10F5F000635ED90723D50021A16061694942A161F9
:10F60000002A23D0002070BDDA063AD55A0720D44C
:10F61000226908210B43A381002AE8D1A020802180
:10F62000A3898000890003408B42E0D0210028009C
:10F6300002F01CF90C21635E2269D907DBD400219A
:10F64000980700D46169A160002ADBD11A06D9D5D8
:10F6500019E0616B00290AD022004432914204D0A3
:10F66000280002F0FCF90C22A35E0022626324222F
:10F6700093430022626022692260CAE7FBF730FEF2
:10F68000AEE709222A60402201201343A3814042B1
:10F69000B9E7C046900D002010B58C46CCB2830768
:10F6A0000CD0032106E00378A34206D00130013AD2
:10F6B000084203D0002AF6D1002010BD032A14D935
:10F6C0006346FF2119400B0259188C460B049C44D9
:10F6D000614603684B400A4959189943094B19423E
:10F6E00005D1043A0430032AF2D8002AE4D0821863
:10F6F0000378A342E1D001309042F9D1DCE7C04663
:10F70000FFFEFEFE80808080F0B54E464546DE4618
:10F710005746E0B51600AE2289B007938B680C00FF
:10F72000591E80465200914200D86FE1F0222168B4
:10F73000D2000A431C218C465E3BFF3B06935E23AE
:10F74000A444E146FF33A360226000229246049263
:10F75000059200920392C64A4D46002793463268AE
:10F7600011780A002B3AD2B24E2A0FD8584692008E
:10F77000825897465346002B00D105E1022B00D159
:10F780005CE11223FB40DB0700D5FAE0009B002B75
:10F7900000D087E05346013B012B00D88BE07B1E55
:10F7A000062B1FD8022F00D86CE1032F1AD02B0094
:10F7B000B2462E0025001C00BE23013C5B00EB5826
:10F7C00052464046217898472B69013B2B61E3194B
:10F7D0009B1BDBB2032BEFD12C00751E5646043F5A
:10F7E000FFB2ED1B2368DA051FD55B0500D55BE191
:10F7F00023696A1E1178013B2361652900D12CE140
:10F80000452900D129E1BE235B00E3583200404680
:10F8100098472369023D013B29782361BE235B00A1
:10F82000E3583200404698472368102216001E40D5
:10F830001A4200D1BAE00026300009B0F0BCBB4645
:10F84000B246A946A046F0BD2268D00500D5D0E05A
:10F850005346DB19002B99D12368864A00271340B1
:10F86000236000239A462970A3680135013BA360F9
:10F870002369013323617368013B7360002B72DDE0
:10F88000336801333360A368002B00D067E7009B27
:10F89000002B00D17EE705E0002F6DD1009B002BEF
:10F8A00000D1BEE02368744A134023605346013BF5
:10F8B000012B00D973E74D450CD9BE277F00013DD0
:10F8C000E35932004046297898472369013B236178
:10F8D0004D45F4D10126AFE7802223681A4200D1BA
:10F8E00054E793432360BEE7062F00D04EE7072777
:10F8F000B9E7072F00D049E70827B4E7022F00D067
:10F9000044E70327AFE7A02280202368D2001A40F3
:10F91000C000824206D0034200D137E7009A002A95
:10F9200000D137E79A0504D4009A03980495121A77
:10F930000592524A1340C022520013432360002311
:10F94000009390E75346012B00D01FE702239A460D
:10F9500089E723689A0500D418E7494A13402360D1
:10F96000009B03937FE7C0235B0031004046E358D0
:10F970009847002887D009E7FD22FB1E134200D0DC
:10F9800004E70137FFB26EE7009B002B00D0F8E6DA
:10F990002268E0231000DB001840984200D0F0E617
:10F9A000364B1A40012322609A465CE7C0222E7033
:10F9B0002368D20013408022D200934244D0059B9A
:10F9C000002B00D093E0002249464046FCF708FD9A
:10F9D000079D22682B6800900191191D90073ED564
:10F9E00029601B680099019A06C3E3680133E3604C
:10F9F00022E780218A432260009A01320092069A0F
:10FA0000002A1ED0069A013A069230E7F0222168B9
:10FA1000D2000A431C218C460021A444E1460691F1
:10FA200092E62268E0231000DB001840984200D0E4
:10FA3000B0E6124B01371A40226014E703239A46BE
:10FA400011E7A368013B12E7009B039A9342BAD0E7
:10FA50001300009A04959A1A52E01500DEE6520748
:10FA600034D5079A11601B680099019A06C3BCE758
:10FA7000643D01107FFEFFFFFFFEFFFF7FF8FFFFE9
:10FA80007FFDFFFFBE277F004D4500D822E7013DE7
:10FA9000E35932004046297898472369013B2361A6
:10FAA0004D45F4D10126C7E64D4500D812E7BE27E3
:10FAB0007F00013DE3593200404629789847236989
:10FAC000013B23614D45F4D10126B5E6079A11604B
:10FAD0001D680098019902000B00F8F776FB0028DA
:10FAE0001FD100980199F8F701FC28607DE7049B7D
:10FAF0000022591C40460A23FFF7E2F8059BC21A70
:10FB0000230004997033FF33994205D3B7235B0078
:10FB10009C46A444634604930449049801F084FE7F
:10FB200051E7034800F04AFA28605EE7DC3901102B
:10FB3000B8380110844610B5026808E01378013126
:10FB40001C00413C192C00D82033834207D108788F
:10FB500001320028F2D1634601301A6010BD002046
:10FB6000FCE7C046F0B51F245746DE464E464546E4
:10FB700092460A682100E0B50300501187B080006A
:10FB8000114050440391144200D09FE00400021F32
:10FB90000020211F0860186802914178002900D1D7
:10FBA000ACE0002601906748170014000D00914654
:10FBB000B046020000210198049315E0202D00D9E1
:10FBC00094E046450CDDBC4201D207295DDD0821E9
:10FBD000A24505D2271F0023B0463C0000213B6010
:10FBE00085780130002D12D0535D002BE6D0013115
:10FBF0000136082941DC25682D01AC460F252B4034
:10FC000065462B43236085780130002DECD10D0033
:10FC10004A46002E00D171E0BC4202D2072D00DC22
:10FC200076E0A24555D25046230002CB02C09A424C
:10FC3000FBD2601C551C0023854265D2514600242E
:10FC4000081D1B18190004330C609342FAD9029B5B
:10FC50001B685146002B04D007E0043A1368002BC0
:10FC600003D19142F9D101230B60052007B0F0BC0C
:10FC7000BB46B246A946A046F0BDA245B0D200217F
:10FC8000043C8C4621600131B8E708335B1A9B00C5
:10FC90009C46202361465D1A0194210023682C00B4
:10FCA000554683469246604605954A681500A5402C
:10FCB0001D431300C3400D604B600431B942F4D3BF
:10FCC000059B524658469A46019C80E70200041D57
:10FCD0005EE7029903980B680028BAD02024241A02
:10FCE00001204042E04003400B60B2E7AC460D000B
:10FCF00061464A46049B0190292901D00420B5E7BA
:10FD000001980230186084E7141BA408A30095E74B
:10FD100008235B1B9B0019001E0020235B1A9846DA
:10FD20002368944625004246190068680300934002
:10FD30000B430100F1402B6069600435BD42F4D3F0
:10FD400062466EE7603B0110C36B10B50400002BE8
:10FD500001D0002010BD802101F053FEE063002897
:10FD600006D002000023803208C09042FCD1F0E7A8
:10FD700001204042EEE7C04670B505000C001600B9
:10FD80001F2907D8C06B002809D0A40004192068D7
:10FD9000266070BD1623036001204042F9E78021F0
:10FDA000280001F02EFE010003000022E8638031EC
:10FDB0000028F1D004C38B42FCD1E6E770B5050002
:10FDC0000C001F291ED8C36B002B0ED08A009B1875
:10FDD0001A68002A09D0012A05D0511C0ED0002132
:10FDE000200019609047002070BD280001F030F914
:10FDF00022000100280001F017F9F5E7162303603F
:10FE00000120F1E71623036001204042ECE7C046E1
:10FE100070B505000C001F2926D8C06B002810D033
:10FE2000A300C0180368002B09D05A1C1AD0012B5C
:10FE300016D00022026020009847002070BD0120EB
:10FE4000FCE78021280001F0DCFD01000300002216
:10FE5000E8638031002807D004C38B42FCD1DFE780
:10FE60000320EBE70220E9E701204042E6E7C04635
:10FE7000144B70B504001D681F281DD8EB6B002BB8
:10FE80000DD082009B181A68002A08D0012A04D0DD
:10FE9000511C0DD0002119609047002070BD280032
:10FEA00001F0D6F822000100280001F0BDF8F5E7C6
:10FEB000162301202B60F1E7162301202B6040421E
:10FEC000ECE7C046900D0020114B70B504000E0009
:10FED0001D681F2807D8E86B002809D0A400041962
:10FEE0002068266070BD16232B6001204042F9E790
:10FEF0008021280001F085FDE8630028F5D001008D
:10FF000003000022803104C38B42FCD1E6E7C046E7
:10FF1000900D00200C4B10B51C68E36B002B01D03A
:10FF2000002010BD8021200001F06BFDE06300285F
:10FF300006D002000023803208C09042FCD1EFE7D7
:10FF400001204042EDE7C046900D002070B504004E
:10FF50001F2828D8154B1D68E86B002810D0A30077
:10FF6000C0180368002B09D05A1C1AD0012B16D0D8
:10FF70000022026020009847002070BD0120FCE7AD
:10FF80008021280001F03DFD010003000022E8630C
:10FF90008031002807D004C38B42FCD1DFE7032067
:10FFA000EBE70220E9E701204042E6E7900D002060
:10FFB000002001497047C0460000F87F00487047A4
:10FFC0000000C07F70B50500080011000022064C3B
:10FFD00022601A0001F04FFD431C00D070BD236861
:10FFE000002BFBD02B60F9E7FC160020F0B54F4644
:10FFF0004646D646914698468A680B69C0B50C00BD
:020000041001E9
:100000000700089E934200DA13004A461360432219
:10001000A25C002A02D04A460133136023689A0684
:1000200057D54B4606201A6802321A602368190019
:10003000184208D119208446E168A444E24600250C
:1000400091423EDC19004323E35C5A1E934189062A
:100050000AD53020E1184331087045215A1C615CF3
:10006000A218433202331170220041463800433255
:10007000B047431C19D006202368A26821690340B9
:10008000042B2ED08A4238DD00239946521A91441F
:1000900000251A3402E001354D452EDA01232200F5
:1000A00041463800B047431CF5D1E0BCBA46B146E2
:1000B000A846F0BD4A46E368126801359B1AAB4278
:1000C00028DD0123524641463800B047431CF1D198
:1000D000EBE706221A4212D04323E35C5A1E9341F7
:1000E000C2E74846E36800681B1AD843C0171840A7
:1000F00081468A42CADC002BCADC0020D5E71920E1
:100100004A4684461268E168A444E24600259142CA
:10011000D7DC97E743232168E35C5A1E93418906A5
:1001200097D4A1E7F0B5DE464E4657464546E0B5C2
:1001300089B0029343239C46049203908C440E00A2
:10014000097EE346129A00290AD00B00533BDBB22A
:10015000252B45D8C3489B00C3589F460B681860A1
:1001600000235F463361029C039D049B31002800FD
:10017000009407AA9846FFF739FF431C25D03A00A0
:100180003369414628002F000294A047431C1CD02D
:100190003268F068079B92071ED598421CDD350037
:1001A000029BB146002446461935984606E04B4668
:1001B000D868079B0134C21AA2420DDD01232A0030
:1001C00031003800C047431CF1D109B0F0BCBB4638
:1001D000B246A946A046F0BD9842F6DA1800F4E708
:1001E0003700422301204237F1544323002230617B
:1001F000F254B8E71368191D11601F680021380018
:100200007268FFF749FA002800D10DE1C01B706049
:10021000EBE731681368080600D5BAE0480600D558
:10022000DDE0880500D411E1181D1B7810605BB279
:10023000DD171C002B00B2E031681368080600D5FA
:10024000B4E0480600D5C5E0880500D4F4E0191DE7
:1002500000251C781160ADE013683700191D11608E
:100260001A68422301204237F254BEE72023316846
:100270000B4333604521782070547B498A461168CE
:10028000180647D4580678D50025081D0C8810603C
:10029000DA0702D520221343336023002B4303D116
:1002A00020223368934333601023059343230022B5
:1002B000F2547368B360002B31DB042132688A4347
:1002C000326022002A432AD15F46002B00D0ADE0E5
:1002D000059B082B42D05B46DB1B336143E7336849
:1002E000C8E7116833680C1D706914601D0600D5DD
:1002F00034E75D066BD49B0500D42FE70B681870BC
:100300002EE745235821F154336858498A4611682D
:100310001806B7D5081D106000250C68B8E7059BC6
:100320009946DB17984633005F464646984601E0FB
:100330009E421ED0200029004A463300F7F7BAFC3F
:1003400053469B5C013F22003B7004002B000D00D4
:100350009E42EDD94646059B082BBCD13368DB078E
:10036000B9D5726833699A42B5DC3023013F3B70DE
:10037000B1E79145DED94646EDE7980522D4180548
:10038000C8D5072007318143080030C90830106004
:100390007EE7181D10601B68DD171C002B00002B6A
:1003A00025DB324B9A460A23059382E70025191D67
:1003B00011601C68337E6F2B31D02C4B9A460A2378
:1003C000059373E7081D00250C78106060E70B6843
:1003D0001880C5E6191D00251C881160EAE7181D64
:1003E000106000229B5EDD171C002B00D7E7220067
:1003F0002B002D20002554429D4143227768B054A4
:10040000B760002F02DB0423994331600A23994629
:1004100000239846154B9A460A23059383E7134B0E
:100420009A460823059341E77068DEE65346370095
:100430001B7842373B704BE70905B7D507210733D7
:100440008B43190030CB08311160B3E70805A0D504
:100450000720073383431800083313604368046898
:100460001D009CE7A03E0110F8390110E43901108D
:1004700070B5C46905000E00002C0DD0E06800289E
:1004800015D0B300C318186800281FD002681A607E
:1004900000230361C36070BD1020FEF7D5FD041E6C
:1004A000E86120D00023436083600360C3602122A1
:1004B0000421280001F0B3FAEB69E060D868002855
:1004C000E9D0B300C31818680028DFD10124B44074
:1004D000621D01212800920001F0A1FA0028DAD063
:1004E00046608460D4E722006B21024B0248FAF791
:1004F0009BFDC046743901100C3A011070B5C669F5
:1005000005000C00002E0AD0002C07D0EB696268B1
:10051000DB6892009B181A6822601C6070BD102076
:10052000FEF792FDE861002804D046608660066010
:10053000C660E9E732008F21014B0248FAF774FDEB
:10054000743901100C3A0110F0B5C6461E00804601
:10055000002300B50D000C6914310868013307044D
:100560003F0C5743000C5043BF193E0C80193F0409
:10057000060C3F0C0004C01901C19C42EDDC002EAA
:1005800007D0AB68A34208DDA300EB1801345E611D
:100590002C61280080BCB846F0BD69684046013136
:1005A000FFF766FF071E12D029002A690C310232BC
:1005B00092000C30F8F7B2FA29003D004046FFF7F0
:1005C0009DFFA300EB1801345E612C61E1E73A0066
:1005D000BA21024B0248FAF727FDC0461439011030
:1005E0000C3A0110F8B54746CE46050080B50C0020
:1005F00017009846092B3FDD180009210830F7F74E
:10060000F3FA012300215B0001319842FBDC280052
:10061000FFF72EFF011E31D0089B436101230361C8
:10062000092F15DC09270A34B8450CDD4346E618C6
:10063000F61B23780A222800303BFFF785FF0134A0
:100640000100B442F5D10800C0BCB946B046F8BDBF
:1006500008339C46A444E1466646E41933780A22EE
:100660002800303BFFF770FF01360100A642F5D1AC
:100670004B46DC19083CD7E70021C8E70A00024BCB
:100680000248D331FAF7D0FC143901100C3A0110AA
:10069000144A03000020934201D81B041030124A70
:1006A000934201D808301B02104A934206D9104ADF
:1006B000934213D89B0013D4033007E00C49043055
:1006C0001A018A4203D9D243D20F801870479A0187
:1006D0009B0105D45200EFD42020F7E71A00F2E77F
:1006E0000230F3E7FFFF0000FFFFFF00FFFFFF0FF7
:1006F000FFFFFF3F03685A0708D0DA072BD49A0799
:100700002ED501225B080360100070471A0410D137
:10071000FF211B0C1022194201D108321B0A1907B4
:1007200016D099070ED0D90701D401325B080360B7
:10073000EAE7FF221A4210D01A0715D104221B093A
:100740009907F0D1590713D59B0802320360DBE704
:1007500004321B09F4E70022D6E708221B0ADEE771
:100760009B0802220360CFE7DB0803220360CBE78C
:10077000DB0801D12022C7E703320360C4E7C0468B
:1007800010B50C000121FFF773FE002803D00123F0
:100790004461036110BD46210022024B0248FF3133
:1007A000FAF742FC143901100C3A0110F0B54E462C
:1007B00057464546DE46E0B50B691669894617007F
:1007C000984687B0B34204DB33000F00464691469B
:1007D00098464346F518BB687968AB4200DA0131A8
:1007E000FFF746FE8446002800D1B0E0142363449E
:1007F0009A46AC005444A34203D2002204C39C4254
:10080000FCD8434649469B009846143188444145EC
:1008100000D388E014239946B9444B4602933B0029
:100820000022B6004E44F71B153F1533BF089E4209
:100830005241BB0003934346A34650460C00E24698
:10084000A946B4460193049206E02D0C38D1019BD1
:1008500004340430A34263D925682B04190C002BFF
:10086000F3D0029D5B460700A046834600260C009D
:100870002800059308C839681A04120C62431B0C3F
:100880000D0463432D0C52199219090C5B18110CBD
:100890005B1812041E0C120C1B04134308C784457A
:1008A000E8D8059B58469B46049B44465A1E9341F4
:1008B000039A5B421340C3185E6025682D0CC6D0B6
:1008C00006000368A046604619000024B446029F53
:1008D0003A88090C6A43121952181B0411041B0CA4
:1008E0000B43336010CF7168240C6C430B041B0C5A
:1008F000E318120C9B181C0C0436B842E8D8624668
:1009000084461000049A4446511E8A41039952427B
:100910000A4082185360019B04340430A3429BD8E0
:100920005C464D46D446002D03DC06E0013D002D1B
:1009300003D0043C2368002BF8D0634660461D6159
:1009400007B0F0BCBB46B246A946A046F0BDB121F7
:100950000022024B02484900FAF766FB14390110E5
:100960000C3A0110F8B5032347461400CE461A008E
:1009700080B5884607002240234235D1A4102DD0EF
:10098000FE69002E39D0B568002D41D001232340E7
:100990006410002B08D12868002815D00500012319
:1009A00023406410002BF6D041462A003800FFF7A0
:1009B000FDFE414681463800FFF7A0FD002C0ED019
:1009C0002868C8460028E9D12A0029003800FFF726
:1009D000EDFE0023286005000360E0E7C1464846BD
:1009E000C0BCB946B046F8BD174B013A9200D25888
:1009F0000023FFF7A9FD8046C0E71020FEF724FB87
:100A0000061EF86119D00023436083600360C36051
:100A100001213800FFF72CFD051E07D00B4B436169
:100A2000012303610023B0600360AFE746212A0081
:100A3000074B0848FF31FAF7F7FAB4213200064BAA
:100A40000448FF31FAF7F0FA383F01107102000054
:100A5000143901100C3A011074390110F8B55746D9
:100A60004546DE464E46E0B50D00531198462B69CB
:100A7000824643449B465C1CAB68170049689C4215
:100A800003DD01315B009C42FBDC5046FFF7F0FCCC
:100A9000061E4DD014239C46424684446346E146DC
:100AA000002A0ADD9000020000211432B21802C3AD
:100AB0009342FCD1CC468444E1461F222B00100017
:100AC000296914338900591838403A422AD0013232
:100AD000121A9046CC4600271A6882403A4367466D
:100AE00004C74246BC4680CBD7409942F4D82A007E
:100AF00015320023914203D34B1B153B9B089B00EF
:100B00004B445F60002F00D0A3465B46504629004F
:100B10003361FFF7F3FC3000F0BCBB46B246A94698
:100B2000A046F8BD484604CB04C09942FBD8ECE788
:100B3000EF213200024B03484900FAF775FAC0462C
:100B4000143901100C3A011010B5C64602690B6940
:100B500000B5D41AA4469A4218D114309A00143120
:100B600004008318891801E09C420FD2043B043929
:100B700018680A689042F7D0002390425B41022037
:100B80005B421840012384465B429C44604610BC93
:100B9000A04610BDF0B557464E464546DE46E0B588
:100BA00015000A692B6984460E0083B0D71A9A4251
:100BB00014D1080029009A001430143183188918C0
:100BC00002E0984200D38FE0043B04391A680C68B5
:100BD000A242F6D000D392E0012705E0002FFBDB14
:100BE0002B0000270D001E0060466968FFF740FCDF
:100BF000002800D18FE01422142191468C46A9448C
:100C00002B693500C7604F4634698444A4009A00BC
:100C10004A44A04661461435CB46824601960024DC
:100C200066469946944638002A00A844009120C898
:100C300080CA29043B041B0C090CC91A09192D0C84
:100C40003F0C0B14ED1BED1809042C14090C2D049A
:100C5000294302C69045EAD8019E4B46350015351A
:100C60006246D94650460027A84504D34546AD1BE9
:100C7000153DAD08AF00009DAA46BA444F443E1D45
:100C800057460437BC462F004D46B0467F1BB24244
:100C900039D9994682463B002000F71802CE0D0450
:100CA0002D0C2D192D140C0C09182D1909042C14B8
:100CB000090C2D0429433960B242EDD84446013A6B
:100CC000121B920892004B465046624402E0043ADE
:100CD0001168013B0029FAD0036103B0F0BCBB46A8
:100CE000B246A946A046F0BD00216046FFF7C0FB12
:100CF00000280AD00123036100234361EDE72B00A4
:100D000035001E0070E75246E4E70022054B064816
:100D10000649FAF789F90022024B03480449FAF719
:100D200083F9C046143901100C3A01103702000053
:100D3000450200000E4B0F4A0B409B180022002B6F
:100D400002DD1900100070475B421915132903DCFE
:100D500080231B030B41F4E714391E2904DC802295
:100D60001206CA400023ECE700230122E9E7C0464F
:100D70000000F07F0000C0FCF8B504690600A40084
:100D8000CE46A1461436B14447464B46884680B508
:100D90001F1F3D682800FFF77BFC202341461A1ADD
:100DA0000A600A2828DD0B22524294468444BE423F
:100DB00016D24F466246083F3968002A13D0981A67
:100DC0000B009540C3401C4C1D432C432300914015
:100DD000BE420BD24C460C3C2468C440214305E083
:100DE00000210B2821D114482843030008001900D2
:100DF000C0BCB946B046F8BD0B210B1A98462B0073
:100E00004246D34019000C4C21430B0000218C4674
:100E1000BE4204D24C46083C2468D440A446290073
:100E20001530814060460143E0E763469D4002493A
:100E300029430B000021D9E70000F03FF0B5C6467A
:100E400000B5012182B016001F00FFF711FB80469C
:100E5000002848D03B037D001B0B6D0D02D0802283
:100E6000520313430193002E19D101A8FFF742FC4E
:100E70004246019B01245361434620301C61002DF2
:100E800025D035241B4BED182D18201A089B1D600A
:100E9000099B1860404602B080BCB846F0BD684669
:100EA0000096FFF727FC019C009B002805D020221C
:100EB0002100121A9140C4400B4342465361946191
:100EC000631E9C41434601341C61002DD9D10A4B5D
:100ED000C5180023E3189B0043441869FFF7D8FBAB
:100EE0006401201AD2E70022044B05480549FAF7AD
:100EF0009BF8C046CDFBFFFFCEFBFFFF143901106E
:100F00000C3A01100F030000F0B587B00E0004A9E1
:100F10000700FFF731FF04000D00300005A902941F
:100F20000395FFF729FF3F69366900900191BE1BC9
:100F30007301059F049EF61BF618002E0CDD360586
:100F400073190393029C039D2000009A019B2900C2
:100F5000F7F7BFF807B0F0BD019B3205991A009072
:100F60000191F1E710B50400172809DD00200749B9
:100F70000022074B013CF7F7CAF8002CF8D110BD4E
:100F8000044BC4001B1903CBF9E7C0460000F03F37
:100F900000002440983F0110944601394B11013361
:100FA00061469B00C21863460969143389005918C9
:100FB00030B58B420BD2040020CB20C49942FBD821
:100FC0006346CB1A153B9B089B00043018188242DD
:100FD00003D9002308C08242FCD830BD8C460100F2
:100FE0006346026910B51431581182420ADA920040
:100FF0008B1803E0043B1A68002A13D18B42F9D8FE
:10100000002010E08300CB188242F7DD1F226046EB
:10101000644610402242F1D01A689446C240824091
:101020009445EBD0012010BD002370B5074C05009E
:1010300008001100236000F041FD431C00D070BD8A
:101040002368002BFBD02B60F9E7C046FC1600207C
:1010500010B500F023FD10BDF0B5C64600B50C225A
:101060008B5E80460C001A0754D4802212011A436A
:101070008A814968002900DC6DE0E56A002D45D0D1
:10108000414640460E6800210160DB0468D401231C
:101090000022216AA847431C00D16EE00C23E25EC7
:1010A000E56A520706D56368C01A636B002B01D04E
:1010B000236CC01A020000234046216AA8470C2274
:1010C000A35E421C4ED1424611681D2966D8354A9E
:1010D000CA40D20762D5344A1A40A2810022626017
:1010E00022692260DB0403D543461B68002B42D0F3
:1010F0004346616B1E60002908D0230044339942A7
:1011000002D0404600F0ABFC00236363002080BCAB
:10111000B846F0BD0E69002EF8D00D680022AD1B58
:101120000E609B0700D14A69A260002D04DCEDE748
:1011300036182D1A002DE9DD2B0032004046216AB9
:10114000A76AB8470028F3DC40220120A389404267
:101150001343A381DBE7216C002900DD8DE7D5E790
:10116000606D9EE7104A1A40A281002262602269E7
:101170002260DB04BCD56065BAE743461B68002BE0
:1011800000D18BE71D2B06D0162B04D04022A3895B
:101190001343A381BBE743461E60B7E740221343D6
:1011A000A381B4E701004020FFF7FFFF0B6970B592
:1011B00005000C00002B1AD0002802D0036A002B77
:1011C00017D00C22A35E002B11D0A26ED20701D43F
:1011D0009B0511D528002100FFF73EFFA36E0500F7
:1011E000DB0702D4A3899B050BD5280070BD002521
:1011F000FBE7FAF775F8E4E72000583000F0F9FB58
:10120000E8E72000583000F0F8FBEEE770B5041E68
:101210002ED00369002B1FD0194B1D68002D02D062
:101220002B6A002B1BD00C22A35E002B14D0A26EC5
:10123000D20701D49B0516D528002100FFF70CFF2B
:10124000A36E0500DB0708D4A3899B0505D4200005
:10125000583000F0D2FB00E00025280070BD2800C7
:10126000FAF73EF8DFE72000583000F0C2FBE3E772
:10127000044A05490548FCF783F90500EDE7C04637
:10128000900D0020E00D0020AD110110940D002004
:10129000F8B506000F001400002802D0036A002BE6
:1012A0003DD0A369A360A3891B071AD52369002B2E
:1012B00017D022686169D31A99421EDD0133FF25D8
:1012C000A1683D400139A160511C2160177062691D
:1012D0009A421BD0A389DB0701D50A2D16D028001E
:1012E000F8BD21003000FEF771F9002814D1236900
:1012F00022686169D31A9942E0DC21003000FFF7CF
:1013000055FF002808D101232268D8E721003000CA
:10131000FFF74CFF0028E2D001256D42DFE7F9F727
:10132000DFFFBEE710B5034B0A0001001868FFF7A6
:10133000AFFF10BD900D002030B583B0069D034C6B
:101340000095E4256459A04703B030BDEC0D0020A2
:1013500082B000290AD0002A0BD0002B0BD01378C2
:101360000B601078431E984102B0704701A9002A13
:10137000F3D10020F8E702204042F5E7F0B54646F9
:101380004F46D646C0B58E6880460C0017001D003B
:1013900008689E4239D80C228B5E9022D2001342FC
:1013A00010D135002A003900FCF75EF80020A36850
:1013B0009B1BA36023685B192360E0BCBA46B1465F
:1013C000A846F0BD0969461A6069B2464200121883
:1013D000D00F8218681C521080199146904201D992
:1013E000020081465B0512D51100404600F009FB62
:1013F000061E1FD052462169F7F790FBA389124AB7
:10140000134080221343A38106E01E00CAE7404632
:1014100000F015FB061E09D053464A46F0186261DB
:10142000D21A266120602E00A260BBE740462169E7
:1014300000F015FB0C234246136040220120A389D3
:1014400040421343A381B8E77FFBFFFFF0B5574647
:10145000DE464E464546E0B5936883B00C009246A2
:101460000190002B6FD0136898460B6845E00C2163
:10147000625E9021C9000A422CD0606921695D1A20
:1014800043001B18D80FC3185B1099466B1C9B199F
:1014900048464B4501D9994618008023DB001A4283
:1014A0003AD00100019800F0ACFA071E3ED02A00A5
:1014B0002169F7F733FBA389284A1340802213439D
:1014C000A3814B4678195D1B2761A5603700350065
:1014D000206063612A005946FBF7C6FF5246514619
:1014E000A368DB1BA36092682368921B5B192360CF
:1014F0008A60002A27D00822904442461268934608
:1015000042465668002EF6D0A76818003D00B74244
:10151000ADD937003500DDE70200019800F08FFA01
:10152000071ECED12169019800F099FA0C23019A87
:10153000012013604022A38940421343A3815246F5
:101540000023936000E0002000235246536003B064
:10155000F0BCBB46B246A946A046F0BD7FFBFFFFEC
:10156000F0B54F464646D646C0B51C008B8981462D
:10157000884615009CB01B0603D50B69002B00D1D3
:1015800018E100232A0004AE736120337376103310
:10159000B37603941378904F002B00D19BE0140096
:1015A00004E063780134002B00D1A3E0252BF8D1AF
:1015B000A51A944200D0A0E02378002B00D18AE045
:1015C000012300225B42049205930022002306922D
:1015D000079300234332B354B36501339A46013471
:1015E00005E05346C01B83402C00134333600522A3
:1015F00038002178FEF750F8651C32680028F0D1D9
:101600001300DA0602D543222021B1541A0702D56D
:1016100043222B21B15421782A2900D078E0039A63
:10162000111D12680391002A00DA9EE0F260297809
:101630002E2900D181E0694C03222000FEF72CF80E
:101640003368002805D04022001B82401343013537
:101650003360802229781A4208D06C2906D193433E
:1016600080221201134333606978013540221A4207
:1016700008D0682906D19343C132FF321343336047
:10168000697801357A2932D0742930D06A2906D197
:10169000802332681B0113433360697801350622C9
:1016A0004F483176FDF7F8FF002864D04D4B002BF2
:1016B00053D003AA00923100424648464A4BFBF7FA
:1016C00045F8431C07D073696A1C1B1873611378B3
:1016D000002B00D063E743469B895B0600D578E08A
:1016E00070691CB0E0BCBA46B146A846F0BD697846
:1016F0000135CBE7A51A9442EDD02B004146484670
:10170000FFF73CFE0130E6D073695B19736153E764
:10171000080030382500092800D989E7F2689300CD
:101720009B185B001A18F2606978013508003038A0
:101730000928F4D92E2900D07DE76B782A2B23D1F4
:10174000039B1A1D1B6803927360002B02DA0123AE
:101750005B427360A97802356DE70722039B002086
:101760000733934308330393ADE75242F2600222FA
:10177000134333605BE703AA0092310042464846B8
:10178000194BFEF7CFFC9CE70023736069780135A5
:1017900008003038092800D94DE71A0093009B183B
:1017A0005B001A1872606978013508003038092822
:1017B000F4D940E7402100F024F94346186018614D
:1017C000002803D0402342465361DAE60C234A4600
:1017D00013600120404284E7C8390110D03901105C
:1017E000D43901104DC700107D1301100CB410B591
:1017F00000249EB002910691094920AB0491079103
:10180000084904CB059102A901931C94FFF7A8FE97
:10181000029B1C701EB010BC08BC02B01847C0462A
:10182000FFFFFF7F0802FFFF0EB410B500240C4934
:101830009FB0049107910B4921AB05910A4904CB54
:1018400002900690086802A901931C94FFF788FE95
:10185000029B1C701FB010BC08BC03B01847C046E8
:10186000FFFFFF7F0802FFFF900D002070B50C23E3
:10187000CA5E05000C0096B0930707D523004733D6
:10188000236023610123636116B070BD0E23C95E1E
:10189000002931DB6A4600F093F800282ADB80211A
:1018A0002800C900019E00F0ACF80C22A35E0028BD
:1018B0003DD0802213438022D2006261F0223100A9
:1018C000120211400A008021A38120602061890159
:1018D0008A4234D10E23E15E280000F05FF80C222A
:1018E000A35E00282BD003229343012213438022BE
:1018F000120119E00C23E25E802313405A42534147
:10190000F0225B42920013404033190028001E0071
:1019100000F077F80C22A35E002808D08022134341
:1019200000222060206166611343A381ACE79A0521
:10193000AAD40322934302221343A3819EE7802269
:101940001201F1E770B50C001E000E23C95E1500F0
:1019500096B0002914DB6A4600F032F800280FDB4D
:10196000F022019B120213400B4A80209B185A421E
:10197000534180220001D20033602A6016B070BD4E
:10198000A3891B0603D5002340220020F4E7802210
:1019900000230020D200EFE700E0FFFF002370B536
:1019A000064C05000800236000F080F8431C00D0BE
:1019B00070BD2368002BFBD02B60F9E7FC160020DC
:1019C000002370B5074C050008001100236000F0EB
:1019D0005DF8431C00D070BD2368002BFBD02B604A
:1019E000F9E7C046FC16002010B5F5F716F910BD52
:1019F000704710B500F0F8FE10BD10B500F04CFFB8
:101A000010BD70B50D000400F4F700F829002000A7
:101A100000F010F90400F3F7E1FF200070BD70B58D
:101A20000D0016000400F3F7F1FF3200290020003A
:101A300000F0AAF80400F3F7D1FF200070BD70B5E4
:101A40000D0016000400F3F7E1FF3200290020002A
:101A500000F0D2FC0400F3F7C1FF200070BD70B5A8
:101A60000D000400F3F7D2FF2900200000F0DAFB9C
:101A7000F3F7B4FF70BD002070470000582201202A
:101A8000014B40421A607047FC160020582201208A
:101A9000014B40421A607047FC160020582201207A
:101AA000014B40421A607047FC1600205822024B3E
:101AB00000201A607047C046FC1600205822012002
:101AC000014B40421A607047FC160020582201204A
:101AD000014B40421A607047FC1600200120404232
:101AE0007047704701207047704700207047002002
:101AF00070470020704770470120704770470020F2
:101B000070470020704700207047704770470020E2
:101B100070470020704700207047704701207047D1
:101B2000704700207047002070470020704700BEBB
:101B3000FDE70000074A1368002B01D1064B136034
:101B400006491818884202D810601800704701230F
:101B50005B42FAE7E41D0020AC25002000000420D1
:101B600010B5EFF30583002B00D000BEF7F78EF819
:101B7000034C044B9C4200D310BD08CC9847F8E7B7
:101B8000142901103429011010B50B0C140C002B72
:101B900030D1002C44D18BB291B25943FFF731FFC1
:101BA000041E1AD00300083B5A6803239A43043AE0
:101BB000242A14D80300132A0BD90023036043609E
:101BC0001B2A10D900238360C360242A2BD0030072
:101BD000103300221A605A609A60200010BD002164
:101BE000F6F796FFF9E70300002208331A605A60FF
:101BF0009A60F2E7002C0DD194B289B292B24A43B6
:101C00009BB26343110C5B18190C03D1190492B2F7
:101C10001143C3E7FDF772FC0C2300240360DCE7EB
:101C2000231C8CB2E9E700220300026118334261F1
:101C3000CFE7C046F0B54E46DE46574645460C0057
:101C4000E0B50B34814685B0162C21D8102900D977
:101C5000CEE000F05DFD102418230221C44DEB18E6
:101C60001A005F68083A974200D17BE103227B6843
:101C7000B9689343FA68CA6091600121FB185A68F9
:101C800048460A435A6000F04BFD38000830B3E084
:101C900007239C4300D5ABE0A14200D9A8E000F0A7
:101CA00037FDF823FF339C4200D8BBE1630A00D123
:101CB000A9E0042B00D984E1A3091900393398461F
:101CC0003831DB00082252429446A94DEB189C445F
:101CD0006346DF68BC4500D13EE18C46032619000F
:101CE00007E0F868002A00DB38E1814200D133E1E7
:101CF00007007B68B3431A1B0F2AF2DD61462A00F6
:101D00002F690832974200D123E103207B68834387
:101D1000181B0F2800DD89E12A616A610028ACDA0E
:101D20006A689446934A934200D929E1DA0858092F
:101D300001238340604618438446D3005B199A68A8
:101D40006860FB60BA609F60D76001208B1098408C
:101D500060455FD8634603420AD103239943634633
:101D600040000431034203D1400004310342FBD060
:101D70000323A8469C4683460D00E8004044060025
:101D8000AA46F3680BE061465A688A43171B19009C
:101D9000DB680F2F00DD1FE1002F00DB33E19E42E7
:101DA000F1D1534601339A4608369B07E9D1032205
:101DB00005E003680838013D834200D0D4E12A429F
:101DC000F7D14246594653688B4353605A465200F6
:101DD00093469A421DD8002A06D11AE05246043290
:101DE00092465A46520093461342F7D05546C4E7EE
:101DF0000C234A461360002005B0F0BCBB46B24637
:101E0000A946A046F0BD802340223F2190469B007A
:101E100058E745460322AF687B6893430293A34289
:101E200003D31B1B0F2B00DD85E0534B08200193D0
:101E30001B6810331E1900F07BFC504BB246039315
:101E40001B688046013304D0731E1B1842421340A6
:101E50009A465146484600F079FC8346431C5FD0C1
:101E6000029BFB18834200D9F8E001994A6852446A
:101E70004A6041460139834200D130E1039800684D
:101E8000013000D135E15846C31A9B18019A5360BE
:101E90005A4607231000184003901A4200D1FAE076
:101EA000DC46524601331B1A9C446244434492462A
:101EB0000A409B1A194048466646E346884600F0A9
:101EC00045FC431C00D12CE1831B43449A46019BF3
:101ED00001205A68594642445A6053460343A96058
:101EE0004B60AF4212D0029B0F2B00D8C6E00721F7
:101EF000029B0C3B8B4379680140052019437960B4
:101F0000F918486088600F2B00D912E10199CB6A5B
:101F1000934200D2CA6201990B6B934200D20A63CA
:101F20000323AF687A689A43131BA24200D2A6E04B
:101F30000F2B00DCA3E001222100134311433C19C5
:101F400079604846AC60636000F0EAFB3800083016
:101F500052E76B689C46F8E64146D0E6BA68D06026
:101F600082608AE6DF680231BB4200D1C7E67DE6C7
:101F7000600F0020FF01000000170020580F002014
:101F80005A0A042A64D9142A00D995E010005C3258
:101F90005B30D200AA18083A16009268884696422A
:101FA00003D170E09268964204D0032150688843C0
:101FB0009842F7D84146D668FE60BA60B760D760ED
:101FC000C3E6142B54D9542B7ED8230B19006F333E
:101FD00098466E31DB0075E601200E004546091972
:101FE00004437460B4680835E36038439C60A960BA
:101FF000E9604860CD6048468D60B75000F090FBC6
:1020000030000830F8E601200C008A1851680834C6
:102010000143516022684846D3609A6000F080FB1B
:102020002000E9E62300E108083317E60126391904
:1020300034437C6029616961CA608A60320002436E
:102040004A60F850484600F06BFB38000830D3E691
:102050009A09100039323830D2009BE7AF4200D0E5
:102060005EE741460198013942685244426005E703
:1020700019005C3398465B31DB0023E64860484634
:1020800000F04EFBB7E60123801083406046184302
:102090008446686090E71300424653440B40D31ACD
:1020A000194048465E46884600F050FB431C00D06D
:1020B0000AE7002398460AE7542A1ED81A0B100094
:1020C0006F326E30D20065E7AA22520093421ED8CA
:1020D000E30B1900783398467731DB00F2E50B42C9
:1020E00000D0CBE60120029BA968534403434B6018
:1020F0000CE75A46039B1A60CAE6AA2040008242B7
:102100001FD8DA0B100078327730D20042E7184A35
:1021100093421FD8A30C19007D3398467C31DB0015
:10212000D0E5039B083B53449B1B9A4600239846EB
:10213000CDE6390048460831FFF791FC019B5A680B
:10214000E4E60B4882420BD89A0C10007D327C30BA
:10215000D2001FE7FE237F227E2190469B00B1E53F
:10216000FE227E20920015E743465B682EE6C046BD
:1021700054050000F0B5C646050000B580460820AD
:102180000C0000F0D5FA0600280000F0C1FA224F3A
:102190003100BB685D6803239D4328001138001B94
:1021A0008019F5F749FD441E7443A64207DC00215F
:1021B000404600F0CBFABB685B19984206D0404617
:1021C00000F0AEFA002080BCB846F0BD4046614247
:1021D00000F0BCFA01300DD001222D1BBB68154365
:1021E0000E4A5D60136840461B1B136000F098FAAE
:1021F0000120E8E70021404600F0A8FABA68831AF7
:102200000F2BDCDD064C05492468001B086001210A
:102210000B435360D3E7C046600F00200417002033
:10222000580F0020F0B5C6460C00804600B50029C6
:102230003FD000F06DFA210008394E6801253300C7
:102240000320AB43CA1894465268824328003040AA
:10225000070063488468644500D16FE064466260AB
:10226000A41864682C40002F26D10E685D4F891B8E
:102270009B198E68BE4254D0CF68F760BE60002CB8
:102280001CD062461D434D601360574A93422CD8C0
:10229000DA085C090123A340446823434360D30068
:1022A0001B189A68CB608A609960D160404600F044
:1022B00037FA80BCB846F0BD002C0FD19B1862469F
:1022C00001249268474D1C43CE18AA4258D0654657
:1022D000ED68D560AA604C603360D6E7624635434E
:1022E0004D601360404A9342D2D95A0A042A3DD81D
:1022F0009A09140039323834D60086193268083EFB
:102300000325964203D14CE09268964203D0506870
:10231000A8439842F8D8D668CE608A60B160D16090
:10232000C4E7002C33D1D218604663468068DB686E
:102330001543C36098604D608A50B7E79A18002F24
:1023400006D10B68C91A8C68D218CB68E3609C6010
:10235000012313434B60254B81601B689342A5D832
:10236000234B40461968FFF705FF9FE7142A13D94E
:10237000542A1DD81A0B14006F326E34D600BCE7F5
:10238000D1609160CA608A604C6033608EE76246BB
:102390001D434D60136089E714005C325B34D60046
:1023A000ABE70123A410A340446823434360B3E791
:1023B000AA246400A24205D8DA0B140078327734DC
:1023C000D6009AE70B4CA24205D89A0C14007D3235
:1023D0007C34D60091E7FE267E24B6008DE7C04609
:1023E000600F0020680F0020FF0100005C0F00203C
:1023F0000017002054050000F0B545464E46DE4665
:102400005746E0B580460D00914683B0002900D1C3
:10241000B8E04C460B3400F07BF9162C60D8102441
:10242000A14560D82F00083F796803230E00BB4602
:102430009A469E43A64200DB80E0B81943680093A9
:10244000B24B01939B68834200D1AEE00122009B16
:1024500093439C46844463465B68134200D085E006
:102460005246009B93439B199C4200DCEFE0012203
:102470000A420DD139687A1A516800925246914346
:102480005B189A469C4234DD73189A469C4234DDB0
:1024900049464046FFF7B5FA814600281CD0594608
:1024A00001224B6893430200CB18083A934200D1B3
:1024B000D3E0043E242E00D9D4E003002A00132EDA
:1024C00000D9B5E0116819605168596092689A6046
:1024D00029004046FFF7C3FA404600F021F93DE0ED
:1024E00007239C439CD50C23424613600023994646
:1024F00034E0C3688268D3609A6000990F008A68EC
:10250000CB680837D3609A60321F242A00D999E03B
:102510003B00132A09D92B688B606B68CB601B2AA0
:1025200000D9BEE010310B0008352A681A606A68CD
:102530005A60AA689A6056463D00009F01227B6857
:10254000311B1340B8190F2921D833437B604368EE
:1025500013434360404600F0E3F8A946484603B001
:10256000F0BCBB46B246A946A046F0BD01230B42D3
:1025700000D08DE75A461368D31A59680093534622
:10258000994381E71100FFF73CFA8146E6E73E19DF
:10259000234311437B60716031004368083113436A
:1025A00043604046FFF75BFAD4E752462000009BA9
:1025B000103093439B19834263DAC90700D567E75C
:1025C00039687A1A51680092524691435B189A46CC
:1025D000984200DD58E70099CB688A68D3609A601A
:1025E0000B00321F08339946242A76D8132A08D9BB
:1025F0002B688B606B68CB601B2A73D810310B0083
:1026000008352A681A606A685A60AA689A60009851
:10261000019B01199960534601221B1B13434B6018
:102620004368134023434360404600F079F895E740
:102630002B6803606B6843601B2E18D803000832B8
:1026400008333FE729003800FAF70EFF73E7C26846
:1026500081681E00CA60916070E703225B68934343
:10266000F6186BE732002900FAF7FEFE30E7AB6898
:102670008360EB68C360242E1ED003001032103339
:1026800020E7019A3919916001221B1B13434B600B
:102690007B684046134023437B6000F041F8A94625
:1026A0005CE7AB6800990B61EB684B61242A0BD0A7
:1026B0000B001035183338E72B691832036103001B
:1026C000696918334161FDE62B6900998B610B0044
:1026D0006A692033CA61183527E729001800FAF71C
:1026E000C3FE94E7AB6800990B61EB684B61242A49
:1026F00003D00B001035183383E72B6900998B61E9
:102700000B006A692033CA6118357AE7600F002030
:1027100010B50248FFF76DF910BDC046A0130020A8
:1027200010B50248FFF769F910BDC046A01300209C
:10273000802310B55B01082801D1180010BDFCF7FB
:10274000DDFE16230360173BF7E7C046002370B594
:10275000064C050008002360FFF7ECF9431C00D08D
:1027600070BD2368002BFBD02B60F9E7FC1600201E
:10277000F8B5C0460000000001B40248844601BC20
:10278000604700BF2506002001B40248844601BC12
:10279000604700BF7703002001B40248844601BCB3
:1027A000604700BF8502002001B40248844601BC96
:1027B000604700BFD10B002001B40248844601BC31
:1027C000604700BFD50B002001B40248844601BC1D
:1027D000604700BFBD0B002001B40248844601BC25
:1027E000604700BFD10B002001B40248844601BC01
:1027F000604700BF5D01002001B40248844601BC6F
:10280000604700BFAD01002001B40248844601BC0E
:10281000604700BF4902002001B40248844601BC61
:10282000604700BF3503002001B40248844601BC64
:10283000604700BFA90B002001B40248844601BCD8
:10284000604700BFEF02002001B40248844601BC8B
:10285000604700BFC109002001B40248844601BCA2
:10286000604700BFB903002001B40248844601BCA0
:10287000604700BF950B002001B40248844601BCAC
:10288000604700BFE50A002001B40248844601BC4D
:10289000604700BFED06002001B40248844601BC39
:1028A000604700BFAD02002001B40248844601BC6D
:1028B000604700BF950A002001B40248844601BC6D
:1028C000604700BF1D01002001B40248844601BCDE
:1028D000604700BFE5090020C58C0010F18C001096
:1028E000CD7B0010018B001005830010458A00107D
:1028F0008D8D00100D8D00102D8D0010418D00105C
:10290000356C0010498D0010096D00107D8C001091
:1029100089670010318C0010E5310010AD320010D5
:102920000D3D0010E54A001009570010A95F001086
:10293000A16500100000000048656C6C6F21006309
:102940006F756E74696E673A2000310046415441DC
:102950004C3A20417474656D7074696E6720746FB1
:10296000207365742053504925732E525820776880
:10297000696C652072756E6E696E670046415441E0
:102980004C3A20417474656D7074696E6720746F81
:10299000207365742053504925732E525820746F4C
:1029A00020696C6C6567616C2070696E202564001D
:1029B00053504925733A20545820616E6420525870
:1029C0002061737369676E656420746F204E4F5089
:1029D000494E000D0A006578697400537973746577
:1029E0006D20636C6F636B206F66202575206B48CC
:1029F0007A2063616E6E6F74206265206578616312
:102A0000746C792061636869657665640049525128
:102A100020737461636B206F766572666C6F7700EC
:102A20005069636F2053657269616C005261737005
:102A30006265727279205069005069636F000A2ADA
:102A40002A2A2050414E4943202A2A2A0A004E6F42
:102A5000207370696E6C6F636B73206172652061A7
:102A60007661696C61626C65004E6F20757365728A
:102A700020495251732061726520617661696C61F1
:102A8000626C6500486172647761726520616C6197
:102A9000726D20256420616C726561647920636CBD
:102AA00061696D6564004861726420617373657269
:102AB0007400556E68616E646C65642049525120E3
:102AC000307825780A0065702025303258207761EB
:102AD0007320616C726561647920617661696C61F3
:102AE000626C650043616E277420636F6E74696E5B
:102AF00075652078666572206F6E20696E616374FB
:102B0000697665206570202530325800000000008D
:102B100000000000D93A0010F9320010DD32001038
:102B20006B3300101D3300102F3300104F33001093
:102B3000E333001029340010AD3C0010D1330010F5
:102B4000B93300102D3A0010ED3200109539001005
:102B5000E13200106D3300107133001000000000EE
:102B6000636861696E5F746F203C3D204E554D5F18
:102B7000444D415F4348414E4E454C5300766F698A
:102B800064206368616E6E656C5F636F6E66696713
:102B90005F7365745F636861696E5F746F28646DED
:102BA000615F6368616E6E656C5F636F6E666967B7
:102BB0005F742A2C2075696E7429002F6172647508
:102BC000696E6F2F7061636B616765732F7270320E
:102BD0003034302F68617264776172652F727032A1
:102BE0003034302F362E322E302F2F7069636F2DF8
:102BF00073646B2F7372632F7270325F636F6D6DCE
:102C00006F6E2F68617264776172655F646D612FAA
:102C1000696E636C7564652F686172647761726553
:102C20002F646D612E68003100000000000000007C
:102C30001111111100000000444444040000000080
:102C4000464154414C3A20417474656D7074696E0C
:102C50006720746F20736574205769726525732E21
:102C6000534441207768696C652072756E6E696E99
:102C70006700464154414C3A20417474656D70744C
:102C8000696E6720746F20736574205769726525BB
:102C9000732E53444120746F20696C6C6567616CBE
:102CA0002070696E2025640022222222000000008C
:102CB0008888880800000000464154414C3A204171
:102CC0007474656D7074696E6720746F20736574B9
:102CD000205769726525732E53434C207768696CC1
:102CE000652072756E6E696E6700464154414C3ABC
:102CF00020417474656D7074696E6720746F207301
:102D00006574205769726525732E53434C20746F88
:102D100020696C6C6567616C2070696E20256400A9
:102D20000000000000000000D5430010795400109E
:102D3000DD320010393D001000000000093E001097
:102D40000B3E0010353E0010153E0010253E0010D1
:102D50003B3D0010093E00102B4000109F3F00102B
:102D60004D3E0010893E0010C33E00100D3F001084
:102D7000A13F0010273F001000000000003E5B4F05
:102D80005B3E3E6B4F6B3E1C3E7C3E1C183C7E3CCB
:102D9000181C577D571C1C5E7F5E1C00183C1800D9
:102DA000FFE7C3E7FF0018241800FFE7DBE7FF3069
:102DB000483A060E2629792926407F050507407FD7
:102DC00005253F5A3CE73C5A7F3E1C1C08081C1C4A
:102DD0003E7F14227F22145F5F005F5F06097F0140
:102DE0007F006689956A606060606094A2FFA2942B
:102DF00008047E040810207E201008082A1C0808F9
:102E00001C2A08081E101010100C1E0C1E0C303846
:102E10003E3830060E3E0E06000000000000005F47
:102E200000000007000700147F147F14242A7F2A63
:102E30001223130864623649562050000807030025
:102E4000001C2241000041221C002A1C7F1C2A0871
:102E5000083E0808008070300008080808080000D4
:102E600060600020100804023E5149453E00427F48
:102E7000400072494949462141494D331814127F97
:102E80001027454545393C4A494931412111090737
:102E90003649494936464949291E000014000000B8
:102EA000403400000008142241141414141400418A
:102EB00022140802015909063E415D594E7C121147
:102EC000127C7F494949363E414141227F4141417F
:102ED0003E7F494949417F090909013E41415173FA
:102EE0007F0808087F00417F41002040413F017F6B
:102EF000081422417F404040407F021C027F7F0433
:102F000008107F3E4141413E7F090909063E41517B
:102F1000215E7F09192946264949493203017F016B
:102F2000033F4040403F1F2040201F3F4038403F6C
:102F3000631408146303047804036159494D430082
:102F40007F4141410204081020004141417F0402B9
:102F50000102044040404040000307080020545450
:102F600078407F284444383844444428384444282E
:102F70007F385454541800087E090218A4A49C7881
:102F80007F0804047800447D40002040403D007FDD
:102F90001028440000417F40007C047804787C08BD
:102FA0000404783844444438FC1824241818242491
:102FB00018FC7C08040408485454542404043F4476
:102FC000243C4040207C1C2040201C3C4030403CA5
:102FD00044281028444C9090907C4464544C440005
:102FE0000836410000007700000041360800020169
:102FF0000204023C2623263C1EA1A161123A404055
:10300000207A3854545559215555794122545478D1
:1030100042215554784020545579400C1E5272126A
:1030200039555555593954545459395554545800F3
:1030300000457C410002457D420001457C407D12F7
:1030400011127DF0282528F07C5455450020545459
:103050007C547C0A097F4932494949323A44444404
:103060003A324A4848303A4141217A3A424020783F
:10307000009DA0A07D3D4242423D3D4040403D3C40
:1030800024FF2424487E4943662B2FFC2F2BFF0965
:1030900029F620C0887E0903205454794100004459
:1030A0007D413048484A32384040227A007A0A0A44
:1030B000727D0D19317D2629292F282629292926B7
:1030C00030484D4020380808080808080808382FFC
:1030D00010C8ACBA2F102834FA00007B0000081486
:1030E0002A142222142A14085500550055AA55AA5C
:1030F00055AAFF55FF55FF000000FF00101010FFFC
:1031000000141414FF001010FF00FF1010F010F056
:10311000141414FC001414F700FF0000FF00FF1447
:1031200014F404FC141417101F10101F101F141493
:10313000141F00101010F0000000001F10101010DD
:103140001F10101010F010000000FF1010101010D1
:1031500010101010FF10000000FF140000FF00FF0F
:1031600000001F10170000FC04F4141417101714AB
:1031700014F404F40000FF00F714141414141414CD
:10318000F700F7141414171410101F101F14141440
:10319000F4141010F010F000001F101F0000001FAA
:1031A00014000000FC140000F010F01010FF10FFDD
:1031B000141414FF141010101F00000000F010FF72
:1031C000FFFFFFFFF0F0F0F0F0FFFFFF0000000056
:1031D00000FFFF0F0F0F0F0F3844443844FC4A4ADA
:1031E0004A347E02020606027E027E02635549418F
:1031F000633844443C04407E201E2006027E0202C6
:1032000099A5E7A5991C2A492A1C4C7201724C30D9
:103210004A4D4D303048784830BC625A463D3E49B0
:103220004949007E0101017E2A2A2A2A2A44445F54
:10323000444440514A444040444A51400000FF0148
:1032400003E080FF000008086B6B08361236243656
:10325000060F090F060000181800000010100030BB
:1032600040FF0101001F01011E00191D1712003C43
:103270003C3C3C000000000000000000000000009A
:103280002B46001039460010434700108B460010B3
:10329000E7440010D5460010AF450010C1470010AC
:1032A0007949001091470010E3440010E5440010F4
:1032B000D94A001005450010000000000000000081
:1032C000D543001079540010DD320010393D001054
:1032D000214B0010093E00100B3E0010353E00103F
:1032E000153E0010253E00103B3D0010093E001029
:1032F0002B400010CF4C0010B75200106952001044
:10330000C33E00100D3F0010A13F0010273F0010EA
:103310002200FF21000103070F1F3F7F0080C0E054
:10332000F0F8FCFEDB40A4A62EAF2000A1C8D3001D
:10333000408DAED580A800006000000000000000B5
:1033400000000000000000E000000000000000009D
:10335000000000000001E00000000000000000008C
:103360000000000001F0000000000000000000006C
:1033700000000003F000000000000000000000005A
:10338000000007F000000000000000000000000046
:103390000007F8000000000000000000000000002E
:1033A0000FF800000003C0007E000001E0007F0F66
:1033B000F800000003C000FE000001E000FFEFF88D
:1033C00000000003C000FE000001E000FFFFF80065
:1033D000000003C000F00000000F007FFE7FC0006F
:1033E0000003C000F00000000F003FFE7FF83FF137
:1033F000FBCFFCFEF3BC3DEFE01FFE7FFF7FFBFF3A
:10340000DFFEFEFFBC3DEFE01FC6FFFF7FFBFFDFDF
:10341000FEFEFFBC3DEFE00FE3C7FE787BC3DE1E80
:10342000F0FFBC3DEF0007FF87FC787BC3DE1EF09A
:10343000F83C3DEF0001FFFFF0007BC3C01EF0F041
:103440003C3DEF0001F37FE03FFBC3CFFEF0F03CDB
:103450003DEF0003E33F807FFBC3DFFEF0F03C3D28
:10346000EF0007E73C00787BC3DE1EF0F03C3DEF49
:103470000007FFBE00787BC3DE1EF0F03C3DEF008E
:1034800007FFFE00787BC3DE1EF0F03C3DEF000F2F
:10349000FFFE007FFBFFDFFEF0F03FFDEFE00FFFE0
:1034A000FF007FFBFFDFFEF0F03FFDEFE00FF9FFD5
:1034B000003E79F9CF9EF0F01F3DE7E01FF1FF00DD
:1034C00000000000000000000000001F80FF007FDF
:1034D000FFFFFFFFFFFFFFFFFFE01C007F007FFFFC
:1034E000FFFFFEB46D888D18E000001F007FFFFF16
:1034F000FFFE95AD7DB577E000000F007FFFFFFF79
:10350000FEA5AD9D8D19E0000006007FFFFFFFFEC8
:10351000B5ADEDB57EE000000000000180000000C8
:103520000000000000000380000000000000000018
:103530000007C000000000000000000007C00000FD
:10354000000000000000000FC000000000000000AC
:1035500000001FE00000000000000000001FE0006D
:1035600000000000000000003FE00000000000003C
:103570000000003FF00000000000000000007FF0AD
:10358000000000000000001FF87FF00000000000B5
:1035900000003FFE7FF0000000000000003FFF7FC2
:1035A000F0000000000000001FFFFBE00000000032
:1035B0000000000FFFF9FFC00000000000000FFF37
:1035C000F9FFF800000000000007FFF1FFFF000016
:1035D0000000000003FC73FFFF80000000000001FA
:1035E000FE3FFFFF80000000000000FF1E0FFF00F5
:1035F0000000000000007FFE1FFC00000000000033
:10360000003FFFFFF8000000000000000FDFFFE0B8
:10361000000000000000001F19FFC00000000000B3
:1036200000003F3CFF00000000000000007E7CF82E
:1036300000000000000000007FFE7C000000000091
:10364000000000FFFFFC0000000000000000FFFF82
:10365000FE0000000000000000FFFFFE0000000070
:1036600000000001FFEFFE0000000000000001FF6D
:10367000CFFE0000000000000003FF07FE00000076
:103680000000000003FC07FE000000000000000333
:10369000F003FE00000000000000018000FE0000BA
:1036A00000000000000000007E000000000000009C
:1036B0000000003E000000000000000000000C00C0
:1036C0000000000000078000FC000003C0000000B4
:1036D000078001FC000003C0000000078001FC001F
:1036E0000003C0000000078001E00000001E000091
:1036F00000078001E00000001E007FE3F79FF9FD56
:10370000E7787BDFC0FFF7FFBFFDFDFF787BDFC001
:10371000FFF7FFBFFDFDFF787BDFC0F0F787BC3D03
:10372000E1FF787BDE00F0F787BC3DE1F0787BDEDF
:103730000000F787803DE1E0787BDE007FF7879F20
:10374000FDE1E0787BDE00FFF787BFFDE1E0787BFD
:10375000DE00F0F787BC3DE1E0787BDE00F0F78724
:10376000BC3DE1E0787BDE00F0F787BC3DE1E0782E
:103770007BDE00FFF7FFBFFDE1E07FFBDFC0FFF76F
:10378000FFBFFDE1E07FFBDFC07CF3F39F3DE1E0A5
:103790003E7BCFC00000000000000000000000FFE2
:1037A000FFFFFFFFFFFFFFFFFFC0FFFFFFFFFD6801
:1037B000DB111A31C0FFFFFFFFFD2B5AFB6AEFC080
:1037C000FFFFFFFFFD4B5B3B1A33C0FFFFFFFFFD19
:1037D0006B5BDB6AFDC00000000000000000000021
:1037E000A15A00101D5C0010A55B0010E55B0010E5
:1037F000095B0010495B0010B55A0010595D0010BC
:10380000975A0010B95D00101D5D00100000000007
:10381000459B0010C59B0010E99B0010299C0010DF
:10382000C59C00109D9D00100000000000000000DD
:103830000B1B0110000000000D1B01100F1B0110DD
:10384000131B0110171B01100000000000000000F6
:10385000E31A0110E51A0110E91A0110EB1A011020
:10386000EF1A0110F31A0110000000000000000020
:10387000F71A0110F91A0110FD1A0110FF1A0110B0
:10388000031B0110071B01100000000000000000D6
:103890001B1B01101D1B0110211B0110231B0110FC
:1038A000271B01102B1B0110000000002C20667547
:1038B0006E6374696F6E3A20000000006173736577
:1038C0007274696F6E2022257322206661696C65AF
:1038D000643A2066696C6520222573222C206C696D
:1038E0006E65202564257325730A00002E000000F4
:1038F0006E660000696E697479000000616E0000F8
:10390000494E4600696E66004E414E006E616E0083
:103910003000000042616C6C6F63207375636365F7
:1039200065646564000000002F776F726B646972D4
:103930002F7265706F2F6E65776C69622F6E657779
:103940006C69622F6C6962632F7374646C69622F97
:103950006764746F612D6765746865782E63000015
:103960000A000000496E66696E6974790000000003
:103970004E614E005245454E54206D616C6C6F6334
:103980002073756363656564656400002F776F72EB
:103990006B6469722F7265706F2F6E65776C6962E8
:1039A0002F6E65776C69622F6C6962632F73746424
:1039B0006C69622F64746F612E6300004300000025
:1039C000504F534958000000232D302B2000000099
:1039D000686C4C00656667454647000065256C6469
:1039E0000000000030313233343536373839414247
:1039F0004344454600000000303132333435363719
:103A00003839616263646566000000002F776F7269
:103A10006B6469722F7265706F2F6E65776C696267
:103A20002F6E65776C69622F6C6962632F737464A3
:103A30006C69622F6D707265632E63000000000078
:103A4000A6B40010D6B30010D6B30010D6B3001041
:103A5000D6B30010D6B30010D6B30010D6B3001002
:103A6000D6B30010C6B40010C6B40010C6B400101F
:103A7000C6B40010C6B40010D6B30010D6B3001000
:103A8000D6B30010D6B30010D6B30010D6B30010D2
:103A9000D6B30010D6B30010D6B30010D6B30010C2
:103AA000D6B30010D6B30010D6B30010D6B30010B2
:103AB000D6B30010D6B30010D6B30010D6B30010A2
:103AC000C6B40010D6B30010D6B30010D6B30010A1
:103AD000D6B30010D6B30010D6B30010D6B3001082
:103AE000D6B30010D6B30010D6B3001098B40010AF
:103AF000D6B3001068BB001080BF00106ABF001072
:103B0000BABF0010B4BF001098BF00106ABF001009
:103B100035000000CEFBFFFFCB03000001000000DA
:103B20000000000034000000CEFBFFFFCB030000CC
:103B30000100000000000000BC89D897B2D29C3C74
:103B400033A7A8D523F649393DA7F444FD0FA53284
:103B50009D978CCF08BA5B25436FAC64280668112B
:103B60000000000000000000000000000000000055
:103B70000000000000000000000000000000000045
:103B80000000000000000000000000000000000035
:103B90001011121314151617181900000000000058
:103BA000001A1B1C1D1E1F0000000000000000006A
:103BB0000000000000000000000000000000000005
:103BC000001A1B1C1D1E1F0000000000000000004A
:103BD00000000000000000000000000000000000E5
:103BE00000000000000000000000000000000000D5
:103BF00000000000000000000000000000000000C5
:103C000000000000000000000000000000000000B4
:103C100000000000000000000000000000000000A4
:103C20000000000000000000000000000000000094
:103C30000000000000000000000000000000000084
:103C40000000000000000000000000000000000074
:103C50000000000000000000000000000000000064
:103C6000002020202020202020202828282828204C
:103C70002020202020202020202020202020202044
:103C800020881010101010101010101010101010AC
:103C9000100404040404040404040410101010109C
:103CA0001010414141414141010101010101010166
:103CB00001010101010101010101010110101010B8
:103CC0001010424242424242020202020202020238
:103CD000020202020202020202020202101010108C
:103CE00020000000000000000000000000000000B4
:103CF00000000000000000000000000000000000C4
:103D000000000000000000000000000000000000B3
:103D100000000000000000000000000000000000A3
:103D20000000000000000000000000000000000093
:103D30000000000000000000000000000000000083
:103D40000000000000000000000000000000000073
:103D50000000000000000000000000000000000063
:103D600000000000D8F800108CF70010D8F8001000
:103D700052F900108CF7001048F8001050F80010AD
:103D800050F8001050F8001050F8001050F80010D3
:103D900050F8001050F8001050F8001050F80010C3
:103DA0008CF700108CF700108CF700108CF70010C7
:103DB0008CF700108CF700108CF7001044F90010FD
:103DC0008CF700108CF700108CF7001006F900102B
:103DD000FCF800108CF700108CF7001098F8001019
:103DE0008CF700108CF700108CF700108CF7001087
:103DF00074F700108CF700108CF700108CF700108F
:103E00008CF700108CF70010E8F800108CF7001009
:103E10008CF700108CF700108CF70010F2F80010EF
:103E20008CF700108CF700108CF700108CF7001046
:103E30008CF700108CF700108CF7001044F900107C
:103E40008CF700108CF700108CF7001006F90010AA
:103E5000FCF800108CF700108CF7001098F8001098
:103E60008CF700108CF700108CF700108CF7001006
:103E700074F700108CF700108CF700108CF700100E
:103E80008CF700108CF70010E8F800108CF7001089
:103E90008CF700108CF700108CF70010F2F800106F
:103EA000F4010110E0010110E0010110E001011036
:103EB000E001011002030110E0010110E001011016
:103EC000E0010110E0010110E0010110E00101102A
:103ED000E0010110E0010110E0010110E00101101A
:103EE0005802011012020110E0010110E00101105E
:103EF000E0010110E001011012020110E0010110C7
:103F0000E0010110E0010110E0010110E2020110E6
:103F1000380201106C020110E0010110E0010110F3
:103F2000F4010110E001011038020110E00101105C
:103F3000E0010110DE020110050000001900000080
:103F40007D00000000000000BC89D897B2D29C3CE4
:103F500033A7A8D523F649393DA7F444FD0FA53270
:103F60009D978CCF08BA5B25436FAC642806C80ABE
:103F70000080E03779C34143176E05B5B5B8934665
:103F8000F5F93FE9034F384D321D30F94877825A31
:103F90003CBF737FDD4F1575000000000000F03F4F
:103FA0000000000000002440000000000000594014
:103FB0000000000000408F40000000000088C34067
:103FC00000000000006AF8400000000080842E41DC
:103FD00000000000D01263410000000084D7974128
:103FE0000000000065CDCD41000000205FA002422E
:103FF000000000E876483742000000A2941A6D42A3
:10400000000040E59C30A2420000901EC4BCD64295
:1040100000003426F56B0C430080E03779C3414340
:1040200000A0D8855734764300C84E676DC1AB43B6
:10403000003D9160E458E143408CB5781DAF1544D4
:1040400050EFE2D6E41A4B4492D54D06CFF08044AF
:10405000F64AE1C7022DB544B49DD9794378EA44C4
:10406000D02330B5802400251B061A68044BD200EB
:104070009B186404186859680019694103C330BD6E
:10408000B016002070B5D025FF232D062B6500F05B
:10409000BFFD01242B6D234209D000F081FD054BAB
:1040A0009842F7D1044B1C701A78002AFCD100F01A
:1040B0009FFD70BD2ED0DEC081240020D0230021C2
:1040C0001B0630B51C780568EFF3108372B62A68BA
:1040D000002AFCD0BFF35F8F057902687F2D06D9D7
:1040E0000471BFF35F8F116083F3108830BDBFF39D
:1040F0005F8F116083F3108820BFE4E7D02370B591
:1041000000251B061B785EB20468EFF3108272B6BE
:1041100021680029FCD0BFF35F8F04240457016895
:10412000B44201D0002C0ADA0371437901334371A0
:10413000BFF35F8F00230B6082F3108870BDBFF365
:104140005F8F0D6082F3108820BFDDE7030010B59C
:104150000068EFF3108472B60268002AFCD0BFF347
:104160005F8F04229A56002A0CDAD0220120120610
:1041700012681A711B68BFF35F8F00221A6084F304
:10418000108810BD002901D10020F3E70A60FBE789
:10419000F7B51F00D023050016001B061B6801930E
:1041A0002968EFF3108372B60A68002AFCD0BFF3C7
:1041B0005F8F297900242A687F2908D901992971FC
:1041C000BFF35F8F146083F310880120FEBDBFF33F
:1041D0005F8F146083F310883000390000F030FDE9
:1041E0000028DDD02000F1E7F8B50D00040000F054
:1041F0001FFDFA2206000F00002392002800002174
:1042000000F0EEFC02000B0092197B41002B02DA59
:104210000122034B52422000FFF7BAFFF8BDC0460F
:10422000FFFFFF7F0168EFF3108372B60A68002A70
:10423000FCD0BFF35F8FFF2202710268BFF35F8F74
:104240000021116083F3108840BF704710B50168EA
:10425000EFF3108272B60B68002BFCD0BFF35F8FB8
:1042600043790168013BDBB24371002B08D1FF2485
:104270000471BFF35F8F0B6082F3108840BF10BDE5
:10428000BFF35F8F00230B6082F31088F7E7F0B570
:1042900004261C001D00B4462E00264301D1180040
:1042A000F0BD002C0BD00227C6683E4207D0260086
:1042B0000836AE4203D90E78013C86600131002DEC
:1042C000EAD06746C6683E42EBD08668013D16706C
:1042D0000132E1E730B502240300881881420FD192
:1042E0000421D868084212D11021D8680842FCD1B4
:1042F0000421D86808420CD101211000196230BD98
:10430000DD682542FCD00D7801319D60E6E79868B4
:10431000E7E79868EDE7F0B504261C001D00B446F9
:104320002E00264301D11800F0BD002C09D0022731
:10433000C6683E4205D026000836AE4201D98160EB
:10434000013C002DECD06746C6683E42EDD0866841
:10435000013D16700132E3E7F0B504261C001D0094
:10436000B4462E00264301D11800F0BD002C0BD01E
:104370000227C6683E4207D026000836AE4203D95F
:104380000E88013C8660C919002DEAD06746C668D0
:104390003E42EBD08668013D16800232E1E7000024
:1043A000F0B587B0019104004078023804281BD88A
:1043B00000F0C0FB03B31237B50001215A4B1A7845
:1043C0008A431A701A7849188A431A7000225A7060
:1043D00004211A788A4306E0534B1A78D20724D571
:1043E000042219780A431A70504B1D686969EFF36B
:1043F000108372B60A68002AFCD0BFF35F8FAB61EE
:104400002100280000F0D4FB6A69AB69BFF35F8F1D
:104410000021116083F31088884206D061782078EB
:104420006CE0414B1A78D207D2D407B0F0BDAB4252
:1044300068D93F4B6A011B689B18002B66D1013578
:10444000EDB23C4B1B781A1DAA42F0DA364F3B788E
:104450005B072CD504223B7803AD93430021280051
:1044600008323B7000F0ACFB23782B7005236B7097
:104470002E4B1E687169EFF3108372B60A68002A2A
:10448000FCD0BFF35F8FB3612900300000F090FBD8
:104490007269B369BFF35F8F0021116083F31088E5
:1044A000884204D069782878019A00F0B9FBFB783B
:1044B000DB07BAD5237803AD2B7003236B706368D9
:1044C0006B601A4B1C686169EFF3108372B60A685F
:1044D000002AFCD0BFF35F8FA3612900200000F009
:1044E00067FB6269A369BFF35F8F0021116083F3EB
:1044F0001088884200D198E769782878019A00F0FE
:104500008FFB92E70C4AEB1A5B019B18DB69002BCF
:1045100095D020786168984791E7002591E7074A90
:104520001378013313705FE7872400204C1C0020B0
:1045300020190020822400200C3801109B25002027
:10454000084A10B51378002B0AD180230648074982
:104550005B051C68C45004338B42FAD101231370ED
:1045600010BDC0469C250020501C0010000100100A
:1045700010B5014B984710BD511C0020002310B509
:10458000011D064C9A00145901338C50062BF8D1AA
:10459000A0235B051B68036010BDC04604000240F9
:1045A000002330B5041D9A00A158054D0133515127
:1045B000062BF8D1A02302685B051A6030BDC04607
:1045C00004000240F0B5142518248DB02388009112
:1045D0000700294928881600984723880190274911
:1045E000288898472388264902902888984703906E
:1045F000FFF7A6FF05A8FFF7C1FF019B9847029BA5
:10460000984780231F489B000268103C5340C022FB
:10461000920013401C4AA4461360C0223300520586
:1046200034001C430ED1C02302689B009343164AFA
:104630001360039B9847FFF79BFF05A8FFF7B0FFA8
:104640000DB0F0BD65460221946A25400C4208D0A9
:10465000002E06D09C1B0D2C03D83C78013E14661E
:104660000137002DDCD0002BDAD00099146E013B0D
:104670000C7001310091D3E7494600004558000015
:10468000464300000C8001400C90014000231900BB
:1046900010B50948DA00121801339160D1600F2B70
:1046A000F7D1F02292000021044800F089FA044B6F
:1046B000044A1A6010BDC04600001050281E002099
:1046C000E821002080011050F0B500250126174B8D
:1046D00085B09F6D002F01D0202D01D105B0F0BD18
:1046E0003E421FD0124B6C089E6501236400AB4311
:1046F000E418104B6401E418200000F0FDF90028D4
:104700000FD0E38AE0210393002301A8A278C90017
:104710000180012102714371FFF742FE200000F089
:1047200083F9B74301357600EDB2D3E700001150AD
:1047300000301150E81D0020624BF0B51D68802349
:104740002C009B0285B01C401D422DD05E4B5F4C5F
:104750009A6A5F4B5F4F1A600023E27E022A07D1FC
:10476000A67E002E04D0237F002B00D0A0E03300D3
:104770004034BC42F1D1002B07D1574B1B78002BA2
:1047800003D18022554B92021A60C0226946544BD5
:1047900092009B6C80245B058A805B0D012101A83F
:1047A0000293FFF7FDFDA40210231D4202D01C431B
:1047B000FFF78AFF80235B021D4235D00226494F56
:1047C0001C43BB7E002B1AD000F0E2F9012806D969
:1047D000454B434A1E66536E3340B342FBD1C02261
:1047E00000213800920100F025F9380000F01CF992
:1047F00000F0CEF9012802D93C4B5E661E6601230B
:10480000FB7020379E4259D1C0236A46DB0093805B
:10481000374A02AB03CA03C3310001A8FFF7C0FD4A
:104820008022324B92021A6580235B011D4217D011
:1048300000272B4E1C433760FFF728FF80236A4672
:104840005B0093801772012101A8FFF7A9FD802268
:10485000264B12031A65F36CDB0301D500F0B8F99F
:104860008023DB011D420BD01C4380236A46DB0002
:104870009380012101A8FFF793FD10221B4B1A65BD
:1048800080231B021D420CD01C43A0236A46DB0080
:104890009380012101A8FFF783FD8022134B1201B1
:1048A0001A65AC420CD021001248694000F0A8F90A
:1048B00000232000237700F0E5F858E7012680E781
:1048C00005B0F0BD9800115000400540081E0020C2
:1048D000D01D002008220020842400209030115098
:1048E00000001150E81D0020002011500030115030
:1048F00000001050B22A01100300F0B51A8B808A14
:1049000094B2844200D9021CDD7892B2801A988257
:1049100028008024461EB041E40014434003204395
:1049200001246C40DC705C78002C0BD1DD688E01BA
:10493000AD191E69A2420FD11C69A2181A6180220A
:10494000120210439B8A002B02D18023DB01184303
:10495000002900D00004F0BD375D2F550134E9E790
:10496000074B1B6C9B0701D5002070478378DB0940
:10497000012BF9D1C07E023843425841F5E7C046C9
:104980000000115010B5FFF7EBFF00280AD0064BCE
:10499000064A9B6A064912685B189B1A0020C622C9
:1049A0009A42404110BDC04600400540D01D002045
:1049B000E0FCFFFF8368020030B51B68002900D0CF
:1049C0001B0C9B05980D5378002B08D1D38AC31874
:1049D000D382138B834201D90023938230BDD368E5
:1049E0008901591800231469984206D1D38AC31843
:1049F000D38213691B181361EBE7CD5CE5540133D7
:104A0000F2E710B50400836800211B68FFF7D2FFAE
:104A100063681B685B0006D5238B834203D10121A9
:104A20002000FFF7C7FF10BD0023837603614361B9
:104A30007047000010B58368002901D01C68214030
:104A4000002A15D08024E4001143224210D01A68B5
:104A5000224203D08178084800F0D2F8074A0A4081
:104A60001A60074B1B6C9B0702D40C23033BFDD23F
:104A70008368196010BDC046C62A0110FFFBFFFF06
:104A800000001150436870B50021802504001E68A5
:104A9000FFF732FF154B6D011A6C0543A37892079F
:104AA00019D4DB43DBB2DB09A28A002A19D0002B20
:104AB00017D101212000FFF71FFF0D4B05433340A5
:104AC000A026F6051E4363682A001E600021200010
:104AD000FFF7B0FF70BD7F2213405A1E9341DBB237
:104AE000E2E7044B1E4080239B05EBE700001150DA
:104AF000FFFFFFDFFFFFFFAF70B5847E0500002CD6
:104B000003D181780A4800F07BF8FFF77AFFAB8A7F
:104B1000002B07D02800FFF735FF041E04D0012327
:104B200000242B77200070BD2800FFF7ABFFF9E7CA
:104B3000E42A011002B4714649084900095C4900A1
:104B40008E4402BC7047C04603B471464908400019
:104B50004900095E49008E4403BC704703B47146A6
:104B6000490840004900095A49008E4403BC704777
:104B70007047C0469140030090409C46203A9340C5
:104B8000194352426346D340194370470000000066
:104B900001B40248844601BC604700BF01AB00106D
:104BA00001B40248844601BC604700BF5D8B001021
:104BB00001B40248844601BC604700BF65A20010F2
:104BC00001B40248844601BC604700BF118B00104D
:104BD00001B40248844601BC604700BFA5AA00108A
:104BE00001B40248844601BC604700BFCD8A001072
:104BF00001B40248844601BC604700BFDD59001083
:104C000001B40248844601BC604700BFF56500104E
:104C100001B40248844601BC604700BF0D5A001031
:104C200001B40248844601BC604700BFF18E001009
:104C300001B40248844601BC604700BFE572001021
:104C400001B40248844601BC604700BFE171001016
:104C5000010000000A000000100000000000000039
:104C60000000010000000000000000000000020041
:104C70000000000000000000000003000000000031
:104C80000000000000000400000000000000000020
:104C90000000050000000000000000000000FF0010
:104CA0000000000001B5486801318E46004770469B
:104CB00009380149884701BD3D6B00100000000024
:104CC000FFFFFFFFFFFFFF7F00000000000000006C
:104CD000000000000000000000000000301500206F
:104CE000008004400000000000400440000000007C
:104CF000503300004C3300005433000052330000A6
:104D00004D5300004D430000533400004334000075
:104D1000DB24002010000C00000000000000000058
:104D2000000000000000000000000000FF00000084
:104D3000940D002000000000D0130020401400203B
:104D4000B01400200000000000000000000000007F
:104D50000000000000000000000000000000000053
:104D60000000000000000000000000000000000043
:104D70000000000000000000000000000000000033
:104D80000000000003000000D013002043000000DA
:104D90000000000000000000000000000000000013
:104DA00000000000000000000000000043000000C0
:104DB00000000000000000000000000000000000F3
:104DC00000000000000000000000000043000000A0
:104DD00000000000000000000000000000000000D3
:104DE0000000000000000000000000004300000080
:104DF00000000000000000000000000000000000B3
:104E0000000000000000000000000000430000005F
:104E10000000000000000000000000000000000092
:104E2000000000000000000000000000430000003F
:104E30000000000000000000000000000000000072
:104E4000000000000000000000000000430000001F
:104E50000000000000000000000000000000000052
:104E600000000000000000000000000009F0001039
:104E70005113011000000000603C0110EC380110DB
:104E8000B8380110B8380110B8380110B83801101E
:104E9000B8380110B8380110B8380110B83801100E
:104EA000B8380110FFFFFFFFFFFFFFFFFFFFFFFF0D
:104EB000FFFF00000100415343494900000000008A
:104EC00000000000000000000000000000000000E2
:104ED0000000000000004153434949000000000069
:104EE00000000000000000000000000000000000C2
:104EF0000000000000000000FFFFFFFF00000200B4
:104F00000000000000000000600F0020600F002083
:104F1000680F0020680F0020700F0020700F002025
:104F2000780F0020780F0020800F0020800F0020D5
:104F3000880F0020880F0020900F0020900F002085
:104F4000980F0020980F0020A00F0020A00F002035
:104F5000A80F0020A80F0020B00F0020B00F0020E5
:104F6000B80F0020B80F0020C00F0020C00F002095
:104F7000C80F0020C80F0020D00F0020D00F002045
:104F8000D80F0020D80F0020E00F0020E00F0020F5
:104F9000E80F0020E80F0020F00F0020F00F0020A5
:104FA000F80F0020F80F0020001000200010002053
:104FB0000810002008100020101000201010002001
:104FC00018100020181000202010002020100020B1
:104FD0002810002028100020301000203010002061
:104FE0003810002038100020401000204010002011
:104FF00048100020481000205010002050100020C1
:105000005810002058100020601000206010002070
:105010006810002068100020701000207010002020
:1050200078100020781000208010002080100020D0
:105030008810002088100020901000209010002080
:105040009810002098100020A0100020A010002030
:10505000A8100020A8100020B0100020B0100020E0
:10506000B8100020B8100020C0100020C010002090
:10507000C8100020C8100020D0100020D010002040
:10508000D8100020D8100020E0100020E0100020F0
:10509000E8100020E8100020F0100020F0100020A0
:1050A000F8100020F810002000110020001100204E
:1050B00008110020081100201011002010110020FC
:1050C00018110020181100202011002020110020AC
:1050D000281100202811002030110020301100205C
:1050E000381100203811002040110020401100200C
:1050F00048110020481100205011002050110020BC
:10510000581100205811002060110020601100206B
:10511000681100206811002070110020701100201B
:1051200078110020781100208011002080110020CB
:10513000881100208811002090110020901100207B
:105140009811002098110020A0110020A01100202B
:10515000A8110020A8110020B0110020B0110020DB
:10516000B8110020B8110020C0110020C01100208B
:10517000C8110020C8110020D0110020D01100203B
:10518000D8110020D8110020E0110020E0110020EB
:10519000E8110020E8110020F0110020F01100209B
:1051A000F8110020F8110020001200200012002049
:1051B00008120020081200201012002010120020F7
:1051C00018120020181200202012002020120020A7
:1051D0002812002028120020301200203012002057
:1051E0003812002038120020401200204012002007
:1051F00048120020481200205012002050120020B7
:105200005812002058120020601200206012002066
:105210006812002068120020701200207012002016
:1052200078120020781200208012002080120020C6
:105230008812002088120020901200209012002076
:105240009812002098120020A0120020A012002026
:10525000A8120020A8120020B0120020B0120020D6
:10526000B8120020B8120020C0120020C012002086
:10527000C8120020C8120020D0120020D012002036
:10528000D8120020D8120020E0120020E0120020E6
:10529000E8120020E8120020F0120020F012002096
:1052A000F8120020F8120020001300200013002044
:1052B00008130020081300201013002010130020F2
:1052C00018130020181300202013002020130020A2
:1052D0002813002028130020301300203013002052
:1052E0003813002038130020401300204013002002
:1052F00048130020481300205013002050130020B2
:105300005813002058130020000000000000000087
:10531000000000000000000000000000000000008D
:10532000000000000000000000000000000000007D
:10533000000000000000000001000000000000006C
:10534000010000000000000000000000000000005C
:10535000010000000000000001000000000000004B
:08536000010000000000000044
:00000001FF
